Customer ID,TotalRevenue,NumberOfOrders,TotalItems
12346.0,77556.46,12,74285
12347.0,4921.53,8,2967
12348.0,2019.4,5,2714
12349.0,4428.69,4,1624
12350.0,334.4,1,197
12351.0,300.93,1,261
12352.0,2849.84,10,724
12353.0,406.76,2,212
12354.0,1079.4,1,530
12355.0,947.61,2,543
12356.0,6371.73,6,3416
12357.0,18287.66,3,6587
12358.0,3887.07,5,1079
12359.0,8873.39,10,2739
12360.0,4252.89,8,2459
12361.0,511.25,4,235
12362.0,5356.23,11,2230
12363.0,552.0,2,408
12364.0,1313.1,4,1506
12365.0,641.38,2,174
12366.0,500.24,1,296
12367.0,168.9,1,173
12368.0,917.6999999999999,1,330
12369.0,1791.15,3,1241
12370.0,4316.56,7,2604
12371.0,4067.38,5,1436
12372.0,1298.04,3,794
12373.0,1127.65,3,516
12374.0,2989.2200000000003,4,1362
12375.0,457.5,2,178
12376.0,503.15,2,240
12377.0,3426.32,4,2105
12378.0,5416.32,2,3316
12379.0,1620.22,4,815
12380.0,9676.300000000001,11,3355
12381.0,1845.31,5,808
12383.0,1850.56,5,1532
12384.0,585.27,2,126
12385.0,1938.4,1,612
12386.0,401.9,2,354
12387.0,143.94,1,134
12388.0,3901.11,8,2001
12389.0,1433.33,3,614
12390.0,549.84,1,353
12391.0,2724.84,6,1204
12392.0,234.75000000000003,1,73
12393.0,2399.4500000000003,6,1311
12394.0,1272.48,2,819
12395.0,4721.17,15,3205
12396.0,931.43,1,591
12397.0,2409.9,2,1263
12398.0,1635.6599999999999,1,1394
12399.0,1962.3,7,2198
12400.0,205.25,1,91
12401.0,84.3,1,11
12402.0,1256.9,6,584
12403.0,1019.36,2,260
12404.0,63.24,1,1
12405.0,1710.39,1,857
12406.0,6390.36,5,3416
12407.0,1708.1200000000001,5,1416
12408.0,4340.7699999999995,8,2229
12409.0,23419.29,7,13143
12410.0,1013.71,3,341
12411.0,346.9,1,138
12412.0,2596.93,6,1997
12413.0,999.45,4,319
12414.0,952.41,6,495
12415.0,144458.37,28,91447
12416.0,202.56,1,132
12417.0,6797.41,20,2884
12418.0,2021.2,4,1088
12419.0,503.01,2,231
12420.0,600.39,1,345
12421.0,1098.6,6,652
12422.0,5231.8,17,2596
12423.0,2622.39,10,1793
12424.0,3340.03,4,2025
12425.0,1741.41,2,1147
12426.0,1345.21,2,584
12427.0,825.8,3,533
12428.0,7956.46,9,3536
12429.0,6204.41,8,2890
12430.0,256.4,1,117
12431.0,10432.22,27,4600
12432.0,5059.32,5,1801
12433.0,16794.14,10,13534
12434.0,1103.43,3,532
12435.0,13925.93,6,4958
12436.0,509.01,1,211
12437.0,12683.4,39,8000
12438.0,2906.85,2,1180
12439.0,1142.88,2,478
12440.0,859.2,2,331
12441.0,173.55,1,121
12442.0,172.06,1,182
12443.0,485.31,1,182
12444.0,5005.46,5,1153
12445.0,434.98,2,206
12446.0,1002.3100000000001,1,351
12447.0,476.49,1,190
12448.0,449.45,1,243
12449.0,4835.89,6,2282
12450.0,688.2,5,442
12451.0,12669.88,8,9359
12452.0,430.57,2,185
12453.0,707.09,1,473
12454.0,16679.78,5,7703
12455.0,5879.95,10,3302
12456.0,3181.04,3,1633
12457.0,2995.91,8,1094
12458.0,1777.49,4,986
12459.0,454.36,1,258
12460.0,326.65,1,170
12461.0,826.88,2,287
12462.0,1189.59,2,536
12463.0,1344.78,4,776
12464.0,1212.05,8,112
12465.0,742.1899999999999,2,479
12466.0,56.73,1,1
12467.0,132.8,1,129
12468.0,3670.74,5,2201
12469.0,3070.54,2,2552
12470.0,211.95,1,95
12471.0,39918.19,79,16858
12472.0,16249.289999999999,19,10378
12473.0,3928.0499999999997,5,2414
12474.0,12372.75,31,7940
12475.0,1149.64,2,771
12476.0,14083.91,23,5631
12477.0,20276.37,9,6119
12478.0,680.99,1,236
12479.0,527.2,1,385
12480.0,5464.85,7,2952
12481.0,12185.51,15,7158
12482.0,23691.4,29,27042
12483.0,5097.18,19,2160
12484.0,6354.1,12,3266
12485.0,708.1,1,414
12486.0,1037.28,1,523
12487.0,285.29999999999995,1,174
12488.0,1298.66,3,529
12489.0,334.93,1,105
12490.0,9823.64,21,5906
12491.0,460.40000000000003,1,260
12492.0,715.21,3,444
12493.0,433.74,2,207
12494.0,1815.27,9,979
12495.0,357.4,1,130
12496.0,45.34,2,30
12497.0,6248.5,3,5685
12498.0,403.70000000000005,3,159
12499.0,393.72,1,302
12500.0,5955.21,19,3377
12501.0,2169.39,1,1783
12502.0,3723.87,5,820
12503.0,1126.0,1,561
12504.0,779.05,4,458
12505.0,955.2,1,324
12506.0,73.5,1,23
12507.0,1844.06,4,1256
12508.0,397.88,2,271
12509.0,176.5,1,55
12510.0,5178.02,9,2049
12511.0,3084.02,1,1753
12512.0,132.18,2,96
12513.0,612.29,1,462
12514.0,1597.76,2,840
12515.0,383.7,1,131
12516.0,2648.62,4,1952
12517.0,2481.6,5,1361
12518.0,2056.89,5,1318
12519.0,716.54,2,387
12520.0,2634.26,5,1439
12521.0,599.68,1,309
12522.0,192.72,2,194
12523.0,4352.35,23,2263
12524.0,11126.11,17,7178
12525.0,973.73,3,509
12526.0,1316.66,3,632
12527.0,735.51,5,526
12528.0,1933.48,6,756
12529.0,316.48,1,192
12530.0,3759.26,9,2713
12531.0,1933.2,2,1119
12532.0,349.83000000000004,1,153
12533.0,1367.89,2,704
12534.0,1089.18,1,651
12535.0,716.35,2,219
12536.0,12601.830000000002,3,2803
12537.0,732.94,1,449
12538.0,640.45,2,336
12539.0,11214.75,7,4535
12540.0,22254.49,33,11019
12541.0,981.18,3,680
12542.0,481.88,2,522
12543.0,980.25,1,688
12544.0,372.7,1,136
12545.0,1000.39,2,523
12546.0,1161.5,2,633
12547.0,383.58,3,309
12548.0,95.19999999999999,1,49
12549.0,1575.68,6,1366
12550.0,964.83,1,569
12551.0,168.0,1,100
12552.0,437.82,2,88
12553.0,4608.75,12,2325
12554.0,468.5,1,240
12555.0,129.23,1,1
12556.0,599.56,2,355
12557.0,18096.14,8,6382
12558.0,269.96,1,196
12559.0,561.71,2,283
12560.0,2134.01,3,1110
12561.0,238.85,1,177
12562.0,4966.92,9,2327
12563.0,249.24,1,113
12564.0,456.9,1,133
12565.0,145.92,1,80
12566.0,351.65,1,265
12567.0,11767.48,15,5308
12568.0,70.0,1,48
12569.0,4124.69,32,1801
12570.0,77.52,1,1
12571.0,519.61,2,523
12572.0,1020.42,2,452
12573.0,717.41,5,479
12574.0,218.45,1,61
12575.0,622.8199999999999,2,315
12576.0,2142.72,8,1494
12577.0,1617.1,8,1191
12578.0,4642.45,4,2380
12579.0,440.42,1,285
12580.0,1052.9,2,569
12581.0,197.71,1,161
12582.0,1980.4,4,985
12583.0,13591.58,27,8535
12584.0,2338.15,9,416
12585.0,2040.1,2,1279
12586.0,2062.67,4,687
12587.0,144.0,1,51
12588.0,958.78,4,438
12589.0,4695.66,8,1764
12590.0,9864.26,2,4283
12591.0,1338.95,3,653
12592.0,2582.66,5,1875
12593.0,418.09999999999997,3,206
12594.0,5090.110000000001,15,2768
12595.0,299.02,1,271
12596.0,618.27,2,474
12597.0,3811.22,4,2236
12598.0,4534.09,11,2906
12599.0,2296.72,13,2189
12600.0,4967.42,21,1383
12601.0,681.26,6,290
12602.0,153.12,1,162
12603.0,739.1999999999999,1,63
12604.0,254.18,2,201
12605.0,1232.95,4,929
12606.0,21.0,1,1
12607.0,1579.51,1,1228
12608.0,415.79,1,323
12609.0,3435.86,9,1553
12610.0,2099.54,5,1049
12611.0,1193.32,1,846
12612.0,704.0400000000001,1,262
12613.0,6817.37,10,4157
12614.0,315.6,1,76
12615.0,5740.98,8,3317
12616.0,1131.1,3,498
12617.0,352.98,1,210
12618.0,177.31,1,96
12619.0,3781.38,10,3518
12620.0,1339.41,3,1181
12621.0,24311.2,35,13706
12622.0,180.1,1,69
12623.0,3747.84,7,1971
12624.0,641.13,2,355
12625.0,5164.88,4,3309
12626.0,6620.48,9,3453
12627.0,4478.53,7,2752
12628.0,786.46,3,448
12629.0,1558.22,2,722
12630.0,1270.88,2,548
12631.0,3481.57,6,1607
12632.0,804.88,2,694
12633.0,5678.16,7,3238
12634.0,490.0,2,337
12635.0,2930.41,4,1949
12636.0,141.0,1,1
12637.0,8283.81,12,4257
12638.0,921.49,2,663
12639.0,1312.37,3,631
12640.0,1174.58,3,311
12641.0,185.9,1,72
12642.0,1013.26,3,552
12643.0,8304.82,12,4665
12644.0,1918.49,4,1032
12645.0,3539.3,8,2125
12646.0,1346.97,2,897
12647.0,16955.55,36,6633
12648.0,1112.0,4,518
12649.0,2294.65,8,1959
12650.0,314.44,1,254
12651.0,377.75,4,265
12652.0,1017.03,2,536
12653.0,4160.83,3,1681
12654.0,601.98,5,264
12655.0,261.35,1,80
12656.0,6407.83,8,2860
12657.0,1643.18,4,1044
12658.0,686.05,1,320
12659.0,91.68,1,105
12660.0,245.1,1,127
12661.0,162.0,1,216
12662.0,6726.54,20,3424
12663.0,239.4,2,181
12664.0,6070.04,11,1495
12665.0,313.6,3,165
12666.0,1248.42,1,370
12667.0,620.13,1,395
12668.0,11383.03,10,5049
12669.0,2744.0299999999997,3,1115
12670.0,3760.29,7,1627
12671.0,2622.481,1,1460
12672.0,437.05,2,138
12673.0,1230.02,3,700
12674.0,1970.6,4,1133
12675.0,957.25,2,336
12676.0,2843.09,11,1867
12677.0,395.1,2,176
12678.0,34281.18,21,22372
12679.0,1113.02,4,554
12680.0,880.81,4,444
12681.0,29834.76,45,17011
12682.0,22950.22,52,10522
12683.0,11633.7,21,7019
12684.0,2283.63,7,1985
12685.0,2863.08,6,1523
12686.0,89.14,1,107
12687.0,2138.91,2,1403
12688.0,4873.8099999999995,1,3028
12689.0,1247.61,2,628
12690.0,389.01,1,106
12691.0,1170.4,7,445
12692.0,110.95,1,36
12693.0,1703.02,7,536
12694.0,1843.35,3,1355
12695.0,1407.1200000000001,7,454
12696.0,851.91,2,564
12697.0,957.59,3,508
12698.0,339.75,1,111
12699.0,638.11,1,373
12700.0,4939.99,4,2967
12701.0,2446.41,6,1727
12702.0,219.0,1,53
12703.0,1006.53,4,595
12704.0,2340.84,8,1006
12705.0,11762.1,14,7188
12707.0,603.42,1,256
12708.0,5117.66,18,2432
12709.0,30291.76,34,13772
12710.0,1149.02,3,851
12711.0,1339.05,2,770
12712.0,6723.03,21,2205
12713.0,848.55,1,508
12714.0,14093.71,12,8774
12715.0,343.36,1,192
12716.0,1053.49,2,708
12717.0,1308.91,3,600
12718.0,238.25,1,203
12719.0,644.95,2,374
12720.0,7787.28,30,6018
12721.0,4013.08,8,2655
12722.0,997.63,4,566
12723.0,725.07,5,434
12724.0,2317.52,7,1379
12725.0,2266.76,4,1142
12726.0,4014.6,11,4618
12727.0,5679.53,10,2832
12728.0,1070.17,5,543
12729.0,453.01,1,233
12730.0,829.25,1,234
12731.0,25775.71,17,11641
12732.0,236.26000000000002,1,111
12733.0,2424.87,4,896
12734.0,639.65,3,265
12735.0,779.5699999999999,2,368
12736.0,234.0,1,173
12737.0,3710.5,2,2
12738.0,155.35,1,148
12739.0,2726.73,4,951
12740.0,427.6,1,342
12741.0,406.07,2,214
12742.0,1201.52,1,1359
12743.0,540.13,2,315
12744.0,25317.06,11,6994
12745.0,925.41,3,468
12746.0,254.55,1,97
12747.0,8898.48,26,2640
12748.0,53539.64,336,37109
12749.0,6897.36,9,2360
12750.0,275.88,1,137
12751.0,268.27,1,189
12752.0,4366.78,1,2262
12753.0,21429.39,6,11421
12754.0,3010.74,3,6481
12755.0,5236.259999999999,11,2293
12756.0,112.07999999999998,1,144
12757.0,7834.650000000001,13,2395
12758.0,9903.24,7,6155
12759.0,5020.74,8,3202
12760.0,347.8,1,198
12761.0,782.95,2,281
12762.0,1898.52,2,1227
12763.0,494.08,2,316
12764.0,1693.88,1,386
12765.0,1404.58,6,1009
12766.0,8918.99,9,5022
12767.0,949.82,1,598
12768.0,168.69000000000003,1,102
12769.0,1143.6,1,356
12770.0,3246.45,2,1843
12771.0,282.3,1,104
12772.0,892.47,1,556
12773.0,124.25,1,109
12774.0,98.7,1,53
12775.0,1686.12,7,1083
12776.0,55.5,1,46
12777.0,519.45,1,458
12778.0,1775.68,9,1735
12779.0,6474.11,14,3501
12780.0,337.4,1,285
12781.0,826.74,2,671
12782.0,4618.24,11,2017
12783.0,2225.91,6,624
12784.0,1763.15,3,862
12785.0,1100.4,3,453
12786.0,728.5,1,324
12787.0,862.18,4,510
12788.0,444.9,4,194
12789.0,273.35,3,36
12790.0,591.85,2,306
12791.0,863.51,6,353
12792.0,827.01,2,394
12793.0,885.53,3,461
12794.0,860.41,2,592
12795.0,430.48,1,68
12796.0,381.0,1,182
12797.0,552.08,2,215
12798.0,8510.93,4,8455
12799.0,219.35,1,137
12800.0,584.25,3,284
12801.0,1071.82,1,505
12802.0,2416.42,7,1972
12803.0,1092.81,1,872
12804.0,325.37,2,270
12805.0,1434.95,4,593
12806.0,2878.96,4,2087
12807.0,330.35,1,145
12808.0,776.7,5,322
12809.0,1755.94,3,518
12810.0,534.99,2,389
12811.0,1033.9,5,435
12812.0,229.64000000000001,1,164
12813.0,1687.8,3,1141
12814.0,125.92,1,49
12815.0,1063.46,2,379
12816.0,572.2,2,128
12817.0,690.98,3,219
12818.0,1542.08,1,929
12819.0,540.52,1,344
12820.0,2689.52,11,1964
12821.0,220.8,2,162
12822.0,948.88,2,550
12823.0,6501.5,18,930
12824.0,397.12,1,232
12825.0,518.63,2,139
12826.0,2800.75,12,1915
12827.0,430.15000000000003,3,197
12828.0,1018.71,6,494
12829.0,385.3,3,550
12830.0,6814.64,6,9848
12831.0,451.11,3,303
12832.0,383.03,2,195
12833.0,417.38,1,156
12834.0,312.38,1,110
12835.0,5996.83,41,2349
12836.0,6559.7300000000005,15,2231
12837.0,662.66,2,194
12838.0,2975.91,10,1606
12839.0,9669.12,26,6578
12840.0,4041.97,7,2258
12841.0,6958.2,40,5008
12842.0,1917.99,4,887
12843.0,6583.36,30,3028
12844.0,648.6,4,223
12845.0,354.09,4,204
12846.0,15.58,1,1
12847.0,1609.0,2,1497
12848.0,208.0,1,58
12849.0,3042.47,6,1855
12850.0,330.0,1,200
12851.0,280.76,2,157
12852.0,311.55,1,149
12853.0,3907.5,11,1668
12854.0,2970.9700000000003,7,1630
12855.0,612.84,4,240
12856.0,2170.78,6,1076
12857.0,3688.0,6,1420
12858.0,147.27,1,51
12859.0,575.1,1,292
12860.0,54.22,1,26
12861.0,68.25,1,27
12862.0,984.62,2,611
12863.0,2792.5499999999997,6,895
12864.0,299.57,2,447
12865.0,3323.47,4,1973
12866.0,1227.35,3,553
12867.0,7829.26,13,7876
12868.0,2043.76,8,1170
12869.0,337.66999999999996,1,144
12870.0,1676.95,3,906
12871.0,744.02,3,484
12872.0,3283.96,12,1642
12873.0,2027.3,3,786
12874.0,948.42,2,623
12875.0,1356.99,5,5187
12876.0,4081.79,4,3047
12877.0,2942.14,20,2237
12878.0,854.99,2,547
12879.0,573.22,3,370
12880.0,640.13,2,279
12881.0,298.0,1,21
12882.0,1463.04,2,246
12883.0,703.47,4,196
12884.0,309.05,1,43
12885.0,1175.22,3,655
12886.0,1378.4,2,770
12887.0,222.4,1,100
12888.0,354.12,2,76
12889.0,385.46000000000004,4,124
12890.0,706.02,2,457
12891.0,840.5,11,2325
12892.0,263.38,1,140
12893.0,176.55,1,90
12894.0,157.35,1,33
12895.0,372.8,2,210
12897.0,514.25,4,249
12898.0,296.21000000000004,2,235
12899.0,366.4,1,108
12900.0,340.33,1,139
12901.0,17654.54,28,23075
12902.0,138.68,1,66
12903.0,833.53,1,493
12904.0,496.06,2,294
12905.0,1018.42,2,532
12906.0,2919.81,5,1749
12907.0,508.91,2,177
12908.0,1776.0,5,3000
12909.0,3103.19,8,1948
12910.0,5796.52,13,3632
12911.0,1651.72,1,807
12912.0,1662.3,5,670
12913.0,6283.24,13,3086
12914.0,223.98,1,336
12915.0,975.1,4,411
12916.0,4479.73,7,1681
12917.0,4359.2,6,1104
12918.0,10953.5,1,1
12919.0,1335.19,6,673
12920.0,486.64,4,420
12921.0,35233.24,74,21328
12922.0,405.38,1,370
12923.0,770.42,3,230
12924.0,2469.4,12,1423
12925.0,729.3299999999999,3,649
12926.0,1523.97,4,754
12927.0,197.31,1,145
12928.0,4304.89,12,2899
12929.0,117.85,1,37
12930.0,415.8,2,252
12931.0,92347.34,57,62906
12932.0,1698.56,8,1609
12933.0,1636.6299999999999,8,949
12934.0,181.65,1,31
12935.0,4243.86,15,3201
12936.0,1063.9,4,559
12937.0,3097.61,9,1983
12938.0,114.14,1,140
12939.0,25264.8,20,10328
12940.0,899.69,2,404
12941.0,377.49,1,381
12942.0,675.6,3,198
12943.0,496.5,2,222
12944.0,604.51,2,289
12945.0,900.11,2,446
12946.0,324.45,1,149
12947.0,1603.99,6,1165
12948.0,2317.43,9,1304
12949.0,15526.7,22,8233
12950.0,1843.0,3,1380
12951.0,3213.7200000000003,15,1662
12952.0,1387.79,4,653
12953.0,828.8100000000001,2,364
12954.0,162.45,1,83
12955.0,4757.16,11,3664
12956.0,521.89,4,340
12957.0,8706.97,13,4686
12958.0,467.34,2,118
12959.0,150.95,1,109
12960.0,1322.07,4,1379
12961.0,211.99,1,180
12962.0,266.39,2,129
12963.0,3235.79,12,1637
12964.0,132.24,1,56
12965.0,769.8100000000001,1,282
12966.0,160.18,1,75
12967.0,2938.52,3,912
12968.0,135.95,1,73
12969.0,122.45,1,55
12970.0,1453.6,10,954
12971.0,15704.6,116,14306
12972.0,1161.2,4,844
12973.0,385.55,1,31
12974.0,408.95,2,104
12975.0,2100.09,6,911
12976.0,3156.38,8,2684
12977.0,513.88,4,128
12978.0,2502.82,5,1394
12979.0,517.7,1,520
12980.0,16245.78,21,1910
12981.0,372.21999999999997,2,242
12982.0,2744.81,8,1729
12983.0,490.08000000000004,1,638
12984.0,97.5,1,26
12985.0,1239.38,2,1533
12986.0,2729.84,10,1164
12987.0,1312.21,5,585
12988.0,505.82,1,126
12989.0,13551.75,33,6935
12990.0,955.5,7,480
12991.0,764.82,3,483
12992.0,93.35000000000001,1,21
12993.0,1259.6299999999999,8,751
12994.0,974.4200000000001,3,459
12995.0,211.32,1,108
12996.0,355.5,1,122
12997.0,2110.91,8,1186
12998.0,920.08,3,1124
12999.0,455.88,3,342
13000.0,1032.5,4,548
13001.0,24042.65,33,13448
13002.0,414.13,3,201
13003.0,149.05,3,103
13004.0,11650.85,36,8768
13005.0,999.68,4,462
13006.0,81.57,1,55
13007.0,175.25,1,59
13008.0,612.13,3,379
13009.0,234.0,1,120
13010.0,330.12,2,323
13011.0,50.550000000000004,1,13
13012.0,2957.83,11,1559
13013.0,11097.43,29,5661
13014.0,5381.08,11,1979
13015.0,6579.78,11,3527
13016.0,789.89,3,527
13017.0,204.0,1,48
13018.0,9763.16,35,6746
13019.0,1229.95,6,397
13020.0,618.96,2,278
13021.0,4887.24,17,2546
13022.0,65.3,1,35
13023.0,1449.03,3,585
13024.0,555.87,2,181
13025.0,323.39,1,241
13026.0,1733.08,9,2466
13027.0,17239.2,19,42840
13028.0,661.3199999999999,2,798
13029.0,1927.3,5,194
13030.0,752.4399999999999,2,348
13031.0,3292.84,5,2309
13032.0,2815.96,9,1274
13033.0,220.55,2,98
13034.0,756.82,3,406
13035.0,1364.2,3,926
13036.0,307.1,1,38
13037.0,3914.9500000000003,12,2130
13038.0,908.46,3,360
13039.0,1010.73,4,290
13040.0,676.99,2,355
13041.0,799.13,4,335
13042.0,1488.59,3,812
13043.0,516.42,1,254
13044.0,4848.05,11,2548
13045.0,808.92,3,405
13046.0,949.25,3,505
13047.0,8428.53,24,3328
13048.0,4049.13,9,2661
13049.0,1408.24,4,620
13050.0,11986.52,35,7015
13051.0,155.8,2,72
13052.0,3119.33,7,1424
13053.0,127.65,1,47
13055.0,2321.11,4,1821
13056.0,209.48,1,158
13057.0,709.59,3,456
13058.0,271.40000000000003,3,52
13059.0,2291.77,10,860
13060.0,307.53,1,123
13061.0,248.61,1,107
13062.0,346.98,1,343
13063.0,188.4,1,116
13064.0,1666.8400000000001,6,668
13065.0,1055.05,5,381
13066.0,470.8,2,322
13067.0,508.51,3,131
13068.0,344.0,2,200
13069.0,9284.45,38,15171
13070.0,751.7,4,372
13071.0,129.22,1,30
13072.0,177.15,1,69
13073.0,418.08,2,261
13074.0,1378.74,4,826
13075.0,919.61,1,485
13076.0,135.4,1,44
13077.0,2740.65,11,2468
13078.0,29018.06,57,12032
13079.0,419.18,6,158
13080.0,280.73,4,193
13081.0,56838.37,28,40077
13082.0,7335.75,21,8466
13083.0,395.43,3,307
13084.0,122.39999999999999,1,144
13085.0,2433.28,8,944
13086.0,439.33000000000004,1,155
13087.0,313.64,1,86
13088.0,236.11,1,76
13089.0,113416.91,203,58932
13090.0,13091.74,24,3247
13091.0,2321.82,3,1339
13092.0,2140.28,12,664
13093.0,54144.25,55,25971
13094.0,2209.44,13,1896
13095.0,74.39999999999999,1,144
13096.0,419.70000000000005,1,6
13097.0,13324.1,28,5345
13098.0,28882.44,28,15968
13099.0,207.35999999999999,1,288
13101.0,695.4,4,478
13102.0,11380.1,37,6366
13103.0,709.64,3,426
13104.0,1709.1,9,834
13105.0,72.0,1,100
13106.0,603.46,2,231
13107.0,5253.07,9,4316
13108.0,748.46,2,745
13109.0,1134.03,3,757
13110.0,2957.4700000000003,12,763
13111.0,321.88000000000005,1,180
13112.0,20.6,1,11
13113.0,18230.07,37,4435
13114.0,234.38,1,74
13115.0,5494.7,10,3934
13116.0,501.14,1,291
13117.0,2255.66,18,1852
13118.0,2415.41,9,834
13119.0,134.9,1,110
13120.0,30.599999999999998,1,12
13121.0,283.73,1,252
13122.0,922.39,2,585
13123.0,506.75,2,268
13124.0,4641.66,4,2738
13125.0,148.62,1,53
13126.0,3774.81,13,3289
13127.0,259.17,1,127
13128.0,263.5,1,31
13129.0,233.25,2,296
13130.0,64.0,1,32
13131.0,3313.77,7,1523
13132.0,77.3,1,20
13133.0,200.45000000000002,3,55
13134.0,2475.23,6,1364
13135.0,3371.45,2,4423
13136.0,6274.56,13,3109
13137.0,7586.94,16,4238
13138.0,1274.01,7,593
13139.0,8202.98,8,4614
13140.0,1054.92,5,572
13141.0,7656.08,17,5159
13142.0,307.09,1,258
13143.0,405.1,1,198
13144.0,135.35,2,29
13145.0,1128.52,7,265
13146.0,228.91,1,154
13147.0,712.8000000000001,4,144
13148.0,8497.82,26,4487
13149.0,1676.06,4,1280
13150.0,449.96999999999997,3,171
13151.0,2465.21,3,813
13152.0,2146.38,7,977
13153.0,486.22,1,418
13154.0,1624.84,3,976
13155.0,1370.48,6,741
13156.0,1586.54,3,914
13157.0,5687.36,9,4762
13158.0,1508.18,5,992
13159.0,1429.35,4,1058
13160.0,91.8,1,56
13161.0,472.13,2,105
13162.0,9275.49,16,5755
13163.0,17.65,1,3
13164.0,372.2,2,120
13165.0,1451.16,3,1736
13166.0,875.93,2,522
13167.0,1125.15,5,1007
13168.0,1840.73,5,898
13169.0,840.08,3,296
13170.0,108.81,1,141
13171.0,468.41,3,229
13172.0,69.6,1,48
13173.0,2399.82,11,1481
13174.0,7995.36,12,3794
13175.0,831.45,2,423
13176.0,481.49,1,448
13177.0,512.2,2,180
13178.0,14059.19,21,8778
13179.0,572.3100000000001,1,368
13180.0,86.10000000000001,1,42
13181.0,359.69,1,171
13182.0,121.18,1,201
13183.0,7036.18,15,4027
13184.0,1668.95,10,1662
13185.0,71.4,1,12
13186.0,1575.89,3,820
13187.0,341.36,4,296
13188.0,114.60000000000001,1,25
13189.0,260.68,2,842
13190.0,570.66,3,308
13191.0,164.69,1,115
13192.0,2558.58,6,1629
13193.0,112.08,1,46
13194.0,472.78,2,326
13195.0,136.73,1,70
13196.0,3068.84,7,2006
13197.0,373.01000000000005,1,204
13198.0,4974.2300000000005,8,3449
13199.0,15964.210000000001,67,11567
13200.0,870.09,4,516
13201.0,1233.06,4,1036
13202.0,1580.3,7,572
13203.0,2648.25,10,2413
13204.0,966.6600000000001,1,428
13205.0,2803.2,1,256
13206.0,8308.19,13,7086
13207.0,535.86,4,178
13208.0,1976.3,9,1343
13209.0,8509.51,13,5781
13210.0,353.48,1,316
13211.0,2618.77,10,1845
13212.0,786.83,3,309
13213.0,3851.52,11,2962
13214.0,3264.23,7,2966
13215.0,81.6,1,96
13216.0,333.74,1,297
13217.0,666.48,4,512
13218.0,62.63999999999999,1,88
13219.0,76.23,1,11
13220.0,1336.0900000000001,5,396
13221.0,847.41,2,244
13222.0,88.5,1,30
13223.0,969.1200000000001,6,568
13224.0,2155.95,2,1518
13225.0,16260.07,16,7401
13226.0,312.46,2,179
13227.0,257.7,1,99
13228.0,358.0,1,200
13229.0,160.95,1,63
13230.0,6120.01,30,3520
13232.0,1328.35,7,773
13233.0,1176.46,4,1604
13234.0,346.5,2,159
13235.0,1031.07,1,441
13236.0,744.85,2,416
13237.0,643.0,1,128
13238.0,1006.63,6,442
13239.0,1594.69,5,1151
13240.0,1475.79,8,709
13241.0,112.53,1,46
13242.0,699.4,7,350
13243.0,1220.38,5,554
13244.0,121.74000000000001,1,38
13245.0,989.22,2,371
13246.0,3351.75,11,2796
13247.0,501.12,4,328
13248.0,465.68,2,305
13249.0,1608.93,9,1246
13250.0,253.09,2,107
13251.0,252.68,1,215
13252.0,399.3,2,134
13253.0,2951.11,4,3015
13254.0,51.410000000000004,1,43
13255.0,678.76,3,407
13257.0,149.75,1,33
13258.0,1009.43,5,446
13259.0,1402.54,9,503
13260.0,557.62,1,142
13261.0,944.1,2,210
13262.0,573.45,3,247
13263.0,8676.2,39,5372
13264.0,722.5600000000001,1,375
13265.0,2092.66,5,1740
13266.0,6135.04,19,6837
13267.0,9429.81,36,3959
13268.0,3174.75,11,3624
13269.0,8537.32,28,6366
13270.0,590.0,1,200
13271.0,211.49,1,240
13272.0,276.56,2,96
13273.0,138.98,1,153
13274.0,360.85,1,199
13275.0,238.86,2,138
13276.0,1891.91,5,840
13277.0,523.3,7,382
13278.0,1435.85,4,1358
13279.0,137.75,1,73
13280.0,2293.33,7,1489
13281.0,350.85,1,201
13282.0,1313.19,4,410
13283.0,373.36,4,204
13284.0,201.19,1,91
13285.0,3364.59,6,2457
13286.0,734.91,1,274
13287.0,781.59,3,429
13288.0,927.61,5,379
13289.0,307.95,1,119
13290.0,208.63,1,1
13291.0,3270.79,11,1600
13292.0,994.51,5,530
13293.0,1192.94,6,555
13294.0,1689.53,3,996
13295.0,1101.97,4,733
13296.0,792.51,6,653
13297.0,4368.62,7,2694
13298.0,360.0,1,96
13299.0,1218.7,3,416
13300.0,1285.51,3,455
13301.0,618.09,4,345
13302.0,159.2,2,12
13303.0,61.72,1,26
13304.0,1217.99,4,716
13305.0,3616.41,16,2228
13306.0,53.65,1,74
13307.0,273.34,3,140
13308.0,1670.3700000000001,4,1073
13309.0,1706.3700000000001,6,1914
13310.0,1541.2,5,816
13311.0,598.57,2,305
13312.0,124.75,1,41
13313.0,3445.32,12,2308
13314.0,775.94,3,560
13315.0,310.26,1,232
13316.0,12940.82,10,19931
13317.0,6486.091,19,3149
13318.0,640.76,3,304
13319.0,21323.22,58,8974
13320.0,2211.6,6,1509
13321.0,567.36,2,372
13322.0,199.48000000000002,1,117
13323.0,787.85,5,175
13324.0,10513.47,18,8448
13325.0,675.3,1,240
13326.0,281.76,1,140
13327.0,9134.48,20,4203
13328.0,1308.48,1,680
13329.0,4808.77,8,3311
13330.0,2796.1,6,1951
13331.0,262.4,1,54
13332.0,350.9,1,179
13333.0,1015.74,3,685
13334.0,6201.8,5,3198
13336.0,795.12,1,559
13337.0,1575.26,1,980
13338.0,2445.62,4,1151
13339.0,860.12,1,326
13340.0,22100.56,12,9636
13341.0,775.85,1,301
13343.0,353.43,1,135
13344.0,2511.69,3,952
13345.0,389.5,1,141
13346.0,299.4,6,180
13347.0,341.36,1,205
13348.0,233.76,1,136
13349.0,247.32,1,225
13350.0,979.12,2,287
13351.0,373.94,1,117
13352.0,397.97999999999996,1,321
13354.0,743.53,1,604
13355.0,674.7,1,314
13356.0,768.24,1,325
13357.0,3805.5099999999998,5,2112
13358.0,439.03,1,285
13359.0,1043.31,2,381
13360.0,1553.65,4,942
13361.0,1450.5,2,324
13362.0,5394.07,7,2481
13363.0,1723.86,3,1146
13364.0,134.95999999999998,1,71
13365.0,2225.37,2,1247
13366.0,56.160000000000004,1,144
13367.0,510.20000000000005,1,253
13368.0,1121.5,4,606
13369.0,308.28000000000003,1,149
13370.0,754.87,1,343
13371.0,2297.66,2,1019
13372.0,378.64,1,159
13373.0,7587.1900000000005,6,4263
13374.0,422.8,2,135
13375.0,1792.23,2,1124
13376.0,1019.76,3,493
13377.0,1552.88,2,748
13379.0,572.56,3,601
13380.0,62.4,1,48
13381.0,8224.37,12,5125
13382.0,1387.58,5,863
13383.0,305.28000000000003,1,288
13384.0,6680.83,11,4142
13385.0,534.57,1,281
13386.0,835.46,2,514
13387.0,186.94,1,123
13388.0,1185.65,3,701
13389.0,797.96,3,429
13390.0,544.08,1,224
13391.0,59.8,1,4
13392.0,91.14,1,82
13393.0,1131.45,4,662
13394.0,6621.7,19,5354
13395.0,1180.23,3,1660
13396.0,1360.99,2,600
13397.0,3191.87,10,1336
13398.0,670.34,2,341
13399.0,275.4,3,120
13400.0,310.83,1,284
13402.0,1226.8500000000001,4,917
13403.0,229.5,3,114
13404.0,252.49,2,111
13405.0,1213.811,6,855
13406.0,568.92,2,292
13407.0,2244.7,3,1690
13408.0,50174.782,106,28675
13410.0,2201.96,9,1244
13411.0,213.55,1,72
13412.0,487.34999999999997,1,176
13413.0,429.44,6,455
13414.0,2494.14,6,2702
13415.0,784.17,4,496
13416.0,940.8000000000001,3,208
13417.0,1669.49,6,532
13418.0,11559.66,31,7354
13419.0,221.06,1,275
13420.0,159.85,2,101
13421.0,4058.75,8,2351
13422.0,2626.3,1,1326
13423.0,217.03,1,141
13424.0,572.77,1,529
13425.0,3390.4300000000003,5,2358
13426.0,8167.38,22,4868
13427.0,1006.53,6,880
13428.0,478.54,3,356
13429.0,1006.8,4,1390
13430.0,679.45,2,751
13431.0,3316.24,8,1570
13432.0,439.1,2,217
13433.0,658.3199999999999,4,190
13434.0,1666.8600000000001,5,864
13435.0,4447.33,9,2754
13436.0,196.89,1,76
13437.0,3408.06,7,1283
13438.0,46.5,1,10
13439.0,986.61,3,952
13440.0,1295.25,7,573
13441.0,720.9,2,520
13442.0,419.87,3,115
13443.0,1273.16,6,805
13444.0,619.08,2,331
13445.0,241.89999999999998,1,198
13446.0,3881.89,11,2403
13447.0,1129.14,3,584
13448.0,8745.93,13,4195
13449.0,291.88,1,222
13450.0,4120.04,13,4318
13451.0,7090.06,11,5229
13452.0,729.8,3,6
13453.0,781.6899999999999,3,341
13454.0,219.87,1,198
13455.0,2212.9900000000002,6,795
13456.0,1766.72,6,765
13457.0,148.22,2,96
13458.0,11959.27,16,6760
13459.0,1160.4099999999999,2,986
13460.0,183.44,2,286
13461.0,4160.0,6,3132
13462.0,1153.85,5,697
13464.0,3097.64,6,1440
13465.0,931.12,2,584
13466.0,1013.35,5,660
13467.0,1071.91,2,580
13468.0,12793.28,72,5617
13469.0,82.4,1,52
13470.0,165.0,2,100
13471.0,2501.84,4,1583
13472.0,592.24,2,310
13473.0,2657.7599999999998,8,1000
13474.0,646.59,3,318
13475.0,1431.78,4,1012
13476.0,2061.4700000000003,5,713
13477.0,2819.17,11,2091
13478.0,2215.78,5,1189
13479.0,851.37,4,716
13480.0,627.82,2,362
13481.0,3830.84,11,2055
13482.0,336.09,2,187
13483.0,140.34,1,160
13484.0,790.72,3,224
13485.0,3019.2200000000003,11,1798
13486.0,1122.41,3,669
13487.0,846.87,5,362
13488.0,14205.96,23,7375
13489.0,449.52,4,560
13490.0,154.25,1,25
13491.0,4467.66,27,2349
13492.0,1269.84,3,408
13493.0,618.63,2,380
13494.0,316.26000000000005,1,162
13495.0,4863.31,10,2465
13496.0,653.33,2,341
13497.0,1166.83,6,525
13498.0,327.38,1,362
13499.0,1159.11,5,1365
13500.0,1466.3,4,838
13501.0,2885.11,3,1253
13502.0,780.5,5,490
13503.0,1859.24,6,1105
13504.0,295.93,1,178
13505.0,4393.63,4,2486
13506.0,1338.08,5,942
13507.0,2479.16,4,1597
13508.0,287.05,2,180
13509.0,1114.72,8,1214
13510.0,4558.29,11,3044
13511.0,282.76,1,60
13512.0,713.39,4,419
13513.0,824.59,3,364
13514.0,815.9000000000001,4,288
13515.0,1265.82,6,819
13516.0,1685.26,4,1114
13517.0,2128.42,3,1369
13518.0,627.16,1,382
13519.0,343.21,2,133
13520.0,6606.0,11,3179
13521.0,1071.73,3,718
13522.0,125.80000000000001,1,44
13523.0,4534.57,6,1989
13524.0,680.1800000000001,5,324
13525.0,628.78,2,394
13526.0,1182.0,2,1911
13527.0,4541.29,12,2736
13529.0,307.76,2,74
13530.0,402.97999999999996,1,272
13531.0,1433.07,6,497
13532.0,210.31,1,129
13533.0,269.09,3,202
13534.0,7720.9,35,3869
13535.0,89.5,1,10
13536.0,3444.39,7,2126
13537.0,717.85,2,337
13538.0,3103.13,12,959
13539.0,1569.3600000000001,7,710
13540.0,632.39,3,189
13541.0,785.25,2,279
13542.0,3959.4900000000002,17,804
13543.0,1439.6100000000001,2,329
13544.0,790.2,6,331
13545.0,364.93,2,252
13546.0,1086.24,5,587
13547.0,167.08,1,79
13548.0,901.44,3,558
13549.0,1005.8,8,554
13550.0,342.55,1,430
13551.0,244.2,2,36
13552.0,6948.92,22,2630
13553.0,499.6,1,201
13554.0,1629.35,7,578
13555.0,8891.84,13,4762
13556.0,200.82,2,134
13557.0,3032.26,13,2398
13558.0,594.52,4,338
13559.0,990.0,2,360
13560.0,171.42000000000002,1,63
13561.0,1803.4,11,1125
13562.0,4838.18,8,1603
13563.0,777.53,2,209
13564.0,16498.97,37,8878
13565.0,414.8,3,260
13566.0,1688.6,5,1257
13567.0,1079.29,4,643
13568.0,187.05,1,66
13569.0,726.54,4,345
13570.0,239.49,1,161
13571.0,4537.26,26,3191
13572.0,1384.25,1,534
13573.0,904.52,6,647
13574.0,404.45,1,304
13575.0,732.0699999999999,5,449
13576.0,11202.59,28,4506
13577.0,3489.28,11,1661
13578.0,147.66,1,127
13579.0,1374.34,5,718
13580.0,107.75,1,45
13581.0,280.53000000000003,2,119
13582.0,241.68,2,106
13583.0,1445.031,2,1097
13584.0,385.7,3,360
13585.0,684.54,3,1386
13586.0,127.28,1,38
13587.0,1673.5,4,664
13588.0,2478.95,9,2606
13589.0,1120.74,6,293
13590.0,6336.04,18,5271
13591.0,2093.94,7,850
13592.0,247.95999999999998,4,84
13593.0,5493.29,14,2170
13594.0,533.32,2,396
13595.0,784.48,3,341
13596.0,664.11,2,384
13597.0,396.71,2,231
13598.0,761.96,5,393
13599.0,9811.04,33,6248
13600.0,518.42,2,599
13601.0,1159.99,4,957
13602.0,1025.17,4,538
13603.0,164.34,1,164
13604.0,717.62,1,242
13605.0,522.67,2,425
13606.0,276.75,3,276
13607.0,1075.81,2,466
13608.0,232.05,1,110
13609.0,167.35,1,19
13610.0,2103.71,14,869
13611.0,3297.9300000000003,10,1988
13612.0,818.29,1,444
13613.0,1039.8500000000001,5,445
13614.0,2332.74,6,821
13615.0,6272.53,8,2910
13616.0,283.85,2,172
13617.0,1278.75,8,593
13618.0,177.34,1,246
13619.0,224.94,2,79
13620.0,112.34,1,74
13621.0,213.85,1,343
13622.0,658.95,1,379
13623.0,2533.06,10,1010
13624.0,462.08,1,820
13625.0,301.26,1,144
13626.0,707.04,2,398
13627.0,2245.9,7,1632
13628.0,310.14,1,106
13629.0,13370.86,19,7722
13630.0,2031.78,7,1391
13631.0,3070.42,11,467
13632.0,3645.81,8,1633
13634.0,5033.77,16,2090
13635.0,2999.16,4,1884
13636.0,949.12,5,592
13637.0,804.3,3,405
13638.0,122.64,1,93
13639.0,1346.27,2,997
13640.0,405.0,1,108
13641.0,1016.47,5,1098
13642.0,472.2,4,231
13643.0,2156.77,10,902
13644.0,2624.26,4,2067
13645.0,252.1,1,158
13646.0,326.25,2,79
13647.0,3041.68,8,1795
13648.0,1764.02,8,960
13649.0,1453.68,6,782
13650.0,3288.0,10,1746
13651.0,226.85,3,62
13652.0,2262.05,5,1458
13653.0,152.2,1,72
13654.0,6308.0,11,4762
13655.0,2280.51,6,1225
13656.0,1078.85,4,862
13657.0,382.14,2,209
13658.0,6025.5,9,2171
13659.0,4884.68,12,2527
13660.0,306.64,1,136
13661.0,325.24,1,118
13662.0,2233.61,11,1169
13663.0,2047.51,5,893
13665.0,1711.6599999999999,3,1652
13666.0,127.89999999999999,5,54
13667.0,299.05,1,149
13668.0,12948.48,35,6096
13669.0,413.55,3,393
13670.0,349.7,1,282
13671.0,172.6,1,95
13672.0,419.92,3,138
13673.0,387.44,2,114
13674.0,240.68,1,102
13675.0,486.82000000000005,2,330
13676.0,243.9,2,104
13677.0,551.24,2,217
13678.0,232.6,1,924
13679.0,281.26,3,102
13680.0,11419.67,12,5244
13681.0,827.83,4,360
13682.0,59.5,1,10
13683.0,258.6,1,180
13684.0,594.88,4,234
13685.0,3119.44,7,5056
13686.0,409.04,3,378
13687.0,11880.84,1,87167
13688.0,375.5,1,130
13689.0,1259.5,2,722
13690.0,172.25,1,67
13691.0,212.78,1,145
13692.0,3114.4,5,2101
13693.0,2011.82,9,880
13694.0,195640.69,143,188201
13695.0,2770.73,16,1791
13696.0,2020.4,3,552
13697.0,151.29999999999998,1,177
13698.0,451.73,2,227
13699.0,764.15,2,219
13700.0,2596.9700000000003,13,2786
13701.0,161.0,1,80
13702.0,135.18,1,74
13703.0,425.56,2,128
13704.0,2308.06,9,1531
13705.0,1717.19,7,906
13706.0,631.17,2,301
13707.0,3365.86,5,2210
13708.0,285.33,1,301
13709.0,7571.35,18,4122
13710.0,509.52,3,336
13711.0,1792.26,9,819
13712.0,766.42,2,1128
13713.0,740.76,3,284
13714.0,161.35,1,50
13715.0,8153.04,17,4800
13716.0,138.28,1,138
13717.0,1763.3,8,2144
13718.0,306.55,2,173
13719.0,2783.08,11,1588
13720.0,799.9,4,501
13721.0,741.54,2,512
13722.0,5635.41,10,3059
13723.0,1194.08,6,593
13724.0,213.01,1,130
13725.0,1980.56,8,806
13726.0,1079.6599999999999,2,1054
13727.0,1074.15,8,368
13728.0,2855.17,16,1269
13729.0,724.73,3,419
13730.0,752.6,2,488
13731.0,610.59,2,278
13732.0,491.86,1,498
13733.0,487.03000000000003,2,335
13734.0,6695.6900000000005,4,302
13735.0,9762.77,13,4135
13736.0,2752.47,7,1549
13737.0,339.59999999999997,1,125
13738.0,434.78000000000003,1,237
13739.0,292.2,2,76
13740.0,1582.77,5,987
13741.0,668.4300000000001,3,218
13742.0,3107.87,12,1115
13743.0,1341.6,7,1776
13744.0,1080.52,2,1153
13745.0,777.36,2,1146
13746.0,176.69,1,83
13747.0,169.79999999999998,2,60
13748.0,2064.35,9,1028
13750.0,3602.1800000000003,11,1370
13751.0,296.25,1,152
13752.0,1579.8300000000002,7,1005
13753.0,2094.57,4,1450
13754.0,447.05,3,315
13755.0,2108.06,9,1242
13756.0,8655.95,23,5138
13757.0,195.55,1,54
13758.0,8698.13,15,4667
13759.0,659.4100000000001,2,287
13760.0,1363.6399999999999,5,623
13761.0,1952.17,6,1079
13762.0,2472.48,5,2608
13763.0,5217.4400000000005,3,3224
13764.0,2919.62,6,2084
13765.0,352.821,1,297
13766.0,190.35,1,137
13767.0,33903.57,73,14595
13768.0,875.97,2,373
13769.0,5478.12,20,2452
13770.0,785.37,4,468
13771.0,5728.82,9,3140
13772.0,3100.02,8,1446
13773.0,301.54,2,174
13774.0,345.0,1,192
13775.0,1049.66,1,455
13776.0,623.98,2,2
13777.0,49638.26,61,23190
13778.0,1124.49,4,511
13779.0,161.13,1,53
13780.0,732.07,3,479
13781.0,778.83,3,300
13782.0,1786.08,13,643
13783.0,1542.09,4,3437
13784.0,2910.23,14,2827
13785.0,542.49,4,151
13786.0,3127.99,6,1515
13787.0,1222.5,6,998
13788.0,3.75,1,1
13789.0,239.45999999999998,1,258
13790.0,348.8,1,748
13791.0,1516.0,2,1200
13792.0,383.95,3,156
13793.0,96.0,1,52
13794.0,126.03,1,63
13795.0,836.3,4,1250
13796.0,289.7,1,218
13797.0,1179.45,3,573
13798.0,75428.87,110,48187
13799.0,2803.57,9,1539
13800.0,1679.56,3,891
13801.0,324.8,1,168
13802.0,26259.11,19,14129
13803.0,1338.91,3,831
13804.0,3161.12,9,1797
13805.0,924.6,2,1900
13806.0,256.38,1,56
13807.0,422.2,3,116
13808.0,1747.66,5,782
13809.0,679.7,3,281
13810.0,1499.01,3,312
13811.0,814.5,3,68
13812.0,539.0,3,333
13813.0,2765.47,8,1292
13814.0,2257.32,3,1214
13815.0,7475.74,8,5381
13816.0,571.6700000000001,2,269
13817.0,382.98,2,211
13818.0,61.28,1,60
13819.0,2642.35,6,2309
13820.0,652.75,3,285
13821.0,1379.08,6,477
13822.0,632.0,2,611
13823.0,3403.4500000000003,7,1564
13824.0,3314.76,12,1442
13825.0,255.59,2,182
13826.0,189.5,1,82
13827.0,409.8,3,138
13828.0,209.49,1,311
13829.0,102.0,1,12
13830.0,156.85000000000002,1,47
13831.0,6585.54,18,2393
13832.0,609.89,2,420
13833.0,700.41,2,243
13834.0,324.19,2,221
13835.0,1095.27,7,520
13836.0,620.37,2,273
13837.0,266.59000000000003,2,182
13838.0,1690.07,10,694
13839.0,139.95000000000002,1,25
13840.0,651.4,1,358
13841.0,85.0,1,100
13842.0,5319.34,18,2716
13843.0,319.75,1,145
13844.0,361.62,1,196
13845.0,312.98,1,182
13846.0,1307.79,4,705
13847.0,310.72,1,96
13848.0,3015.0,8,9200
13849.0,3469.3,5,1883
13850.0,1595.48,1,944
13851.0,4606.46,8,2525
13852.0,187.35000000000002,1,85
13853.0,1090.14,1,312
13854.0,11944.56,39,3642
13855.0,1310.3400000000001,4,575
13856.0,1142.03,11,1105
13857.0,1001.01,6,782
13858.0,216.17,1,75
13859.0,515.86,2,167
13860.0,1245.9,5,591
13861.0,273.26,2,225
13862.0,2556.09,9,1927
13863.0,1239.55,4,553
13864.0,662.4000000000001,1,192
13865.0,501.56,4,204
13866.0,145.67000000000002,1,57
13867.0,1005.09,3,501
13868.0,3192.54,2,1964
13869.0,7996.87,10,4302
13870.0,5712.08,15,3449
13871.0,7885.85,17,3502
13872.0,919.57,3,339
13873.0,1038.92,8,472
13874.0,2049.15,7,864
13875.0,4814.37,14,3072
13876.0,122.7,1,36
13877.0,449.68,3,478
13878.0,2416.9,4,927
13879.0,395.5,1,204
13880.0,4293.86,17,2535
13881.0,45179.1,43,29760
13882.0,1191.13,5,953
13883.0,6560.02,15,3584
13884.0,1825.03,10,752
13885.0,506.8,2,182
13886.0,243.56,1,126
13887.0,349.55,1,147
13888.0,2001.59,7,795
13889.0,1991.23,6,979
13890.0,2927.38,14,1392
13891.0,859.21,3,476
13892.0,1267.6499999999999,6,3125
13893.0,821.1,1,190
13894.0,564.62,3,354
13895.0,4008.52,6,2060
13896.0,388.55,1,149
13897.0,1160.72,3,820
13898.0,686.4,2,544
13899.0,388.52,2,156
13900.0,1610.59,6,938
13901.0,5676.34,15,3344
13902.0,34095.26,5,220600
13903.0,165.45000000000002,1,103
13904.0,332.64,2,332
13905.0,312.65,1,135
13906.0,42.0,1,100
13907.0,136.8,1,68
13908.0,2369.55,4,1478
13909.0,282.85,2,301
13911.0,4234.99,20,4487
13912.0,124.95,1,29
13913.0,42.22,1,10
13914.0,626.45,2,380
13915.0,70.80000000000001,1,24
13916.0,1275.81,4,673
13917.0,272.04,2,228
13918.0,1212.8400000000001,2,1140
13919.0,1360.68,4,1133
13920.0,1774.68,4,1772
13921.0,730.7,4,210
13922.0,865.2,3,467
13923.0,351.13,1,185
13924.0,1838.8500000000001,6,1575
13925.0,678.25,4,331
13926.0,223.85000000000002,1,104
13927.0,708.26,2,463
13928.0,464.57,4,129
13929.0,3494.1,11,1566
13930.0,337.34,2,274
13931.0,5257.38,11,3488
13932.0,307.4,1,72
13933.0,608.7900000000001,2,205
13934.0,922.1,1,390
13935.0,6116.92,3,2252
13936.0,939.66,3,661
13937.0,880.13,2,587
13938.0,71.66,1,70
13939.0,1560.96,7,1608
13940.0,839.14,4,516
13941.0,10027.18,15,4782
13942.0,320.0,1,1000
13943.0,246.54,1,94
13944.0,200.43,1,153
13945.0,854.15,2,413
13946.0,1876.23,6,2847
13947.0,90.6,1,44
13948.0,548.76,4,248
13949.0,2427.32,6,2474
13950.0,745.06,4,323
13951.0,674.45,3,459
13952.0,12823.521,14,5947
13953.0,6640.68,12,5224
13954.0,439.92,2,150
13955.0,544.0699999999999,3,272
13956.0,1019.27,5,486
13957.0,458.25,3,157
13958.0,4709.2300000000005,8,2264
13959.0,1064.77,6,694
13960.0,230.22,2,142
13961.0,538.4,1,226
13962.0,362.8,3,160
13963.0,2860.57,17,2007
13964.0,438.9,2,228
13965.0,996.61,3,425
13966.0,384.26,1,760
13967.0,166.3,2,66
13968.0,123.66,1,174
13969.0,12973.460000000001,35,6640
13970.0,846.55,2,469
13971.0,4667.57,14,3084
13972.0,190.25,2,187
13973.0,264.7,1,109
13974.0,677.72,2,356
13975.0,5256.4,12,3884
13976.0,1192.36,4,452
13977.0,519.8100000000001,1,303
13978.0,196.79000000000002,2,315
13979.0,3379.93,7,2270
13980.0,768.82,5,463
13981.0,331.14,1,234
13982.0,3954.29,9,2478
13983.0,6753.89,21,3925
13984.0,1893.8,12,1301
13985.0,10020.86,22,4936
13986.0,320.46,1,430
13987.0,682.54,2,492
13988.0,4757.8,8,3385
13989.0,2026.06,5,2207
13990.0,311.3,1,190
13991.0,852.88,6,995
13992.0,219.5,3,154
13993.0,6775.71,19,2135
13994.0,2274.14,6,932
13995.0,3902.01,14,2359
13996.0,895.76,2,613
13997.0,376.46,3,143
13998.0,566.7,3,204
13999.0,9502.26,29,5043
14000.0,2046.3400000000001,5,1838
14001.0,4228.85,9,1779
14002.0,529.73,2,877
14003.0,209.41,1,149
14004.0,6258.45,11,3425
14005.0,2874.72,5,2478
14006.0,2196.67,7,2181
14007.0,79.48,1,16
14008.0,509.04,1,326
14009.0,1099.91,3,951
14010.0,445.15,2,177
14011.0,457.82,2,644
14012.0,328.8,1,160
14013.0,1084.57,5,775
14014.0,1948.21,3,2004
14015.0,917.34,1,378
14016.0,11403.41,11,5722
14017.0,229.75,1,73
14018.0,367.15000000000003,1,224
14019.0,1421.61,3,1037
14020.0,1249.01,4,648
14021.0,1716.58,7,878
14022.0,792.15,2,681
14023.0,584.07,2,345
14024.0,645.74,3,238
14025.0,4057.9,8,1914
14026.0,713.11,2,427
14027.0,104.82,1,62
14028.0,10396.5,3,7170
14029.0,467.66,2,198
14030.0,7521.8,20,4215
14031.0,39019.51,44,13783
14032.0,4546.41,16,3740
14033.0,109.44,1,576
14034.0,648.89,3,420
14035.0,2794.75,9,1405
14036.0,626.65,1,268
14037.0,836.95,6,590
14038.0,3069.88,5,1708
14039.0,267.28000000000003,2,192
14040.0,12523.81,35,4972
14041.0,141.41,1,94
14042.0,431.98,1,180
14043.0,302.6,2,152
14044.0,3077.7,10,2100
14045.0,10986.63,16,4459
14046.0,154.99,1,460
14047.0,3968.11,14,1541
14048.0,748.69,3,467
14049.0,13023.4,13,8480
14050.0,746.36,2,689
14051.0,21770.98,37,5709
14052.0,466.66,2,174
14053.0,572.3,4,490
14054.0,92.46,1,62
14055.0,1520.96,3,720
14056.0,8152.71,23,4252
14057.0,8346.66,22,6438
14058.0,469.19,2,211
14059.0,183.6,1,128
14060.0,8898.24,30,7419
14061.0,917.4300000000001,3,133
14062.0,25585.65,24,12794
14063.0,22710.2,9,3850
14064.0,3260.24,15,3911
14065.0,891.02,3,582
14066.0,152.55,1,45
14067.0,374.7,2,361
14068.0,1516.72,4,510
14069.0,225.81,2,58
14070.0,321.6,1,85
14071.0,1437.57,8,994
14072.0,390.85,1,65
14073.0,151.04,1,130
14074.0,219.39999999999998,1,228
14075.0,1734.87,6,1494
14076.0,118.67,1,79
14077.0,615.0799999999999,6,376
14078.0,1553.47,9,586
14079.0,618.73,2,302
14080.0,1115.68,5,268
14081.0,4867.57,10,3381
14082.0,413.36,2,246
14083.0,1082.19,11,760
14084.0,150.5,1,306
14085.0,9720.67,33,6434
14086.0,39.95,1,1
14087.0,829.47,3,718
14088.0,64036.8,16,15276
14089.0,158.75,1,133
14090.0,76.32000000000001,1,72
14091.0,9530.08,2,3316
14092.0,7229.45,24,3606
14093.0,433.86,1,391
14094.0,311.77,1,158
14095.0,2.95,1,1
14096.0,65164.79,17,16352
14097.0,422.85999999999996,2,352
14098.0,147.35,1,104
14099.0,5750.91,20,3666
14100.0,191.95000000000002,1,63
14101.0,9961.93,13,10542
14102.0,1105.8799999999999,5,769
14104.0,743.53,5,496
14105.0,5988.83,5,3534
14106.0,214.79999999999998,1,24
14107.0,4877.3,11,3489
14108.0,1044.96,4,660
14109.0,144.2,1,88
14110.0,12987.95,33,5825
14111.0,692.85,4,458
14112.0,5834.59,13,3539
14113.0,7092.610000000001,16,3439
14114.0,1364.09,7,650
14115.0,622.6700000000001,2,509
14116.0,1382.74,5,707
14117.0,90.0,1,72
14118.0,458.45,1,97
14119.0,183.37,2,177
14121.0,2780.15,4,2082
14122.0,362.42,3,114
14123.0,436.18,1,234
14124.0,419.58000000000004,1,1618
14125.0,2720.63,3,1628
14126.0,1172.46,4,887
14127.0,1900.0800000000002,6,828
14128.0,924.21,3,814
14129.0,2591.34,9,1414
14130.0,1858.77,4,1215
14131.0,168.22,1,105
14132.0,3586.0299999999997,11,3368
14133.0,911.14,4,398
14134.0,11123.35,15,5814
14135.0,8839.67,24,8534
14136.0,1570.81,5,1148
14137.0,332.7,1,462
14138.0,965.8800000000001,2,600
14139.0,1086.8,4,1049
14140.0,935.05,2,811
14141.0,915.13,4,355
14142.0,671.34,2,518
14143.0,115.8,1,30
14144.0,30.599999999999998,1,12
14145.0,7600.05,7,1655
14146.0,9450.3,12,5780
14147.0,2590.2,9,995
14148.0,466.29,2,223
14149.0,446.62,1,218
14150.0,658.64,2,496
14151.0,679.45,2,405
14152.0,1997.3400000000001,7,1844
14153.0,233.4,1,312
14154.0,6460.7,8,3222
14155.0,118.75,1,25
14156.0,313437.62,156,164325
14157.0,978.69,5,521
14158.0,507.66,1,781
14159.0,7860.8,20,6520
14160.0,8421.47,7,4661
14161.0,2996.93,7,1480
14162.0,289.36,2,142
14163.0,2594.62,5,950
14164.0,1631.77,2,1033
14165.0,120.44,1,53
14166.0,251.15,2,82
14167.0,1274.29,8,340
14168.0,370.45,2,147
14169.0,621.51,2,205
14170.0,570.18,3,270
14171.0,498.79,2,211
14172.0,369.02,3,78
14173.0,586.0,6,194
14174.0,134.46,1,94
14175.0,7678.88,8,3009
14176.0,756.46,5,265
14177.0,2209.69,13,1043
14178.0,1600.26,7,1494
14179.0,701.57,2,319
14180.0,6117.5,33,847
14181.0,308.35,2,120
14182.0,678.77,4,174
14183.0,278.34000000000003,2,60
14184.0,452.89,1,127
14185.0,197.65,1,6
14186.0,1550.63,5,1550
14187.0,123.5,1,50
14188.0,2054.36,6,1162
14189.0,5503.15,16,4392
14190.0,79.9,1,2
14191.0,4817.66,15,3724
14192.0,293.74,1,218
14193.0,1210.19,3,653
14194.0,18670.59,36,10037
14195.0,2615.6,6,2144
14196.0,335.52,1,142
14197.0,390.05,1,143
14198.0,1569.73,9,623
14199.0,1091.7,4,254
14200.0,379.2,1,140
14201.0,1193.54,10,806
14202.0,847.76,3,166
14203.0,339.34,1,80
14204.0,1024.83,4,469
14205.0,2414.2,9,1342
14206.0,1185.01,3,930
14207.0,157.8,1,36
14208.0,567.05,2,529
14209.0,4993.27,15,1739
14210.0,5556.570000000001,16,2511
14211.0,4402.29,18,2575
14212.0,2190.14,2,2046
14213.0,1192.2,1,244
14214.0,1004.38,5,751
14215.0,3250.33,9,2181
14216.0,2150.04,5,712
14217.0,3298.59,23,1230
14218.0,169.48000000000002,1,160
14219.0,633.83,3,363
14220.0,1515.0,4,468
14221.0,6517.49,17,3808
14222.0,683.17,1,607
14223.0,991.13,3,585
14224.0,1841.71,9,826
14225.0,2031.07,4,1167
14226.0,2985.13,6,1714
14227.0,6368.71,15,4048
14228.0,745.5,3,260
14229.0,2594.04,7,934
14230.0,979.8000000000001,3,246
14231.0,1235.6200000000001,4,610
14232.0,2048.07,5,1941
14233.0,2904.27,7,1261
14234.0,754.12,4,951
14235.0,4717.99,9,3014
14236.0,1555.34,5,774
14237.0,471.14,2,238
14238.0,434.23,3,189
14239.0,4263.17,21,1729
14240.0,1247.49,3,655
14241.0,333.70000000000005,2,242
14242.0,280.55,2,123
14243.0,7217.75,17,3631
14244.0,366.41999999999996,1,814
14245.0,1693.45,2,976
14246.0,1474.06,3,804
14247.0,753.56,5,378
14248.0,1032.95,3,692
14249.0,5400.461,12,2383
14250.0,1904.05,3,1200
14251.0,2879.7000000000003,5,1674
14252.0,350.99,1,111
14253.0,363.40000000000003,2,88
14254.0,601.03,1,263
14255.0,1000.63,1,1
14256.0,2460.79,5,1147
14257.0,5954.45,9,3332
14258.0,32051.34,25,17488
14259.0,120.0,1,68
14260.0,824.28,3,544
14261.0,1163.45,2,406
14262.0,2618.23,8,1645
14263.0,322.93,1,171
14264.0,1517.3600000000001,6,553
14265.0,1373.35,4,715
14266.0,40.56,1,24
14267.0,1516.24,3,530
14268.0,354.85,1,147
14269.0,295.73,1,123
14270.0,492.65000000000003,1,197
14271.0,214.18,2,148
14272.0,920.81,4,1097
14273.0,559.97,4,264
14274.0,256.6,1,178
14275.0,1189.3799999999999,6,538
14276.0,2102.68,7,1406
14277.0,17197.61,9,89806
14278.0,205.83,1,131
14279.0,191.86,2,46
14280.0,134.04,1,52
14281.0,245.15,1,45
14282.0,7250.76,25,5166
14283.0,628.4399999999999,4,550
14284.0,1299.65,3,510
14285.0,3284.42,8,954
14286.0,8479.76,7,8795
14287.0,176.63,3,261
14288.0,426.6,1,188
14289.0,911.26,6,292
14290.0,4516.56,8,1600
14291.0,7904.1,23,6146
14292.0,9226.25,16,3429
14293.0,2903.01,9,1558
14294.0,375.34,1,190
14295.0,2362.91,5,1029
14296.0,456.40000000000003,2,314
14297.0,1305.33,4,865
14298.0,91194.49,82,100272
14299.0,14070.25,27,8136
14300.0,43.2,1,32
14301.0,1992.18,4,1686
14302.0,742.9000000000001,3,298
14303.0,277.94,2,218
14304.0,1725.01,3,775
14305.0,1858.96,3,1089
14306.0,3151.4,6,2065
14307.0,4287.92,10,2816
14308.0,1147.02,2,2
14309.0,3780.81,11,2583
14310.0,492.1,1,230
14311.0,516.45,2,235
14312.0,3090.29,11,1904
14314.0,229.8,2,332
14315.0,3197.82,8,1344
14316.0,1370.34,5,4494
14317.0,508.58000000000004,1,255
14318.0,158.02,1,152
14319.0,494.85,1,329
14320.0,1346.75,5,713
14321.0,2218.06,7,3275
14322.0,474.1,4,158
14323.0,605.0600000000001,2,350
14324.0,701.61,2,402
14325.0,245.48000000000002,1,320
14326.0,940.98,3,572
14327.0,1894.93,6,1296
14328.0,445.05,1,1
14329.0,9887.62,15,5913
14330.0,200.63,1,103
14331.0,462.65999999999997,2,252
14332.0,1917.41,5,875
14333.0,415.2,1,58
14334.0,4318.48,12,2986
14335.0,454.86,2,375
14336.0,1614.91,4,1759
14338.0,928.1,3,622
14339.0,620.27,2,456
14340.0,134.7,1,58
14341.0,4452.02,18,2813
14342.0,918.44,6,521
14343.0,1079.66,4,626
14344.0,2993.05,20,1546
14345.0,108.97999999999999,1,50
14346.0,2315.75,5,1878
14347.0,82.6,1,48
14348.0,409.57,1,183
14349.0,133.5,1,86
14350.0,972.03,3,543
14351.0,51.0,1,12
14352.0,1078.96,4,538
14353.0,376.5,3,344
14354.0,163.62,2,210
14355.0,840.0500000000001,3,617
14356.0,701.23,2,277
14357.0,225.12,1,147
14358.0,400.06,2,338
14359.0,912.18,3,371
14360.0,2118.03,4,1139
14361.0,214.70999999999998,1,251
14362.0,151.5,1,96
14363.0,227.47000000000003,2,105
14364.0,3717.35,8,1967
14365.0,634.68,2,557
14366.0,136.0,1,16
14367.0,9227.82,16,4426
14368.0,155.0,1,36
14369.0,469.13,2,255
14370.0,1175.78,6,266
14371.0,100.5,1,34
14372.0,860.08,2,378
14373.0,76.55,1,17
14374.0,108.0,1,20
14375.0,1106.82,3,647
14376.0,215.46,1,50
14377.0,617.05,2,219
14378.0,131.25,1,57
14379.0,1265.16,4,712
14380.0,48.96,1,1
14381.0,625.9399999999999,2,449
14382.0,1193.6299999999999,2,1667
14383.0,1247.69,3,817
14384.0,58.5,1,30
14385.0,202.11,3,159
14386.0,142.4,1,54
14387.0,1727.6,3,795
14388.0,6388.2,16,4190
14389.0,1898.01,5,1388
14390.0,6150.03,13,2830
14391.0,135.6,1,168
14392.0,266.4,1,114
14393.0,67.95,1,13
14394.0,93.8,1,58
14395.0,7801.93,20,3872
14396.0,1969.38,7,959
14397.0,2612.96,19,1890
14398.0,707.79,2,267
14399.0,2108.21,8,965
14400.0,1732.47,3,1706
14401.0,6795.9,22,6401
14402.0,285.6,1,240
14403.0,1880.51,6,737
14404.0,2724.13,13,1577
14405.0,195.0,1,100
14406.0,156.75,1,77
14407.0,2157.73,6,1415
14408.0,4102.27,11,2438
14409.0,3427.29,9,2233
14410.0,2631.9,11,1369
14411.0,1063.0,1,196
14412.0,1426.19,3,1428
14413.0,764.52,4,277
14414.0,2399.33,8,2877
14415.0,11980.09,23,6263
14416.0,490.22,2,326
14417.0,524.65,1,543
14418.0,1937.25,3,1711
14419.0,1254.64,7,552
14420.0,1639.17,4,1120
14421.0,2469.37,6,1342
14422.0,10271.52,19,6067
14423.0,916.6099999999999,3,419
14424.0,322.08,1,48
14425.0,661.39,3,325
14426.0,11727.94,17,7023
14427.0,1263.52,4,538
14428.0,1224.06,5,428
14429.0,516.28,1,286
14430.0,1220.9,3,446
14431.0,2614.2,4,1202
14432.0,2248.5,6,2013
14433.0,280.7,1,131
14434.0,1372.8,6,368
14435.0,90.42,1,282
14436.0,271.70000000000005,2,297
14437.0,873.34,5,420
14438.0,131.9,1,82
14439.0,9443.04,5,2244
14440.0,5982.03,13,1605
14441.0,4611.6900000000005,11,1260
14442.0,5367.0199999999995,7,1431
14443.0,2082.97,5,1357
14444.0,120.44,1,172
14445.0,221.65,1,83
14446.0,1200.28,5,1091
14447.0,1711.73,6,913
14448.0,375.35,2,104
14449.0,2230.96,8,1604
14450.0,1128.44,7,522
14451.0,3258.68,12,1737
14452.0,658.95,4,285
14453.0,119.93,1,49
14454.0,977.3,5,400
14455.0,617.72,4,706
14456.0,3017.28,9,2885
14457.0,113.64,1,88
14458.0,228.07,1,317
14459.0,5375.741,2,2303
14460.0,1093.5,9,1879
14461.0,6676.91,13,3005
14462.0,2242.81,12,1063
14463.0,786.5699999999999,4,210
14464.0,111.0,2,62
14465.0,3925.85,11,2539
14466.0,4267.15,13,2507
14467.0,2203.2400000000002,12,1187
14468.0,204.24,1,164
14469.0,2093.46,4,973
14470.0,712.04,3,282
14471.0,400.95,2,187
14472.0,2118.72,9,1271
14473.0,234.34000000000003,2,88
14474.0,1258.8899999999999,2,448
14475.0,1151.15,4,541
14476.0,193.0,1,110
14477.0,1969.6,7,1120
14478.0,1276.66,4,1226
14479.0,1124.71,4,562
14480.0,1299.52,4,670
14481.0,2284.69,5,1568
14482.0,4306.72,12,2869
14483.0,257.1,2,193
14484.0,1070.98,4,744
14485.0,162.8,1,70
14486.0,175.5,2,90
14487.0,1266.27,7,761
14488.0,1064.28,1,799
14489.0,1574.93,4,1011
14490.0,1273.47,2,933
14491.0,340.93,2,139
14492.0,1921.91,7,751
14493.0,5087.86,10,3148
14494.0,401.46,3,210
14495.0,174.8,3,68
14496.0,2363.89,7,905
14497.0,697.0600000000001,2,332
14498.0,3900.83,10,2120
14499.0,2101.79,7,1231
14500.0,356.85,3,117
14501.0,251.21,2,161
14502.0,2429.83,11,1480
14503.0,3543.26,6,2004
14504.0,673.26,4,308
14505.0,11879.08,19,5325
14506.0,2960.25,7,936
14507.0,3216.7400000000002,11,1491
14508.0,822.92,5,347
14509.0,110.95,1,38
14510.0,979.85,3,793
14511.0,1314.81,5,784
14512.0,1215.97,7,736
14513.0,788.01,6,593
14514.0,4380.04,9,2362
14515.0,3724.06,12,1893
14516.0,151.17,1,63
14517.0,330.45,2,91
14518.0,174.37,1,278
14519.0,203.14,2,81
14520.0,270.6,2,146
14521.0,199.45000000000002,1,211
14522.0,1748.42,8,956
14523.0,241.09,1,251
14524.0,2909.86,13,1169
14525.0,8026.54,17,5106
14526.0,258.65,1,178
14527.0,27246.88,122,6647
14528.0,364.21999999999997,1,278
14529.0,578.61,3,325
14530.0,6088.87,16,2989
14531.0,376.34,1,260
14532.0,3845.78,11,1111
14533.0,3466.37,11,6038
14534.0,6187.66,26,2822
14535.0,5973.2300000000005,9,3214
14536.0,170.95,1,39
14537.0,641.4,2,228
14538.0,1370.8400000000001,5,284
14539.0,537.48,2,428
14540.0,3709.64,11,1595
14541.0,2491.38,14,1123
14542.0,103.25,1,19
14543.0,14587.87,39,2639
14544.0,2938.53,3,2412
14545.0,349.25,1,236
14546.0,5184.84,11,2688
14547.0,3974.75,8,2639
14548.0,2541.29,9,986
14549.0,913.6,4,394
14550.0,1345.06,4,771
14551.0,878.09,7,486
14552.0,507.93,3,258
14553.0,1818.6,9,1118
14554.0,2279.4900000000002,4,1443
14555.0,2304.03,6,842
14556.0,815.69,3,323
14557.0,788.38,1,510
14558.0,655.5,3,162
14559.0,75.6,1,72
14560.0,6114.03,44,4580
14561.0,1080.76,3,1014
14562.0,6638.150000000001,26,2574
14563.0,640.54,2,279
14564.0,2605.62,2,1295
14565.0,3859.2200000000003,5,1940
14566.0,4092.0,4,2400
14567.0,1530.3600000000001,2,412
14568.0,919.7,1,645
14569.0,597.3299999999999,4,257
14570.0,613.75,3,431
14571.0,160.0,1,56
14572.0,5526.88,11,2878
14573.0,2163.12,13,683
14574.0,143.70000000000002,1,63
14575.0,420.22,1,163
14576.0,35.400000000000006,1,12
14577.0,1364.15,7,569
14578.0,168.63,1,240
14579.0,105.56,1,56
14580.0,14.850000000000001,1,3
14581.0,409.65,2,304
14582.0,114.11,1,73
14583.0,1660.29,8,1071
14584.0,1738.16,8,960
14585.0,1143.27,5,630
14586.0,237.36,1,444
14587.0,1580.29,9,749
14588.0,135.39,1,62
14589.0,39.75,1,5
14590.0,2993.37,20,901
14591.0,1320.21,4,1228
14592.0,557.94,3,407
14593.0,3665.5299999999997,12,1848
14594.0,363.33,2,183
14595.0,2164.45,8,1228
14596.0,222.22000000000003,1,75
14597.0,2184.63,6,1436
14598.0,384.04,2,354
14599.0,457.89,2,292
14600.0,865.1700000000001,2,487
14601.0,213.96,1,168
14602.0,205.35999999999999,1,80
14603.0,660.0,1,400
14604.0,143.85999999999999,1,88
14605.0,921.5600000000001,4,416
14606.0,29951.37,192,15217
14607.0,23763.13,22,15335
14608.0,3352.94,11,927
14609.0,1486.2,10,12720
14610.0,24.35,2,15
14611.0,604.3299999999999,2,582
14612.0,877.7,1,134
14613.0,76.32000000000001,1,72
14614.0,295.13,1,189
14615.0,951.76,5,495
14616.0,527.78,5,170
14617.0,190.47000000000003,2,81
14618.0,1342.32,7,704
14619.0,1291.24,2,594
14620.0,412.78000000000003,2,214
14621.0,3000.57,9,1706
14622.0,320.58000000000004,1,146
14623.0,2016.98,10,1025
14624.0,814.07,6,645
14625.0,4497.88,11,2155
14626.0,5410.92,11,3135
14627.0,462.75,1,284
14628.0,1998.0,5,1147
14629.0,955.26,2,378
14630.0,338.65,1,111
14631.0,2025.69,6,1407
14632.0,114.56,1,96
14633.0,344.90000000000003,1,96
14634.0,2124.46,4,1906
14635.0,215.22,1,118
14636.0,609.85,2,241
14637.0,106.67999999999999,1,100
14638.0,443.6,1,166
14639.0,4978.96,9,2410
14640.0,3649.36,10,1645
14641.0,110.46,1,90
14642.0,96.12,1,76
14643.0,1679.89,5,1377
14644.0,2247.72,7,770
14645.0,876.89,3,587
14646.0,528602.52,151,367193
14647.0,506.04,2,175
14648.0,4466.65,15,3265
14649.0,3651.19,9,2415
14650.0,62.5,1,22
14651.0,2025.52,9,880
14652.0,114.18,1,53
14653.0,3593.06,12,1969
14654.0,246.86,1,273
14655.0,3878.51,7,2341
14656.0,790.0,5,309
14657.0,1450.19,6,879
14658.0,247.15,2,47
14659.0,2529.93,9,1195
14660.0,285.74,2,228
14661.0,107.95,1,35
14662.0,1376.43,7,907
14663.0,490.6,2,397
14664.0,636.24,2,465
14665.0,2749.65,7,1144
14666.0,195.25,1,161
14667.0,20395.34,54,11939
14668.0,111.63,1,49
14669.0,3216.78,7,2043
14670.0,583.33,3,423
14671.0,1127.45,2,571
14672.0,1113.14,4,646
14673.0,3037.32,7,1822
14674.0,173.66,1,103
14675.0,1015.58,2,660
14676.0,8356.79,12,8792
14677.0,184.91,1,139
14678.0,403.39,1,179
14679.0,1289.44,3,794
14680.0,55688.5,58,26894
14681.0,875.1500000000001,6,172
14682.0,1514.81,6,949
14683.0,146.56,1,386
14684.0,1430.03,6,1005
14685.0,4536.64,8,1969
14686.0,852.53,5,457
14687.0,1402.06,3,850
14688.0,7190.42,28,5041
14689.0,112.8,1,76
14690.0,777.68,4,341
14691.0,2114.33,5,707
14692.0,1715.1399999999999,12,890
14693.0,1165.36,7,388
14694.0,244.31,1,193
14695.0,1534.22,3,661
14696.0,2473.28,8,1867
14697.0,188.60999999999999,2,181
14698.0,1217.27,5,602
14699.0,702.6,4,484
14700.0,3076.06,5,1606
14701.0,4487.11,15,1744
14702.0,6368.78,29,2878
14703.0,318.17,1,183
14704.0,1752.92,11,1164
14705.0,179.0,1,100
14706.0,367.54,1,246
14707.0,139.2,2,96
14708.0,1793.22,5,1159
14709.0,8886.33,25,4141
14710.0,1899.79,13,1135
14711.0,2839.62,11,966
14712.0,1328.0700000000002,4,411
14713.0,5115.76,21,3329
14714.0,906.24,4,642
14715.0,1825.45,8,1030
14716.0,543.28,3,643
14717.0,81.3,1,32
14718.0,226.42,1,202
14719.0,1581.84,5,1025
14720.0,663.81,3,219
14721.0,109.07,1,57
14722.0,489.52,3,214
14723.0,1803.06,11,1168
14724.0,341.9,1,184
14725.0,1252.74,4,1335
14726.0,116.5,1,82
14727.0,463.72999999999996,3,458
14728.0,190.58,1,68
14729.0,586.24,3,372
14730.0,1897.57,8,1078
14731.0,380.02,3,256
14732.0,5517.07,19,2273
14733.0,14335.15,15,5799
14734.0,1056.42,4,378
14735.0,12240.16,56,4513
14736.0,374.05,2,148
14737.0,3554.17,4,1071
14738.0,1821.9,9,757
14739.0,11573.62,25,9696
14740.0,4161.06,11,2081
14741.0,1713.09,7,1006
14742.0,579.85,1,374
14743.0,50.48,1,40
14744.0,3660.08,14,2399
14745.0,2551.41,12,1969
14746.0,593.5,4,398
14747.0,328.2,1,84
14748.0,2681.9,10,2422
14749.0,310.15,1,403
14750.0,112.03,1,65
14751.0,126.45,2,65
14752.0,389.64,1,260
14753.0,869.51,2,412
14754.0,1547.93,6,1010
14755.0,9972.550000000001,25,4401
14756.0,2653.76,3,1423
14757.0,420.5,1,160
14758.0,2864.97,7,840
14759.0,1625.97,3,569
14760.0,89.2,1,40
14761.0,447.92,3,206
14762.0,417.57,2,428
14764.0,278.3,1,190
14765.0,254.11,3,135
14766.0,6375.7300000000005,11,3999
14767.0,382.81,1,117
14768.0,192.60000000000002,2,52
14769.0,15514.11,17,11058
14770.0,3637.64,8,1598
14771.0,594.62,2,622
14772.0,139.26,1,82
14773.0,140.55,1,53
14774.0,241.45,1,99
14775.0,1011.9,3,1174
14776.0,3708.3,15,4658
14777.0,307.56,1,212
14778.0,730.86,2,306
14779.0,386.15,3,84
14780.0,447.68,2,310
14782.0,200.10000000000002,1,114
14783.0,307.3,1,262
14784.0,449.93,3,363
14785.0,77.4,2,84
14786.0,90.96,1,112
14787.0,110.65,1,59
14788.0,1156.32,3,719
14789.0,197.64,1,116
14790.0,2526.62,10,2642
14791.0,303.63,1,127
14792.0,6.2,1,2
14793.0,625.9,2,361
14794.0,1953.9,10,783
14795.0,131.45000000000002,1,17
14796.0,10169.33,27,7188
14797.0,300.31,1,99
14798.0,724.31,8,601
14799.0,338.15,2,495
14800.0,7191.33,17,6501
14801.0,189.34,1,173
14802.0,1502.98,2,2
14803.0,845.55,3,370
14804.0,353.27,1,121
14805.0,1082.55,7,416
14806.0,303.43,2,423
14807.0,504.14,2,234
14808.0,2718.6,8,2120
14809.0,686.76,2,232
14810.0,2354.03,13,1162
14811.0,170.5,1,74
14812.0,178.85,1,135
14813.0,888.91,4,392
14814.0,154.21,1,93
14815.0,778.5,2,744
14816.0,271.85,1,5
14817.0,3959.86,7,2462
14818.0,1153.56,6,543
14819.0,456.41,4,170
14820.0,1274.76,9,724
14821.0,1230.15,7,459
14822.0,157.70000000000002,1,94
14823.0,321.43,3,88
14824.0,4022.9100000000003,10,1954
14825.0,4735.08,24,2774
14826.0,385.2,2,152
14828.0,9839.460000000001,13,9718
14829.0,1455.8700000000001,7,957
14830.0,188.88,1,164
14831.0,1676.57,3,885
14832.0,322.69,1,1
14833.0,94.8,1,58
14834.0,2206.16,7,872
14835.0,297.0,2,180
14836.0,102.44999999999999,3,45
14837.0,3460.32,9,3030
14838.0,769.9200000000001,2,361
14839.0,915.28,3,927
14840.0,362.71,2,179
14841.0,7163.0,14,4164
14842.0,2824.69,4,1166
14843.0,211.79999999999998,1,132
14844.0,6702.43,10,4369
14845.0,150.0,1,600
14846.0,437.4,1,193
14847.0,1348.95,3,533
14848.0,310.56,1,260
14849.0,15407.61,43,11838
14850.0,1770.96,7,1393
14851.0,829.4100000000001,3,631
14852.0,6132.43,18,4366
14853.0,1376.87,5,345
14854.0,4303.06,11,2987
14855.0,6520.3,7,3510
14856.0,1290.53,3,711
14857.0,3651.851,7,2081
14858.0,180.75,1,105
14859.0,1705.64,5,888
14860.0,170.32,1,232
14861.0,1380.73,10,1076
14862.0,841.1999999999999,2,772
14863.0,266.76,1,132
14865.0,92.52000000000001,4,204
14866.0,20746.54,19,9089
14867.0,2952.06,16,996
14868.0,4184.01,12,2230
14869.0,2778.14,6,2130
14870.0,1838.95,6,483
14871.0,1228.17,9,446
14872.0,816.6,3,662
14873.0,854.13,2,311
14874.0,116.18,1,148
14875.0,2862.4,3,1332
14876.0,256.7,2,162
14877.0,425.85,2,168
14878.0,4076.5,25,2416
14879.0,185.06,1,104
14880.0,690.59,3,365
14881.0,255.4,1,316
14882.0,3546.65,14,1614
14883.0,761.59,6,790
14884.0,120.6,1,72
14885.0,1598.12,3,1308
14886.0,364.8,1,160
14887.0,1862.0,1,1100
14888.0,369.2,1,184
14889.0,135.9,1,90
14890.0,817.25,3,636
14891.0,1106.73,4,788
14892.0,202.35000000000002,1,79
14893.0,1809.6100000000001,3,1047
14894.0,1492.81,3,603
14895.0,25119.54,38,10714
14896.0,1826.0,8,931
14897.0,3140.54,8,1162
14898.0,3365.95,14,2207
14899.0,1331.38,1,570
14900.0,13.919999999999998,1,48
14901.0,1919.0,12,880
14902.0,1035.6200000000001,3,716
14903.0,2795.33,5,1531
14904.0,1630.49,4,2522
14905.0,1971.39,8,1009
14906.0,68.44,1,1
14907.0,5547.72,16,2583
14908.0,381.9,2,182
14909.0,1404.68,3,888
14910.0,434.35,4,238
14911.0,291420.81,398,147972
14912.0,1889.25,6,1819
14913.0,4073.13,8,3955
14915.0,1811.25,11,707
14916.0,3042.95,8,2415
14917.0,1123.75,2,891
14918.0,5955.81,9,2551
14919.0,359.35,1,129
14920.0,1607.17,3,886
14921.0,1316.07,2,953
14922.0,843.74,2,376
14923.0,749.1,1,418
14924.0,931.01,3,312
14926.0,359.4,2,204
14927.0,308.2,1,196
14928.0,223.91000000000003,1,268
14929.0,836.69,2,487
14930.0,5236.7300000000005,6,2193
14931.0,1257.68,5,417
14932.0,666.13,2,257
14933.0,1770.0,4,600
14934.0,3503.5,5,2100
14935.0,2849.83,2,1931
14936.0,12410.81,12,6274
14937.0,1621.88,3,484
14938.0,2322.43,2,1369
14940.0,531.49,2,384
14941.0,182.1,1,80
14942.0,746.56,4,354
14943.0,107.62,1,46
14944.0,9784.67,19,4864
14945.0,179.4,1,156
14946.0,100.9,1,22
14947.0,1049.79,6,416
14948.0,1101.97,6,673
14949.0,515.0,4,250
14950.0,371.2,1,136
14951.0,311.69,1,311
14952.0,17629.35,32,6977
14953.0,971.32,4,1014
14954.0,462.12,2,209
14955.0,163.77,1,74
14956.0,1325.0,1,2500
14957.0,261.69,2,97
14958.0,941.99,6,248
14959.0,695.42,4,494
14960.0,221.27,2,221
14961.0,16410.15,22,8372
14962.0,366.91,4,123
14963.0,3123.57,12,2287
14964.0,206.21,1,143
14965.0,596.09,2,363
14966.0,1064.26,6,1060
14967.0,1982.6100000000001,6,652
14968.0,501.24,2,257
14969.0,906.23,1,665
14970.0,4919.35,12,982
14971.0,1097.98,3,639
14972.0,145.07,2,40
14973.0,1314.45,3,369
14974.0,89.94,1,37
14975.0,472.39,2,507
14976.0,790.86,7,234
14977.0,31.929999999999996,1,17
14978.0,3112.19,10,736
14979.0,429.66,1,209
14980.0,150.68,1,79
14981.0,372.92,2,241
14982.0,237.78,1,125
14983.0,183.20000000000002,1,90
14984.0,1260.51,6,348
14985.0,292.01,2,256
14986.0,563.1,2,338
14987.0,1550.6499999999999,8,607
14988.0,2038.65,7,1260
14989.0,342.4,1,200
14990.0,304.17,2,129
14991.0,314.67,1,191
14992.0,210.5,1,145
14993.0,36.13,1,21
14994.0,946.72,5,568
14995.0,231.98000000000002,2,102
14996.0,442.28999999999996,2,404
14997.0,776.5999999999999,4,1408
14998.0,753.18,4,352
14999.0,129.48000000000002,1,88
15000.0,490.52,1,218
15001.0,199.10999999999999,2,70
15002.0,4138.08,9,2214
15003.0,1027.03,6,525
15004.0,1220.77,1,623
15005.0,13754.58,56,8666
15006.0,757.78,2,387
15007.0,156.91,1,69
15008.0,360.0,2,1500
15009.0,1259.43,3,639
15010.0,308.94,1,184
15011.0,416.6,2,289
15012.0,646.26,3,383
15013.0,1610.82,10,1715
15014.0,257.67,2,149
15015.0,2354.97,13,1584
15016.0,620.89,5,243
15017.0,125.58,1,63
15018.0,496.21000000000004,3,189
15019.0,252.81,1,150
15020.0,198.47,1,111
15021.0,2500.59,12,1079
15022.0,1133.44,5,640
15023.0,11578.65,20,4758
15024.0,3559.39,16,1924
15025.0,979.79,2,503
15026.0,1048.8899999999999,5,655
15027.0,3195.6,10,2782
15028.0,962.94,6,673
15029.0,365.1,1,234
15030.0,1979.91,8,1225
15031.0,3102.94,14,1576
15032.0,11010.05,8,6601
15033.0,2557.18,10,1672
15034.0,8231.2,14,4748
15035.0,252.73000000000002,1,245
15036.0,429.56,3,316
15037.0,397.76,2,298
15038.0,1146.53,9,381
15039.0,39141.48,93,17780
15040.0,7.49,1,1
15041.0,289.4,2,194
15042.0,315.45,2,238
15043.0,2870.3199999999997,6,1019
15044.0,16024.15,35,5241
15045.0,735.66,2,114
15046.0,7623.79,25,4585
15047.0,343.62,1,222
15048.0,381.0,4,192
15049.0,121.17000000000002,1,63
15050.0,4087.19,5,2600
15051.0,3926.91,9,3052
15052.0,207.73000000000002,1,79
15053.0,693.95,3,984
15054.0,302.1,2,198
15055.0,549.12,3,225
15056.0,113.64999999999999,1,69
15057.0,3255.96,5,1394
15058.0,3387.58,16,1645
15059.0,3491.2,19,1599
15060.0,294.25,4,257
15061.0,126389.02,127,74280
15062.0,2585.62,8,1872
15063.0,370.79999999999995,1,56
15064.0,1254.41,4,810
15065.0,3326.86,5,1446
15066.0,893.59,1,317
15067.0,3862.88,5,2151
15068.0,1174.9,4,832
15069.0,1109.53,1,520
15070.0,737.0500000000001,3,339
15071.0,1455.56,4,416
15072.0,187.51999999999998,1,164
15073.0,2788.02,8,1410
15074.0,1553.1299999999999,3,1039
15075.0,773.03,1,447
15076.0,1447.74,3,866
15077.0,2428.08,2,528
15078.0,17286.73,53,8777
15079.0,3625.4,11,1459
15080.0,546.25,2,287
15081.0,1854.57,12,749
15082.0,93.35000000000001,1,43
15083.0,88.2,1,38
15084.0,965.2,2,600
15085.0,347.54,1,169
15086.0,218.53,2,95
15087.0,306.94,1,470
15088.0,1160.07,2,460
15089.0,2420.84,6,1359
15090.0,381.32,1,208
15091.0,1046.6100000000001,3,582
15092.0,776.46,3,230
15093.0,13702.38,23,10778
15094.0,83.0,2,28
15095.0,3141.64,10,2233
15096.0,219.39000000000001,1,120
15097.0,908.35,3,424
15098.0,39916.5,3,121
15099.0,410.48,1,343
15100.0,2193.8999999999996,7,270
15101.0,1477.94,6,676
15102.0,554.67,2,339
15103.0,703.36,2,329
15104.0,993.54,2,635
15105.0,3094.91,9,1747
15106.0,1422.52,5,1181
15107.0,824.35,9,330
15108.0,1300.25,4,499
15109.0,983.1,3,258
15110.0,1505.8500000000001,6,337
15111.0,2442.37,5,1058
15112.0,209.4,1,72
15113.0,3509.43,3,2344
15114.0,3400.12,12,3532
15115.0,531.85,2,245
15116.0,1352.75,4,648
15117.0,2485.9700000000003,8,3093
15118.0,244.8,1,1440
15119.0,266.4,1,88
15120.0,358.82,1,296
15121.0,457.72,2,199
15122.0,4487.27,11,2033
15123.0,4656.17,5,2524
15124.0,450.82,4,462
15125.0,17024.87,24,8433
15126.0,449.49,2,273
15127.0,711.5,2,464
15128.0,1783.68,5,1583
15129.0,6860.18,23,4002
15130.0,330.11,1,197
15131.0,80.28,1,88
15132.0,977.9300000000001,5,679
15133.0,1806.9,5,960
15134.0,1596.29,10,1057
15135.0,305.68,2,84
15136.0,1286.7,4,776
15137.0,823.4,2,596
15138.0,502.52,1,300
15139.0,178.96,2,208
15140.0,3243.69,8,2010
15141.0,1388.47,7,1197
15142.0,2619.92,6,2155
15143.0,563.63,2,320
15144.0,12160.31,29,5251
15145.0,1194.73,4,756
15146.0,1327.16,2,1473
15147.0,623.5,1,366
15148.0,301.29,1,187
15149.0,1554.6100000000001,5,380
15150.0,8977.94,13,6167
15151.0,2085.61,2,795
15152.0,5263.83,14,2994
15153.0,329.25,1,198
15154.0,1343.72,3,333
15155.0,383.96999999999997,1,192
15156.0,961.49,3,597
15157.0,2654.11,5,3466
15158.0,606.02,2,219
15159.0,22116.73,34,13512
15160.0,589.27,4,307
15161.0,119.92,1,144
15162.0,312.9,1,74
15163.0,304.47,2,186
15164.0,2028.1100000000001,9,912
15165.0,487.75,1,160
15166.0,167.16,1,140
15167.0,1627.62,5,863
15168.0,106.56,1,52
15169.0,569.22,2,356
15170.0,81.15,1,33
15171.0,1289.5,1,290
15172.0,1624.05,5,1611
15173.0,1494.6,7,840
15174.0,481.46,2,382
15175.0,224.14,1,454
15176.0,988.04,1,448
15177.0,948.93,1,485
15178.0,40.5,1,30
15179.0,7491.92,13,5416
15180.0,816.9300000000001,3,654
15181.0,1200.2,5,688
15182.0,2998.952,11,1186
15183.0,639.93,3,297
15184.0,685.39,4,462
15185.0,310.62,1,666
15186.0,1403.2,5,716
15187.0,4777.18,16,1887
15188.0,310.43,1,233
15189.0,17524.38,46,6902
15190.0,834.4399999999999,1,790
15191.0,588.05,3,287
15192.0,1666.39,5,1448
15193.0,499.32,1,144
15194.0,12021.53,28,8922
15195.0,3861.0,1,1404
15196.0,313.7,2,130
15197.0,1877.51,6,1058
15198.0,571.35,5,327
15199.0,3122.4,10,894
15200.0,549.05,1,195
15201.0,1842.95,7,1660
15202.0,6001.49,3,3
15203.0,4400.18,15,4182
15204.0,316.58,1,258
15205.0,653.24,2,378
15206.0,420.29999999999995,4,162
15207.0,683.9200000000001,3,428
15208.0,970.52,6,356
15209.0,178.98000000000002,1,94
15210.0,1176.19,3,841
15211.0,894.4100000000001,2,240
15212.0,208.28,2,84
15213.0,328.35,2,272
15214.0,1661.44,8,1254
15215.0,2422.43,7,776
15216.0,486.09,2,217
15217.0,426.24,1,190
15218.0,11468.83,22,6530
15219.0,685.45,2,271
15220.0,1778.96,6,1393
15221.0,2062.2000000000003,4,244
15222.0,3550.91,11,4458
15223.0,1417.95,5,385
15224.0,871.36,5,443
15225.0,409.40000000000003,1,226
15226.0,154.41,1,71
15227.0,2488.4900000000002,9,1217
15228.0,5580.2699999999995,6,3375
15229.0,160.5,1,114
15230.0,429.6,2,351
15231.0,250.26,1,190
15232.0,612.06,2,686
15233.0,59.400000000000006,1,12
15234.0,197.0,1,196
15235.0,2772.76,16,1676
15236.0,321.05,1,269
15237.0,1412.32,4,1071
15238.0,1071.99,3,692
15239.0,780.59,2,594
15240.0,4459.98,12,3214
15241.0,3050.16,11,3328
15242.0,302.04,1,196
15243.0,927.2800000000001,2,543
15244.0,912.08,3,472
15245.0,4610.84,8,3021
15246.0,780.4,3,359
15247.0,976.06,3,514
15248.0,1893.93,3,1065
15249.0,9266.0,18,4980
15250.0,60.0,1,48
15251.0,20324.54,21,12108
15252.0,2103.41,5,1430
15253.0,2055.09,8,1588
15254.0,1088.35,3,711
15255.0,3706.02,9,2214
15256.0,170.4,2,92
15257.0,685.9,2,71
15258.0,623.16,2,142
15259.0,1182.3799999999999,4,631
15260.0,8767.73,25,4468
15261.0,1508.0,4,806
15262.0,418.82,3,218
15263.0,156.51,1,89
15264.0,848.4,2,443
15265.0,3345.64,4,1570
15266.0,852.21,5,236
15267.0,1717.36,5,944
15268.0,961.9000000000001,3,428
15269.0,1225.3600000000001,3,372
15270.0,8524.86,21,4010
15271.0,4528.54,24,2412
15272.0,2030.95,6,665
15273.0,228.96,1,216
15274.0,716.57,2,619
15275.0,615.14,1,498
15276.0,619.8,4,317
15277.0,476.34,2,373
15278.0,496.15999999999997,4,458
15279.0,1580.54,5,802
15280.0,397.52,3,507
15281.0,8543.57,16,5233
15282.0,348.59,1,395
15283.0,148.33,3,27
15284.0,24.75,1,5
15285.0,94.92,1,120
15286.0,240.55,1,55
15287.0,856.03,5,1010
15288.0,3715.38,10,1336
15289.0,1593.09,5,1627
15290.0,10496.28,26,6567
15291.0,13517.76,40,4905
15292.0,178.39,1,55
15293.0,247.5,1,178
15294.0,233.35,1,97
15295.0,207.04,1,139
15296.0,10323.03,12,5452
15297.0,641.94,3,292
15298.0,9061.77,23,6000
15299.0,6156.53,10,3356
15300.0,496.44,1,292
15301.0,6909.67,17,3763
15302.0,308.0,1,102
15303.0,1224.18,3,514
15304.0,796.4000000000001,9,112
15305.0,93.6,1,40
15306.0,3484.73,9,3074
15307.0,205.3,1,37
15308.0,310.47,1,175
15309.0,797.96,4,440
15310.0,1634.64,1,1476
15311.0,114966.42,208,70149
15312.0,2930.19,12,1693
15313.0,52.0,1,25
15314.0,820.4499999999999,3,750
15315.0,570.5,2,862
15316.0,165.0,1,100
15317.0,129.75,1,45
15318.0,312.62,1,642
15319.0,204.5,1,175
15320.0,267.13,1,326
15321.0,6709.7300000000005,12,3653
15322.0,1390.86,2,971
15323.0,434.6,3,188
15324.0,140.22000000000003,1,74
15325.0,1601.46,8,1382
15326.0,1700.52,5,1351
15327.0,208.75,1,116
15328.0,107.24,1,88
15329.0,2958.83,11,1217
15330.0,714.96,2,1312
15331.0,767.91,3,701
15332.0,4892.68,6,2306
15333.0,1028.56,1,344
15334.0,350.82,3,273
15335.0,170.22,1,79
15336.0,240.5,1,84
15337.0,373.02,1,200
15338.0,277.93,1,148
15339.0,1821.02,7,1138
15340.0,105.5,1,76
15341.0,2402.7200000000003,2,1008
15342.0,406.09,1,283
15343.0,364.5,1,84
15344.0,563.94,3,116
15345.0,393.54,1,81
15346.0,596.12,3,260
15347.0,1162.0,4,542
15348.0,158.04,1,84
15349.0,463.90999999999997,2,321
15350.0,547.6,2,272
15351.0,3430.22,10,1350
15352.0,111.15,1,40
15353.0,2794.4700000000003,7,1391
15354.0,284.4,3,3
15355.0,277.05,2,45
15356.0,3239.57,13,1892
15358.0,16425.86,42,14902
15359.0,181.35,8,145
15360.0,427.93,1,223
15361.0,689.07,4,373
15362.0,613.08,2,368
15363.0,678.11,2,383
15364.0,913.19,2,493
15365.0,4557.13,13,2131
15366.0,2389.08,7,2447
15367.0,5081.33,11,2944
15368.0,722.74,2,406
15369.0,6251.26,11,3288
15370.0,3739.01,8,1397
15371.0,59.400000000000006,1,12
15372.0,6017.06,8,6410
15373.0,3084.54,17,726
15374.0,307.32,2,290
15375.0,60.959999999999994,1,84
15376.0,1221.56,3,615
15377.0,1211.75,4,253
15378.0,246.5,2,130
15379.0,4877.84,8,3000
15380.0,3248.96,11,954
15381.0,1890.5700000000002,5,802
15382.0,13733.550000000001,12,9178
15384.0,2027.79,4,1767
15385.0,942.08,3,428
15386.0,394.14,1,446
15387.0,468.65,1,335
15388.0,140.54,1,88
15389.0,2733.8,5,3940
15390.0,1216.66,2,894
15391.0,289.87,1,109
15392.0,2911.62,7,2144
15393.0,891.34,5,378
15394.0,5286.8,11,2372
15395.0,107.45,1,17
15396.0,796.38,2,278
15397.0,94.0,1,20
15398.0,1345.53,2,769
15399.0,815.77,3,611
15400.0,1302.3,8,662
15401.0,216.95000000000002,2,93
15402.0,1830.54,6,2034
15403.0,170.88,2,492
15404.0,257.06,1,334
15405.0,659.84,2,348
15406.0,975.87,4,547
15407.0,1046.74,4,552
15408.0,267.18,1,106
15409.0,131.25,1,59
15410.0,4685.72,10,1902
15411.0,1348.93,4,529
15412.0,190.53,1,108
15413.0,6798.72,5,2694
15414.0,774.9000000000001,3,443
15415.0,559.61,1,551
15416.0,4572.82,7,2420
15417.0,508.8,1,284
15418.0,449.42,2,264
15419.0,135.86,1,230
15420.0,743.0,6,844
15421.0,3805.34,10,1927
15422.0,1619.97,7,710
15423.0,266.89,3,198
15424.0,597.78,3,873
15425.0,1941.1200000000001,4,1041
15426.0,2156.35,9,1041
15427.0,1430.54,3,967
15428.0,762.75,4,347
15429.0,397.35,2,380
15430.0,954.75,2,309
15431.0,153.24,1,84
15432.0,320.76,2,92
15433.0,533.3,2,534
15434.0,2567.06,11,1423
15435.0,149.29,1,54
15436.0,1067.75,3,574
15437.0,393.45,2,177
15438.0,156.57999999999998,1,59
15439.0,1269.05,4,572
15440.0,383.68,3,197
15441.0,1254.21,3,587
15442.0,594.0,1,120
15443.0,5114.23,14,2699
15444.0,1411.21,2,759
15445.0,284.5,2,118
15446.0,399.75,3,265
15447.0,492.88,5,228
15448.0,788.81,2,487
15449.0,974.52,3,812
15450.0,429.84,1,376
15451.0,226.86,2,76
15452.0,1785.1100000000001,6,1087
15453.0,1371.77,7,837
15454.0,305.99,2,146
15455.0,38.25,1,3
15456.0,2091.52,10,2727
15457.0,237.07,1,132
15458.0,370.43999999999994,2,300
15459.0,202.82999999999998,2,121
15460.0,214.26,1,107
15461.0,429.7,2,230
15462.0,737.05,4,495
15463.0,126.14,1,106
15464.0,1044.65,1,348
15465.0,12100.4,32,2638
15466.0,1560.46,4,941
15467.0,524.88,3,310
15468.0,1430.48,3,1400
15469.0,874.25,3,287
15470.0,63.419999999999995,1,232
15471.0,1292.01,3,670
15472.0,371.56,1,251
15473.0,2046.0,8,776
15474.0,150.35,1,55
15475.0,454.10999999999996,1,319
15476.0,2209.98,4,1174
15477.0,368.4,1,216
15478.0,1983.48,3,894
15479.0,147.4,1,38
15480.0,6279.0,5,1852
15481.0,1993.34,1,1450
15482.0,14417.36,19,6516
15483.0,817.8199999999999,10,905
15484.0,4652.1,6,4074
15485.0,4810.92,7,2153
15486.0,102.0,1,40
15487.0,231.32,1,144
15488.0,431.92,5,251
15489.0,2419.61,8,1264
15490.0,210.85,1,82
15491.0,3100.09,6,1646
15492.0,659.4599999999999,2,483
15493.0,4121.68,9,1206
15494.0,3702.6,5,3052
15495.0,246.5,1,194
15496.0,146.14000000000001,1,98
15497.0,8657.39,9,2937
15498.0,24972.86,44,12134
15499.0,158.65,1,59
15500.0,1131.56,4,572
15501.0,399.95,2,205
15502.0,13003.869999999999,14,5559
15503.0,257.3,2,130
15504.0,402.7,4,141
15505.0,3610.96,5,2390
15506.0,2030.33,6,1637
15507.0,475.86,1,160
15508.0,1000.27,6,440
15509.0,152.41,1,58
15510.0,250.0,1,2
15511.0,900.53,5,269
15512.0,331.58,4,235
15513.0,26437.05,35,10477
15514.0,6392.06,18,4087
15515.0,171.81,1,131
15516.0,62.43,3,27
15517.0,267.03,1,293
15518.0,4189.99,15,2810
15519.0,344.61,2,116
15520.0,343.5,1,314
15521.0,7098.24,16,4507
15522.0,397.99,2,572
15523.0,17259.19,16,15633
15524.0,591.4,2,28
15525.0,890.22,4,527
15526.0,148.44,2,24
15527.0,5554.89,23,2211
15528.0,229.33,1,123
15529.0,4783.66,12,4271
15530.0,1808.68,5,1328
15531.0,1972.39,2,1085
15532.0,3738.85,10,1337
15533.0,807.57,3,289
15534.0,162.25,1,63
15535.0,1044.3700000000001,6,314
15536.0,259.09,1,242
15537.0,110.92,1,29
15538.0,3358.3999999999996,6,1016
15539.0,538.46,1,410
15540.0,460.68,2,444
15541.0,85.13000000000001,1,49
15542.0,855.71,3,418
15543.0,242.26,2,167
15544.0,7807.89,20,6745
15545.0,288.96999999999997,2,162
15546.0,1079.1000000000001,2,198
15547.0,10057.05,26,7278
15548.0,158.09,1,64
15549.0,2334.16,8,936
15550.0,2211.05,12,1139
15551.0,1679.81,7,796
15552.0,252.52,2,166
15553.0,428.93,1,449
15554.0,217.2,1,74
15555.0,11243.91,36,8511
15556.0,279.77,1,236
15557.0,468.91,1,213
15558.0,202.68,1,73
15559.0,1109.4,1,526
15560.0,153.52,2,72
15561.0,1934.3899999999999,8,1334
15562.0,671.4300000000001,3,560
15563.0,2859.46,7,3005
15564.0,70.74000000000001,2,42
15565.0,173.16,2,60
15566.0,227.87,2,153
15567.0,186.01,1,223
15568.0,758.29,3,461
15569.0,3583.45,10,1734
15570.0,8736.49,25,4079
15571.0,3892.35,14,2411
15572.0,3965.2,10,2089
15573.0,1188.42,5,770
15574.0,1101.44,6,750
15575.0,30.1,1,6
15576.0,921.37,1,394
15577.0,396.03000000000003,5,120
15578.0,127.1,1,52
15579.0,1250.63,5,713
15580.0,1375.39,8,955
15581.0,7480.4,38,3028
15582.0,682.9100000000001,3,453
15583.0,95.96,1,56
15584.0,1268.2,6,483
15585.0,455.3,1,320
15586.0,1139.1,3,1338
15587.0,1522.0800000000002,7,528
15588.0,579.6,1,96
15589.0,478.53000000000003,3,243
15590.0,1496.6,5,832
15591.0,217.9,3,58
15592.0,388.58,1,354
15593.0,199.8,1,60
15594.0,1771.78,5,983
15595.0,357.6,1,144
15596.0,2727.72,9,1208
15597.0,563.37,2,393
15598.0,548.02,2,404
15599.0,1250.06,3,1098
15600.0,1199.31,4,657
15601.0,14191.74,30,10395
15602.0,3137.96,16,2292
15603.0,88.48,2,128
15604.0,216.39,1,159
15605.0,1741.95,9,641
15606.0,5230.99,17,1615
15607.0,1708.97,9,1470
15608.0,1785.98,5,1262
15609.0,298.48,1,148
15610.0,112.46000000000001,1,66
15611.0,2997.28,26,747
15612.0,195.15,2,52
15613.0,433.71999999999997,1,700
15614.0,3147.36,4,1632
15615.0,21373.97,47,12090
15616.0,317.11,1,137
15617.0,828.5500000000001,3,485
15618.0,776.851,4,454
15619.0,336.40000000000003,1,136
15620.0,1942.36,4,1249
15621.0,1293.03,4,501
15622.0,7852.61,17,4091
15623.0,2437.05,8,1087
15624.0,588.13,4,357
15625.0,3236.4,9,3020
15626.0,1067.52,3,1138
15627.0,566.9,2,344
15628.0,5333.08,17,3569
15629.0,2240.9,4,1518
15630.0,1481.4,3,987
15631.0,596.67,1,525
15632.0,3285.31,8,2109
15633.0,4335.96,13,2048
15634.0,554.65,2,227
15635.0,100.35,1,5
15636.0,1444.58,4,560
15637.0,797.59,5,651
15638.0,2265.2,6,1134
15639.0,1065.08,3,849
15640.0,23494.31,29,12140
15641.0,5345.55,12,4422
15642.0,105.78000000000002,1,270
15643.0,664.0,3,246
15644.0,803.54,4,550
15645.0,1055.17,3,396
15646.0,784.8100000000001,5,821
15647.0,169.0,1,124
15648.0,639.5,2,218
15649.0,1660.35,4,365
15650.0,553.88,2,210
15651.0,1259.06,5,871
15652.0,1405.94,5,657
15653.0,877.4399999999999,2,1200
15654.0,922.53,2,475
15655.0,560.67,1,324
15656.0,748.5,4,343
15657.0,30.0,1,24
15658.0,2117.27,8,627
15659.0,532.49,3,161
15660.0,2603.69,15,1783
15661.0,1215.95,8,779
15662.0,283.73,2,145
15663.0,138.14,1,106
15664.0,1254.03,4,530
15665.0,3987.07,5,2777
15666.0,632.9399999999999,2,469
15667.0,301.32,1,240
15668.0,76.32000000000001,1,72
15669.0,684.34,4,342
15670.0,325.2,2,132
15671.0,2657.13,7,1699
15672.0,45.300000000000004,1,10
15673.0,6204.32,9,3274
15674.0,6948.2300000000005,13,3648
15675.0,542.04,4,624
15676.0,3435.76,3,2252
15677.0,1305.63,3,675
15678.0,1825.94,3,1022
15679.0,781.28,4,1170
15680.0,4028.69,10,2743
15681.0,2989.7,14,1392
15682.0,318.24,2,222
15683.0,524.54,2,332
15684.0,173.95,3,77
15685.0,55.980000000000004,1,36
15686.0,90.0,1,72
15687.0,2993.1,9,1310
15688.0,190.57,1,95
15689.0,521.03,3,207
15690.0,239.76,2,408
15691.0,571.3,4,212
15692.0,191.04,1,138
15693.0,37.5,1,30
15694.0,9978.48,24,2467
15695.0,1131.04,4,484
15696.0,3881.2200000000003,13,1386
15697.0,246.75,1,127
15698.0,46.2,1,60
15699.0,309.65,1,113
15700.0,696.68,2,357
15701.0,1529.0,4,912
15702.0,140.39000000000001,2,103
15703.0,211.5,1,66
15704.0,3734.6600000000003,6,1709
15705.0,143.1,1,62
15706.0,1060.56,4,321
15707.0,916.98,4,594
15708.0,3887.15,9,1465
15709.0,327.85,2,169
15710.0,898.87,1,641
15711.0,420.25,2,199
15712.0,3472.4100000000003,12,1277
15713.0,839.64,4,451
15714.0,783.96,5,361
15715.0,658.02,5,246
15716.0,2485.26,11,1379
15717.0,607.0,5,224
15718.0,293.79,1,95
15719.0,10195.97,31,5356
15720.0,739.22,2,327
15721.0,471.40000000000003,1,388
15722.0,5234.0,11,2279
15723.0,930.7,4,427
15724.0,310.85,3,117
15725.0,415.25,1,221
15726.0,321.91,1,123
15727.0,9371.71,15,5908
15728.0,544.6,2,132
15729.0,192.55,3,47
15730.0,1726.58,5,1061
15731.0,125.3,1,122
15732.0,1543.97,10,1264
15733.0,162.3,1,62
15734.0,2263.3,4,516
15735.0,327.68,1,206
15736.0,1767.12,2,1208
15737.0,1188.1200000000001,8,597
15738.0,13043.32,41,9030
15739.0,449.12,1,472
15740.0,154.88,1,152
15741.0,208.62,2,70
15742.0,156.87,1,51
15743.0,775.96,4,214
15744.0,34.8,1,120
15745.0,1094.59,4,421
15746.0,196.88,1,178
15747.0,2499.81,9,1344
15748.0,609.8100000000001,3,261
15749.0,44534.3,3,18028
15750.0,6452.991,18,4281
15751.0,1380.44,11,443
15752.0,3924.91,9,2792
15753.0,79.2,1,144
15754.0,3037.61,9,1762
15755.0,5993.12,17,4034
15756.0,528.01,4,241
15757.0,2940.36,6,1757
15758.0,205.25,1,47
15759.0,830.9300000000001,7,523
15760.0,13916.34,2,2
15761.0,143.05,1,31
15762.0,583.75,2,251
15763.0,1086.92,2,271
15764.0,4503.08,8,2945
15765.0,370.63,1,335
15766.0,831.06,3,334
15768.0,15308.89,34,4215
15769.0,88612.52,46,49068
15770.0,321.45,1,67
15771.0,1006.54,3,512
15772.0,280.88,1,110
15773.0,774.52,2,410
15774.0,1288.34,6,465
15775.0,150.5,2,260
15776.0,241.62,1,138
15777.0,1762.61,7,599
15778.0,307.95,1,101
15779.0,124.08000000000001,2,20
15780.0,475.28000000000003,3,220
15781.0,345.46,3,180
15782.0,4014.1,4,1844
15783.0,246.3,1,212
15784.0,848.3299999999999,2,381
15785.0,5969.93,16,4479
15786.0,8501.62,5,5957
15787.0,933.26,3,534
15788.0,221.82999999999998,1,115
15789.0,1962.01,6,2499
15790.0,218.75,1,113
15791.0,3608.34,5,1970
15792.0,933.84,2,606
15793.0,2399.57,8,1685
15794.0,777.0,2,288
15795.0,1979.8700000000001,8,1411
15796.0,5171.63,17,1733
15797.0,2821.08,6,1281
15798.0,1535.37,3,915
15799.0,1421.34,4,1341
15800.0,1227.07,7,575
15801.0,1063.95,3,570
15802.0,451.42,1,1
15803.0,1929.66,4,1030
15804.0,4206.39,13,2565
15805.0,10148.93,30,6205
15806.0,784.58,3,602
15807.0,1817.52,5,1532
15808.0,17180.25,21,6753
15809.0,1274.44,7,700
15810.0,2999.04,8,1653
15811.0,3486.15,7,1781
15812.0,5201.47,12,3450
15813.0,1303.9099999999999,2,603
15814.0,2634.44,6,1728
15815.0,2100.6,5,1856
15816.0,144.14999999999998,2,54
15817.0,2766.4,3,1596
15818.0,340.5,1,284
15819.0,3934.79,10,2928
15820.0,206.98,1,128
15821.0,570.96,2,202
15822.0,1840.06,6,950
15823.0,3882.17,3,1774
15824.0,890.94,2,478
15825.0,532.94,1,220
15826.0,2598.28,4,1824
15827.0,3603.14,28,1715
15828.0,1108.82,1,367
15829.0,636.14,2,996
15830.0,576.0,1,415
15831.0,794.64,3,1092
15832.0,836.79,1,465
15833.0,80.4,1,24
15834.0,3764.39,7,1815
15835.0,954.09,4,439
15836.0,137.37,1,26
15837.0,777.01,2,405
15838.0,73205.5,34,64114
15839.0,1048.49,3,675
15840.0,355.56,2,396
15841.0,2742.41,9,2391
15842.0,548.8,2,296
15843.0,118.95000000000002,1,27
15844.0,130.73999999999998,1,134
15845.0,4426.28,11,2128
15846.0,107.01,1,79
15847.0,822.57,5,643
15848.0,137.99,1,45
15850.0,1006.75,6,1334
15851.0,109.73,1,67
15852.0,257.26,3,60
15853.0,110.8,1,135
15854.0,5578.28,21,1691
15855.0,1052.72,6,712
15856.0,32275.95,52,19550
15857.0,570.48,2,584
15858.0,3552.41,13,2715
15859.0,438.46,1,174
15860.0,2361.3,17,1259
15861.0,4369.2,12,3837
15862.0,2512.29,13,1520
15863.0,355.1,5,162
15864.0,2180.76,7,1486
15865.0,2241.42,5,1141
15866.0,211.89,1,124
15867.0,8923.3,31,5067
15868.0,94.53,1,57
15869.0,321.11,3,273
15870.0,857.46,4,504
15871.0,33.099999999999994,1,5
15872.0,729.25,4,467
15873.0,313.91999999999996,4,1152
15874.0,11284.76,21,5102
15875.0,108.52,1,74
15876.0,1449.1399999999999,2,886
15877.0,490.33,2,368
15878.0,330.77,2,243
15879.0,1137.8,4,639
15880.0,329.03000000000003,1,202
15881.0,501.39000000000004,5,260
15882.0,1124.66,8,650
15883.0,396.48,2,223
15884.0,244.60000000000002,2,152
15885.0,1951.82,15,622
15886.0,1052.8700000000001,4,667
15887.0,1027.15,3,605
15888.0,429.16,3,139
15889.0,1427.6,8,800
15890.0,535.65,5,119
15891.0,511.68,1,418
15892.0,128.2,1,46
15893.0,305.28000000000003,1,288
15894.0,258.25,2,164
15895.0,179.17,1,94
15897.0,208.59,2,223
15898.0,4996.45,25,2160
15899.0,56.25,1,39
15900.0,886.5699999999999,4,656
15901.0,687.72,7,695
15902.0,145.01,1,124
15903.0,8939.84,12,3926
15904.0,164.68,1,84
15905.0,114.69,1,82
15906.0,2530.19,10,749
15907.0,882.72,3,478
15908.0,758.62,2,173
15909.0,191.94,1,98
15910.0,2661.17,15,2158
15911.0,1700.24,8,810
15912.0,1074.7,9,759
15913.0,6.300000000000001,1,3
15914.0,205.99,2,149
15915.0,364.45,1,414
15916.0,3145.2400000000002,13,1618
15917.0,530.17,5,248
15918.0,582.88,3,240
15919.0,525.69,2,385
15920.0,569.14,9,238
15921.0,775.26,4,335
15922.0,369.5,1,138
15923.0,127.08,1,122
15924.0,102.82,1,103
15925.0,207.15,1,93
15926.0,134.44,1,155
15927.0,106.54,1,66
15928.0,293.53,1,164
15929.0,594.0,1,120
15930.0,426.63,1,139
15931.0,239.9,1,118
15932.0,2495.87,8,2325
15933.0,1107.46,3,885
15934.0,2190.66,2,2166
15935.0,416.86,2,115
15936.0,282.79,2,211
15937.0,145.35,1,73
15938.0,734.81,9,449
15939.0,9060.39,16,6260
15940.0,35.8,1,4
15941.0,405.0,1,60
15942.0,337.44,1,232
15943.0,271.28999999999996,2,183
15944.0,2164.24,4,859
15945.0,646.27,4,345
15946.0,2304.18,3,1614
15947.0,1708.24,1,898
15948.0,1509.0900000000001,3,852
15949.0,364.72,2,284
15950.0,7120.91,10,3354
15951.0,1013.17,3,420
15952.0,781.91,4,391
15953.0,3440.3399999999997,18,1741
15954.0,190.75,1,119
15955.0,8085.9800000000005,22,3967
15956.0,617.6,2,278
15957.0,921.25,3,453
15958.0,462.12,4,154
15959.0,542.89,3,269
15960.0,410.95,4,258
15961.0,451.28999999999996,1,154
15962.0,289.48,1,228
15963.0,470.76,2,298
15964.0,269.21000000000004,1,93
15965.0,2771.94,13,1313
15966.0,426.53000000000003,1,275
15967.0,2966.0,12,1183
15968.0,404.55,1,247
15969.0,1127.05,5,223
15970.0,1017.32,2,498
15971.0,5902.83,18,2251
15972.0,1769.33,5,468
15973.0,680.62,3,195
15974.0,3442.15,7,2262
15975.0,371.01,1,243
15976.0,1694.41,6,1053
15977.0,1054.73,2,1016
15978.0,3279.42,3,2444
15979.0,329.22,1,450
15980.0,6543.68,7,4822
15981.0,9362.77,21,4827
15982.0,324.51,1,131
15983.0,3110.37,8,1872
15984.0,8393.02,30,5730
15985.0,2715.28,7,2750
15986.0,354.42,2,368
15987.0,1535.99,8,1599
15988.0,738.89,3,476
15989.0,368.31,2,169
15990.0,1997.75,7,1086
15991.0,150.55,1,41
15992.0,896.6,3,514
15993.0,2777.67,7,2037
15994.0,1175.68,3,462
15995.0,694.54,1,352
15996.0,1386.4,7,643
15998.0,8274.14,16,5350
15999.0,20.4,1,24
16000.0,12393.7,3,5110
16001.0,583.39,1,337
16002.0,169.21,1,70
16003.0,5613.83,10,2210
16004.0,2146.39,5,1076
16005.0,2365.4900000000002,10,1269
16006.0,332.82,2,205
16007.0,3053.06,7,2631
16008.0,5339.13,15,3237
16009.0,972.11,4,366
16010.0,1694.86,11,919
16011.0,5601.01,29,3323
16012.0,2978.59,5,1760
16013.0,56078.44,84,25520
16014.0,1100.28,5,462
16015.0,704.55,3,907
16016.0,2083.4,11,881
16017.0,1545.58,5,635
16018.0,698.13,4,503
16019.0,17329.16,27,6959
16020.0,851.01,3,487
16021.0,487.03,2,276
16022.0,602.63,1,255
16023.0,719.81,3,358
16024.0,483.99,3,504
16025.0,439.65999999999997,1,338
16026.0,236.09,1,243
16027.0,2048.36,15,2099
16028.0,82.2,1,18
16029.0,117763.62,107,54450
16030.0,331.24,1,283
16031.0,547.9,2,421
16032.0,1965.72,6,1467
16033.0,10608.81,27,4200
16034.0,911.3199999999999,6,585
16035.0,217.73,1,33
16036.0,2556.84,4,1369
16037.0,1509.34,5,766
16038.0,471.78000000000003,3,244
16039.0,456.4,2,409
16040.0,2416.9,7,1185
16041.0,3166.4,3,1584
16042.0,2245.32,8,1430
16043.0,1856.5900000000001,8,1011
16044.0,340.84000000000003,1,170
16045.0,3434.9300000000003,8,2108
16046.0,235.78,1,248
16047.0,107.14,1,1
16048.0,818.7900000000001,4,425
16049.0,1852.15,6,1132
16050.0,300.7,3,388
16051.0,188.44,1,80
16052.0,362.06,1,282
16053.0,3634.84,6,3067
16054.0,2111.88,4,791
16055.0,134.8,1,22
16056.0,650.75,1,345
16057.0,3854.85,10,1691
16058.0,62.7,1,18
16059.0,3053.57,12,1431
16060.0,541.95,3,243
16061.0,89.65,1,19
16062.0,2863.45,8,2035
16063.0,335.32,1,262
16064.0,109.31,1,55
16065.0,1992.13,8,1207
16066.0,1521.04,5,935
16067.0,3269.11,3,1236
16068.0,115.73,1,48
16069.0,457.7,1,138
16070.0,852.15,2,457
16071.0,1076.8,4,697
16072.0,4180.09,4,1580
16073.0,122.39999999999999,1,48
16074.0,252.5,1,38
16075.0,736.9300000000001,2,271
16076.0,2234.73,10,1435
16077.0,2300.4,1,840
16078.0,362.99,2,200
16079.0,1352.0,3,864
16080.0,602.5600000000001,4,298
16081.0,4278.96,8,2177
16082.0,106.75,1,39
16083.0,2351.42,4,1514
16084.0,436.18,1,216
16085.0,2341.03,12,1382
16086.0,2687.73,10,1450
16087.0,1739.92,5,664
16088.0,1437.43,2,373
16089.0,263.49,2,119
16090.0,180.56,1,58
16091.0,315.06,2,154
16092.0,1587.94,6,1188
16093.0,17.0,1,20
16094.0,3695.56,11,2020
16095.0,447.05,1,265
16096.0,1584.97,4,700
16097.0,185.04999999999998,1,87
16098.0,4010.7,14,2008
16099.0,1573.2,7,960
16100.0,582.64,1,438
16101.0,3229.16,4,1844
16102.0,1842.14,3,942
16103.0,6191.71,22,2639
16104.0,2774.46,9,1047
16105.0,2386.19,5,2125
16106.0,108.38,1,74
16107.0,3204.1600000000003,7,1176
16108.0,2235.92,4,1473
16109.0,939.48,3,1092
16110.0,1781.59,4,880
16111.0,549.33,1,233
16112.0,195.73999999999998,4,574
16113.0,161.38,1,176
16114.0,135.75000000000003,1,43
16115.0,2553.8,12,1589
16116.0,612.78,1,248
16117.0,654.4,3,321
16118.0,4376.25,1,2851
16119.0,1720.81,8,811
16120.0,2967.51,6,2161
16121.0,1450.04,5,879
16122.0,895.62,6,1280
16123.0,307.78,1,170
16124.0,1772.49,4,797
16125.0,4292.35,14,1819
16126.0,14644.6,15,6140
16127.0,801.31,2,391
16128.0,3801.05,11,2445
16129.0,1396.05,3,1261
16130.0,987.48,4,296
16131.0,9957.42,12,4768
16132.0,664.1999999999999,2,280
16133.0,22992.260000000002,56,13653
16134.0,2145.34,5,1637
16135.0,819.45,2,395
16136.0,946.8,4,674
16137.0,422.7,1,210
16138.0,910.35,3,774
16139.0,1111.15,5,602
16140.0,1433.46,3,1272
16141.0,955.94,2,410
16142.0,535.34,1,422
16143.0,4555.08,12,1866
16144.0,175.2,1,16
16145.0,6805.4400000000005,19,5270
16146.0,946.38,4,544
16147.0,2398.91,5,1395
16148.0,386.62,2,250
16149.0,422.22,3,598
16150.0,4002.17,10,1990
16152.0,1829.04,1,642
16153.0,5133.49,11,3693
16155.0,796.9,5,495
16156.0,6188.18,20,3205
16157.0,656.69,3,347
16158.0,628.32,9,182
16159.0,1232.79,4,635
16160.0,1025.44,2,1162
16161.0,12580.06,43,6255
16162.0,37.4,1,4
16163.0,2407.98,6,676
16164.0,822.48,3,433
16165.0,79.9,1,2
16166.0,435.83,2,173
16167.0,1386.1200000000001,5,1494
16168.0,10360.67,66,4975
16169.0,1822.97,4,1325
16170.0,6869.0,20,6056
16171.0,73.2,1,24
16172.0,1884.55,8,1419
16173.0,1418.32,6,575
16174.0,2246.75,7,1431
16175.0,1836.44,7,932
16176.0,2052.69,4,952
16177.0,2247.31,8,1021
16178.0,612.6,2,304
16179.0,215.83,1,99
16180.0,16249.87,13,9813
16181.0,305.54,1,152
16182.0,9971.65,9,5887
16183.0,1077.81,4,351
16184.0,1158.79,6,561
16185.0,644.72,3,321
16186.0,8718.43,26,6594
16187.0,6911.4400000000005,15,5048
16188.0,1087.66,5,838
16189.0,215.48,2,134
16190.0,2723.55,8,1231
16191.0,15677.82,24,9348
16192.0,351.3,1,208
16193.0,630.43,2,379
16194.0,308.59999999999997,1,140
16195.0,323.25,1,123
16196.0,93.3,1,26
16197.0,2016.71,9,1420
16198.0,1030.0410000000002,2,384
16199.0,942.75,7,321
16200.0,5608.1,12,3068
16201.0,2112.12,5,1421
16202.0,2501.9900000000002,9,1307
16203.0,943.84,6,537
16204.0,918.71,3,671
16205.0,1820.1100000000001,7,1452
16206.0,2589.87,13,1379
16207.0,394.38,1,140
16208.0,3440.45,10,1541
16209.0,4146.78,9,1895
16210.0,33750.97,35,12397
16211.0,1090.59,3,519
16212.0,1293.71,4,571
16213.0,159.0,1,48
16214.0,2038.25,4,1308
16215.0,242.35,1,104
16216.0,914.9300000000001,1,254
16217.0,304.25,2,91
16218.0,3968.67,13,2799
16219.0,40.8,1,48
16221.0,2019.92,9,1449
16222.0,1272.05,2,463
16223.0,1087.05,2,643
16224.0,1616.54,5,1555
16225.0,2859.31,15,1281
16226.0,672.1700000000001,5,521
16227.0,1027.22,3,436
16228.0,885.71,3,555
16229.0,2867.86,6,1292
16230.0,542.03,2,365
16231.0,1074.47,4,563
16232.0,2712.97,7,1849
16233.0,1818.31,9,677
16234.0,333.18,3,170
16235.0,2053.71,9,788
16236.0,432.2,1,184
16237.0,136.65,1,57
16238.0,63.66,1,85
16239.0,1492.2,6,692
16240.0,3718.8,2,1641
16241.0,3992.86,16,2258
16242.0,7404.65,14,3921
16243.0,409.1,2,110
16244.0,1522.75,2,855
16245.0,1413.66,3,1014
16246.0,821.35,2,336
16247.0,114.56,1,182
16248.0,152.94,1,78
16249.0,1800.07,5,950
16250.0,565.24,3,268
16251.0,128.31,1,44
16252.0,295.09000000000003,1,158
16253.0,7272.2,7,6030
16254.0,967.44,3,543
16255.0,4530.0,15,2876
16256.0,1629.37,3,1590
16257.0,46.95,1,2
16258.0,11942.52,15,7200
16259.0,340.94,3,143
16260.0,1035.45,1,311
16261.0,1041.16,6,454
16262.0,755.15,1,446
16263.0,348.16,1,197
16264.0,823.53,2,616
16265.0,6935.17,12,3214
16266.0,1757.95,14,791
16267.0,186.66,1,198
16268.0,667.65,2,533
16269.0,717.57,1,579
16270.0,1141.24,1,688
16271.0,3397.82,10,2359
16272.0,411.7,1,224
16273.0,318.34000000000003,2,40
16274.0,351.75,1,153
16275.0,2151.11,3,1268
16276.0,2629.3900000000003,3,1467
16277.0,188.69,1,33
16278.0,1117.84,3,342
16279.0,5698.28,9,3683
16280.0,238.05,1,101
16281.0,3424.02,3,1570
16282.0,1307.58,3,790
16283.0,4350.32,8,2867
16284.0,1018.48,3,674
16285.0,176.9,1,60
16286.0,328.95,2,101
16287.0,1006.98,5,1426
16288.0,129.85,1,19
16289.0,136.31,1,97
16290.0,1957.7,4,957
16291.0,117.72,1,1
16292.0,1253.76,5,688
16293.0,4279.2,15,1833
16294.0,126.05000000000001,1,54
16295.0,1328.55,4,841
16296.0,1313.67,4,645
16297.0,301.9,1,206
16298.0,1085.7,7,308
16299.0,193.65,1,107
16300.0,1367.32,3,643
16301.0,107.33,1,41
16302.0,233.22,1,158
16303.0,7928.27,7,3859
16304.0,381.66,1,228
16305.0,361.21999999999997,1,256
16306.0,1124.72,7,712
16307.0,1194.92,3,1123
16308.0,5120.0,7,16000
16309.0,706.57,2,467
16310.0,460.08,2,270
16311.0,616.26,2,394
16312.0,171.15,1,53
16313.0,274.15000000000003,2,165
16314.0,1491.4,3,636
16315.0,402.71,2,143
16316.0,5744.91,13,3057
16317.0,2192.51,5,1236
16318.0,328.15,1,199
16319.0,404.40000000000003,1,72
16320.0,5628.99,6,3319
16321.0,604.5500000000001,7,259
16322.0,326.75,2,231
16323.0,353.66,2,146
16324.0,408.59000000000003,3,270
16325.0,3597.5,12,2464
16326.0,4721.25,24,1083
16327.0,10159.64,16,8124
16328.0,310.83,1,141
16329.0,1664.92,4,797
16330.0,625.38,7,326
16331.0,2037.7,6,756
16332.0,2000.01,11,1128
16333.0,26626.8,22,32184
16334.0,263.73,1,206
16335.0,2753.52,7,1004
16336.0,3517.69,4,1473
16337.0,151.05,1,87
16338.0,214.79999999999998,1,94
16339.0,94.05,1,21
16340.0,1496.24,3,1319
16341.0,3850.79,7,3022
16342.0,322.41,4,157
16343.0,614.12,3,345
16344.0,842.42,4,706
16345.0,1178.79,2,611
16346.0,224.51,1,289
16347.0,3442.96,11,1715
16348.0,1744.42,8,1164
16349.0,53.5,1,9
16350.0,2253.89,9,1077
16351.0,3330.0299999999997,13,2165
16352.0,494.44,2,300
16353.0,9795.460000000001,38,3483
16354.0,1119.46,5,592
16355.0,416.35,1,179
16356.0,415.87,6,190
16357.0,868.37,4,389
16358.0,2919.65,5,2065
16359.0,2697.75,16,1764
16360.0,3450.41,6,2110
16361.0,891.21,4,418
16362.0,922.16,6,467
16363.0,109.36000000000001,1,52
16364.0,705.79,2,279
16365.0,3167.34,15,1034
16366.0,1548.1299999999999,4,882
16367.0,1350.48,3,1103
16368.0,621.44,3,307
16369.0,2656.56,7,1589
16370.0,1301.91,4,640
16371.0,157.2,1,108
16372.0,1290.31,5,722
16373.0,309.49,2,119
16374.0,1723.4,5,771
16375.0,104.0,2,74
16376.0,974.96,2,691
16377.0,1308.48,2,2928
16378.0,362.95,3,267
16379.0,2157.4,4,1410
16380.0,1743.1499999999999,1,1428
16381.0,247.85,2,108
16382.0,353.1,2,167
16383.0,2896.69,7,1596
16384.0,1358.95,4,861
16385.0,881.35,5,476
16386.0,1068.16,3,700
16387.0,882.46,5,448
16388.0,186.05,1,83
16389.0,1382.07,4,1242
16390.0,467.5,3,122
16391.0,1052.26,4,715
16392.0,756.7,3,604
16393.0,5297.77,23,3001
16394.0,1555.34,5,2604
16395.0,3518.41,14,2901
16396.0,137.8,1,80
16397.0,123.13,1,43
16398.0,1705.8,2,758
16399.0,630.22,3,452
16400.0,3059.85,9,2066
16401.0,6849.15,23,6035
16402.0,293.45,2,146
16403.0,177.5,1,114
16404.0,443.05,1,157
16405.0,167.25,2,187
16406.0,528.36,3,257
16407.0,2761.65,14,1448
16408.0,231.93,1,227
16409.0,5652.74,12,3664
16410.0,130.32,1,348
16411.0,756.39,4,461
16412.0,593.19,5,288
16413.0,522.03,2,283
16414.0,551.21,5,201
16415.0,696.76,3,508
16416.0,2957.88,9,2198
16417.0,35.7,1,6
16418.0,1028.74,5,564
16419.0,1463.7,8,701
16420.0,75.0,1,120
16421.0,526.27,3,123
16422.0,61920.87,109,64225
16423.0,346.12,1,230
16424.0,443.06,2,212
16425.0,302.7,1,199
16426.0,1863.76,10,1215
16427.0,241.06,2,156
16428.0,638.49,3,575
16429.0,284.55,1,9
16430.0,1117.94,7,307
16431.0,623.28,3,442
16432.0,287.4,1,276
16433.0,384.52,2,214
16434.0,2673.69,12,1310
16435.0,1003.0699999999999,3,608
16436.0,319.14,3,227
16437.0,301.25,2,197
16438.0,798.35,5,463
16439.0,310.70000000000005,1,74
16440.0,3856.9700000000003,6,2108
16441.0,1019.13,5,478
16442.0,891.98,5,580
16443.0,162.24,1,96
16444.0,3625.88,17,1945
16445.0,583.16,4,287
16446.0,168472.5,2,80997
16447.0,727.1,3,315
16448.0,361.12,2,176
16449.0,707.69,2,367
16450.0,1505.73,3,681
16451.0,1013.15,3,524
16452.0,332.17,2,199
16453.0,251.71,2,139
16454.0,30.950000000000003,4,9
16455.0,3995.57,11,2851
16456.0,6000.94,13,3296
16457.0,208.36,1,140
16458.0,5690.89,30,3395
16459.0,71.78999999999999,1,59
16460.0,811.23,3,876
16461.0,1545.83,3,933
16462.0,136.0,3,16
16463.0,1422.4,4,1163
16464.0,1298.66,3,952
16465.0,746.24,2,504
16466.0,3767.09,15,1777
16467.0,2869.16,7,7384
16468.0,787.52,3,371
16469.0,803.9,5,332
16470.0,2416.85,11,1335
16471.0,1189.98,4,670
16472.0,789.6,2,252
16473.0,470.83,4,296
16474.0,1810.65,7,909
16475.0,544.3,4,319
16476.0,350.35,1,187
16477.0,4094.37,11,2507
16478.0,331.0,3,224
16479.0,300.83,2,102
16480.0,769.29,1,455
16481.0,453.38,1,201
16482.0,220.62,1,346
16483.0,139.35,1,44
16484.0,404.3,2,200
16485.0,2287.19,5,1153
16486.0,134.36,1,24
16487.0,209.4,2,163
16488.0,498.8,3,728
16489.0,303.7,2,38
16490.0,205.41000000000003,1,113
16491.0,1533.16,2,1060
16492.0,385.56,1,235
16493.0,2132.09,7,1988
16494.0,826.53,1,675
16495.0,648.26,3,328
16496.0,2330.77,6,1764
16497.0,6695.28,23,3050
16498.0,100.97,2,45
16499.0,2578.34,8,1364
16500.0,843.9100000000001,9,386
16501.0,1191.23,1,628
16502.0,258.55,2,220
16503.0,3614.34,11,1535
16504.0,465.88,1,510
16505.0,777.6,1,576
16506.0,90.30000000000001,2,42
16507.0,142.71,1,111
16508.0,240.95,1,103
16509.0,363.7,1,64
16510.0,1777.5,6,930
16511.0,1760.49,6,769
16513.0,874.59,4,407
16515.0,3179.06,10,1573
16516.0,101.69999999999999,1,58
16517.0,162.7,1,96
16518.0,959.37,4,524
16519.0,439.06,4,150
16520.0,2148.38,6,1045
16521.0,1140.11,3,1014
16522.0,433.36,2,212
16523.0,11916.33,28,4979
16524.0,306.19,2,259
16525.0,24151.3,48,14430
16526.0,717.21,2,279
16527.0,1232.94,2,708
16528.0,244.41,1,171
16529.0,1986.8,4,739
16530.0,48.349999999999994,1,17
16531.0,2298.33,11,1863
16532.0,8756.64,5,2544
16533.0,1082.81,3,611
16534.0,635.9,1,168
16535.0,972.04,3,664
16536.0,548.12,1,250
16537.0,23.35,1,59
16538.0,395.07,3,254
16539.0,3289.66,10,1014
16540.0,205.75,1,105
16541.0,424.03,1,173
16542.0,257.32,2,142
16543.0,292.21,1,317
16544.0,376.70000000000005,4,150
16545.0,689.82,2,322
16546.0,5307.07,5,4211
16547.0,104.25999999999999,1,108
16548.0,30.15,1,6
16549.0,12781.8,34,7087
16550.0,8813.58,18,5405
16551.0,2237.12,7,2076
16552.0,379.73,2,219
16553.0,16584.01,33,16427
16554.0,2841.72,8,1346
16555.0,1915.68,6,1816
16556.0,8012.58,17,4353
16557.0,281.85,2,111
16558.0,13304.11,38,7813
16559.0,175.0,1,61
16560.0,3048.38,8,1603
16561.0,511.12,2,244
16562.0,223.85999999999999,1,264
16563.0,4412.56,6,2584
16564.0,87.8,1,40
16565.0,773.05,4,211
16566.0,614.66,5,362
16567.0,865.6,2,996
16568.0,1020.9000000000001,2,366
16569.0,1455.23,5,988
16570.0,7434.31,20,4292
16571.0,4248.74,10,3703
16572.0,1009.6,3,532
16573.0,663.61,2,360
16574.0,1301.78,3,1002
16576.0,540.87,2,323
16577.0,380.0,1,142
16578.0,156.6,1,108
16579.0,295.05,1,119
16581.0,105.84,1,134
16582.0,313.62,1,164
16583.0,297.95,2,153
16584.0,3156.17,5,1913
16585.0,341.59,2,151
16586.0,1462.78,3,348
16587.0,225.15,1,71
16588.0,1361.28,4,882
16589.0,612.36,4,536
16590.0,605.9,2,240
16591.0,213.5,1,41
16592.0,7807.91,28,5504
16593.0,1071.1399999999999,8,377
16594.0,181.09,1,64
16595.0,1757.75,5,1331
16596.0,458.98,4,180
16597.0,90.04,1,184
16598.0,145.04999999999998,1,73
16599.0,172.8,1,159
16600.0,2153.41,13,2420
16601.0,677.0,3,391
16602.0,763.33,2,429
16603.0,482.47,2,480
16604.0,432.45,2,175
16605.0,60.48,1,144
16606.0,357.66,2,148
16607.0,5706.87,25,4436
16608.0,1286.6200000000001,2,612
16609.0,5493.46,7,2420
16610.0,75.66,1,66
16611.0,1785.13,6,874
16612.0,3245.43,9,1419
16613.0,618.59,1,293
16614.0,1179.79,3,349
16615.0,291.5,1,211
16616.0,500.42,2,370
16617.0,151.85,1,91
16618.0,2647.59,5,1363
16619.0,1938.33,4,1055
16620.0,1758.93,6,1146
16621.0,813.48,4,302
16622.0,225.4,1,44
16623.0,1015.24,4,442
16624.0,810.5699999999999,2,488
16625.0,1654.03,5,1057
16626.0,4413.1,17,2690
16627.0,322.8,1,162
16628.0,2318.1,7,1260
16629.0,408.63,2,489
16630.0,106.80000000000001,1,72
16631.0,1892.52,7,775
16632.0,406.4,2,256
16633.0,2883.1,6,1138
16634.0,1649.81,6,1257
16635.0,473.0,1,277
16636.0,3802.04,4,2186
16637.0,1154.47,4,927
16638.0,2380.13,15,1627
16639.0,1747.98,4,751
16640.0,179.4,1,146
16641.0,554.5,2,454
16642.0,1077.45,3,775
16643.0,923.11,2,553
16644.0,833.78,2,826
16645.0,160.39,1,117
16646.0,678.8,1,1072
16647.0,541.9,4,396
16648.0,672.8,3,503
16649.0,306.58000000000004,1,82
16650.0,1916.11,7,1511
16651.0,136.2,1,60
16652.0,17550.39,16,7477
16653.0,1212.66,2,733
16654.0,1484.07,8,640
16655.0,6423.26,13,3938
16656.0,16833.170000000002,30,15433
16657.0,874.43,4,1130
16658.0,690.83,6,277
16659.0,39.12,1,72
16660.0,1879.55,7,991
16661.0,932.76,4,364
16662.0,151.05,1,35
16663.0,165.0,1,100
16664.0,109.2,1,24
16665.0,135.39999999999998,1,59
16666.0,217.71,2,354
16667.0,567.1800000000001,2,236
16668.0,862.42,13,773
16669.0,1348.88,3,881
16670.0,8030.150000000001,20,4534
16671.0,1692.27,3,875
16672.0,8134.9400000000005,20,2832
16673.0,171.13,1,95
16674.0,304.24,2,181
16675.0,608.86,2,296
16676.0,2361.9,6,927
16677.0,880.62,2,457
16678.0,3109.99,12,2397
16679.0,663.31,3,247
16680.0,821.45,3,377
16681.0,1921.84,7,1492
16682.0,1028.0,5,1040
16683.0,320.25,1,190
16684.0,147142.77,55,104810
16685.0,324.24,2,396
16686.0,4881.07,16,3419
16687.0,157.63,1,141
16688.0,1260.86,4,804
16689.0,422.59999999999997,2,330
16690.0,353.03,4,209
16691.0,178.83,2,92
16692.0,1914.6999999999998,4,878
16693.0,1179.48,5,658
16694.0,98.30000000000001,1,26
16695.0,191.9,2,184
16696.0,657.9000000000001,4,146
16697.0,112.75,1,27
16698.0,1998.0,2,840
16699.0,994.6,7,640
16700.0,8830.77,25,6644
16701.0,9916.73,26,11046
16702.0,1110.83,4,692
16704.0,664.16,2,433
16705.0,43515.051,42,22302
16706.0,531.35,3,249
16707.0,533.41,4,396
16708.0,656.63,1,285
16709.0,9056.01,14,3261
16710.0,5921.35,22,4174
16711.0,2868.48,9,1212
16712.0,4232.87,13,2074
16713.0,14115.56,32,8482
16714.0,1497.33,4,828
16715.0,625.52,2,1174
16716.0,2149.6800000000003,3,912
16717.0,6663.68,14,3145
16718.0,3006.08,5,1924
16719.0,3513.62,14,2356
16720.0,758.74,3,460
16721.0,292.47,1,172
16722.0,8189.56,22,7986
16723.0,1231.36,4,958
16724.0,147.35,1,69
16725.0,1688.26,14,700
16726.0,2063.88,7,1323
16727.0,1377.77,4,1066
16728.0,1048.28,4,671
16729.0,7205.33,21,5722
16730.0,743.11,3,994
16731.0,170.3,1,124
16732.0,4387.64,4,2414
16733.0,259.68,1,112
16734.0,646.76,3,345
16735.0,6217.41,14,4240
16736.0,2956.56,5,1050
16737.0,835.1999999999999,2,576
16738.0,3.75,1,3
16739.0,786.43,2,391
16740.0,226.91,1,110
16741.0,173.06,1,81
16742.0,2799.87,14,2558
16743.0,4212.15,14,3707
16744.0,1291.91,7,798
16745.0,7180.7,17,6719
16746.0,18046.75,42,11900
16747.0,836.06,2,583
16748.0,3637.33,14,2127
16749.0,4157.88,2,1910
16750.0,623.93,5,214
16751.0,1764.72,1,1031
16752.0,207.5,1,54
16753.0,223.92000000000002,1,189
16754.0,65500.07,29,63551
16755.0,2864.68,7,1985
16756.0,1312.3700000000001,7,707
16757.0,270.48,2,180
16758.0,369.34000000000003,1,203
16759.0,789.79,3,609
16760.0,228.0,1,168
16761.0,316.62,1,341
16762.0,1207.24,3,480
16763.0,964.6999999999999,2,492
16764.0,2790.9500000000003,13,1253
16765.0,454.75,2,311
16766.0,1145.6,2,536
16767.0,8056.76,15,7102
16768.0,1698.57,9,774
16769.0,1117.05,4,295
16770.0,1778.93,9,1052
16771.0,3949.6,10,2308
16772.0,3698.0499999999997,3,687
16773.0,421.24,3,252
16774.0,1567.48,8,774
16775.0,2820.84,16,957
16776.0,592.51,2,435
16777.0,1292.18,5,470
16778.0,245.94,2,194
16779.0,32809.03,53,19411
16780.0,596.4,3,352
16781.0,623.0,2,192
16782.0,9636.12,38,4027
16783.0,391.95,1,163
16784.0,892.33,5,494
16785.0,533.78,1,313
16786.0,51.839999999999996,1,72
16787.0,1017.53,4,472
16788.0,1928.93,5,965
16789.0,80.8,1,32
16790.0,1545.6200000000001,6,898
16791.0,3957.63,15,1854
16792.0,623.46,5,324
16793.0,243.84,1,146
16794.0,2052.7,15,1576
16795.0,2062.41,3,1214
16796.0,305.62,1,186
16797.0,1802.02,5,898
16798.0,841.16,3,205
16799.0,452.78000000000003,2,162
16800.0,1162.65,1,524
16801.0,1594.23,4,493
16802.0,582.61,2,369
16803.0,332.3,1,245
16804.0,536.99,3,246
16805.0,1091.34,5,1120
16806.0,762.16,4,356
16807.0,2123.88,6,1433
16808.0,288.42,2,196
16809.0,1727.43,9,1093
16810.0,842.0400000000001,2,372
16811.0,547.07,2,477
16812.0,2392.0,4,1116
16813.0,1652.18,10,1501
16814.0,11924.85,36,4844
16815.0,406.02,2,237
16816.0,417.06,4,274
16817.0,2560.7,13,1401
16818.0,3349.57,11,2164
16819.0,182.59,2,253
16820.0,497.61,1,307
16821.0,113.35,1,13
16822.0,181.39,1,171
16823.0,2243.09,7,1166
16824.0,686.24,3,390
16825.0,1826.89,5,1297
16826.0,341.7,1,158
16827.0,392.13,5,125
16828.0,128.5,2,59
16829.0,513.32,2,215
16830.0,1207.5,4,699
16831.0,91.8,1,48
16832.0,417.61,5,179
16833.0,2409.04,6,878
16834.0,898.96,2,760
16835.0,1456.66,6,496
16836.0,782.37,4,539
16837.0,3170.98,11,1563
16838.0,1159.61,4,509
16839.0,21758.25,44,11295
16840.0,139.85,2,117
16841.0,4006.06,12,3478
16842.0,1264.19,3,693
16843.0,19571.43,35,18502
16844.0,614.34,2,281
16845.0,253.88,1,167
16846.0,842.41,3,517
16847.0,614.89,2,255
16848.0,1411.62,4,780
16849.0,124.57,1,33
16850.0,332.41,1,249
16851.0,342.45,3,271
16852.0,144.91000000000003,2,56
16854.0,1408.96,2,997
16855.0,328.4,2,164
16856.0,358.49,3,171
16857.0,352.8,1,168
16858.0,4292.59,10,1423
16859.0,1932.41,7,1899
16860.0,1610.62,3,625
16861.0,946.59,5,616
16862.0,662.33,4,513
16863.0,834.27,3,640
16864.0,409.25,2,283
16865.0,130.95,1,157
16866.0,207.73999999999998,3,60
16867.0,76.74000000000001,1,58
16868.0,384.56,3,112
16869.0,817.12,4,583
16870.0,450.15999999999997,1,278
16871.0,2812.34,6,1253
16872.0,1213.13,6,1079
16873.0,14617.39,12,8601
16874.0,209.89000000000001,1,78
16875.0,4234.53,11,2099
16876.0,136.01,1,181
16877.0,846.62,6,458
16878.0,13.3,1,12
16880.0,1813.21,8,904
16881.0,432.0,1,600
16882.0,705.12,3,424
16883.0,2246.06,19,1016
16884.0,1070.97,4,520
16885.0,684.6,4,358
16886.0,134.0,1,48
16887.0,658.17,3,423
16888.0,434.2,3,145
16889.0,2526.65,6,1611
16890.0,285.41,3,243
16891.0,1727.94,11,652
16892.0,754.75,7,367
16893.0,249.89000000000001,2,117
16894.0,1306.96,3,503
16895.0,1102.9,5,421
16896.0,103.95,1,18
16897.0,289.78,2,73
16898.0,885.21,5,695
16899.0,1695.77,8,811
16900.0,887.11,3,833
16901.0,204.26,1,42
16902.0,1706.88,1,629
16903.0,1041.75,3,717
16904.0,4675.36,21,2607
16905.0,4706.77,17,1913
16906.0,1410.92,7,590
16907.0,1470.89,9,451
16908.0,252.59,1,61
16909.0,379.14,1,436
16910.0,1508.96,8,884
16911.0,255.25,2,161
16912.0,4460.51,15,1689
16913.0,423.90999999999997,3,229
16914.0,183.76,1,112
16915.0,1543.18,11,190
16916.0,902.02,4,649
16917.0,1851.88,2,792
16918.0,3206.54,16,2066
16919.0,4909.66,24,2333
16920.0,355.45,1,81
16921.0,409.21,3,275
16922.0,611.08,1,281
16923.0,13157.130000000001,32,6190
16924.0,829.89,3,467
16925.0,125.65,1,123
16926.0,1169.6100000000001,5,197
16927.0,543.05,3,993
16928.0,3897.5299999999997,29,2587
16929.0,1295.39,7,929
16930.0,378.89,3,339
16931.0,5032.22,23,3357
16932.0,412.55,3,217
16933.0,3099.3,9,1533
16934.0,2083.14,6,936
16935.0,530.86,3,273
16936.0,548.29,2,339
16937.0,196.25,1,123
16938.0,6995.360000000001,9,5041
16939.0,433.85,3,229
16940.0,6427.66,8,4503
16941.0,33.0,1,12
16942.0,1904.99,9,805
16943.0,1299.49,5,147
16944.0,101.36,1,27
16945.0,8548.16,33,5889
16946.0,1222.04,5,509
16947.0,955.21,5,655
16948.0,868.77,7,2091
16949.0,1286.27,6,791
16950.0,3541.77,10,2432
16951.0,1277.75,3,1318
16952.0,795.83,5,343
16953.0,20.8,1,10
16954.0,6081.88,20,4086
16955.0,1120.31,6,723
16956.0,308.74,1,114
16957.0,416.64,2,172
16958.0,778.49,1,514
16959.0,117.35000000000001,1,49
16960.0,1990.88,8,1492
16961.0,794.56,3,482
16962.0,251.04,1,158
16963.0,110.55000000000001,1,35
16964.0,207.85,2,49
16965.0,201.19,1,291
16966.0,2154.97,7,1981
16967.0,319.02,1,333
16968.0,439.43,2,326
16969.0,650.41,3,816
16970.0,71.4,1,12
16971.0,357.21,1,72
16972.0,749.0,2,183
16973.0,127.0,1,60
16974.0,365.5,2,70
16975.0,926.12,3,586
16976.0,251.51999999999998,1,88
16977.0,496.0,4,142
16978.0,768.88,3,285
16979.0,2859.74,9,1451
16980.0,1422.8300000000002,3,990
16982.0,384.06,1,182
16983.0,3490.5299999999997,11,2315
16984.0,10350.53,9,5127
16985.0,10923.16,23,3103
16986.0,4888.75,11,2539
16987.0,2521.4,11,671
16988.0,382.67,2,158
16989.0,1133.25,6,1233
16990.0,344.0,2,200
16991.0,1041.21,1,793
16992.0,5476.5,13,2061
16993.0,1950.9499999999998,2,285
16996.0,2123.61,9,919
16997.0,702.0,3,360
16998.0,402.0,5,104
16999.0,484.82,2,294
17000.0,406.3,2,305
17001.0,6640.8,19,3782
17002.0,2571.55,7,1265
17003.0,828.21,4,494
17004.0,2324.36,4,1233
17005.0,622.36,2,691
17006.0,1635.27,8,572
17007.0,1120.1,7,717
17008.0,81.36,1,24
17009.0,242.06,1,336
17010.0,195.36,1,118
17011.0,671.7,3,792
17012.0,360.61,1,251
17014.0,583.4300000000001,3,243
17015.0,1838.6100000000001,3,1978
17016.0,552.4,1,309
17017.0,12576.99,29,9397
17018.0,2287.7,6,456
17019.0,3602.29,11,2396
17020.0,935.62,2,860
17021.0,1182.22,6,992
17022.0,260.0,2,180
17023.0,800.18,3,530
17024.0,95.85,3,69
17025.0,1349.67,5,885
17026.0,175.82999999999998,3,107
17027.0,1310.63,9,645
17028.0,1593.83,3,856
17029.0,2137.3,7,1265
17030.0,146.87,1,146
17031.0,2773.85,6,1595
17032.0,2984.32,8,1667
17033.0,1332.79,4,871
17034.0,1276.42,5,694
17035.0,613.59,4,327
17036.0,176.9,1,76
17037.0,1267.32,1,656
17038.0,743.17,2,535
17039.0,1954.99,1,689
17040.0,463.25,2,189
17041.0,1655.2,6,1303
17042.0,1036.58,5,990
17043.0,2593.65,8,1616
17044.0,11962.3,12,5722
17045.0,827.6800000000001,5,294
17046.0,1906.07,5,1636
17047.0,2289.23,6,1184
17048.0,2071.68,7,1068
17049.0,9942.53,19,4273
17050.0,4648.59,11,2432
17051.0,706.49,4,507
17052.0,399.09,1,251
17053.0,498.48,1,122
17054.0,1356.33,5,804
17055.0,232.85,1,83
17056.0,128.60000000000002,1,26
17057.0,294.74,1,129
17058.0,1179.89,3,592
17059.0,4864.57,9,3107
17060.0,234.24,1,216
17061.0,5232.2300000000005,11,1526
17062.0,889.75,6,644
17063.0,3638.53,13,1899
17064.0,855.45,3,316
17065.0,194.7,2,82
17066.0,228.34,1,93
17067.0,454.54,3,322
17068.0,8987.68,47,4351
17069.0,5517.2300000000005,14,3230
17070.0,437.42,2,232
17071.0,3793.71,13,1934
17072.0,273.35,1,212
17073.0,1446.09,4,759
17074.0,203.05,1,19
17075.0,2236.63,10,785
17076.0,1242.75,6,514
17077.0,306.0,1,36
17078.0,378.2,2,788
17079.0,118.80000000000001,1,24
17080.0,957.53,7,569
17081.0,949.39,6,381
17082.0,4732.03,6,2526
17083.0,4049.79,9,1955
17084.0,5001.21,3,3178
17085.0,7847.67,28,3583
17086.0,2050.08,6,1859
17087.0,221.53,1,113
17088.0,1991.01,4,868
17089.0,128.45,1,35
17090.0,3080.1800000000003,13,1344
17091.0,7495.75,19,3732
17092.0,5511.41,11,3768
17093.0,235.88,1,114
17094.0,402.20000000000005,2,212
17095.0,2572.25,7,1695
17096.0,3697.93,11,1559
17097.0,1143.36,9,582
17098.0,591.0699999999999,3,125
17099.0,582.17,1,317
17100.0,971.74,2,800
17101.0,2507.05,7,1175
17102.0,25.5,1,2
17103.0,424.3,1,471
17104.0,474.03,1,149
17105.0,665.78,2,693
17106.0,481.58,1,153
17107.0,16052.72,10,7530
17108.0,174.95,1,31
17109.0,1291.71,8,788
17110.0,499.9,3,136
17111.0,459.58,2,581
17112.0,197.57,1,130
17113.0,2305.59,6,913
17114.0,801.12,8,215
17115.0,2761.4900000000002,7,885
17116.0,389.78,1,392
17117.0,116.19999999999999,1,68
17118.0,157.02,1,154
17119.0,606.91,2,334
17120.0,307.46,1,120
17121.0,314.74,1,106
17122.0,570.5,4,368
17123.0,977.17,3,676
17124.0,294.24,1,129
17125.0,230.5,1,281
17126.0,2016.43,9,1426
17127.0,1155.0300000000002,5,340
17128.0,157.09,1,76
17129.0,31.85,1,5
17131.0,2463.17,5,983
17132.0,1220.9099999999999,2,963
17133.0,14622.33,12,10107
17134.0,625.3,3,144
17135.0,1722.18,10,1686
17136.0,231.68,1,256
17137.0,1099.81,6,680
17138.0,4417.27,7,2024
17139.0,19566.76,25,9853
17140.0,454.12,1,296
17141.0,727.58,4,423
17142.0,1275.25,4,322
17143.0,880.97,2,314
17144.0,984.57,2,483
17145.0,3120.91,4,2591
17146.0,5852.64,13,2188
17147.0,3199.95,9,1308
17148.0,124.88,1,82
17149.0,143.10000000000002,1,18
17150.0,1357.95,6,397
17151.0,231.90000000000003,1,42
17152.0,2016.5,4,577
17153.0,213.78,1,104
17154.0,329.34,1,490
17155.0,892.46,7,987
17156.0,591.87,1,391
17157.0,5151.9,19,2092
17158.0,1980.0,5,1147
17159.0,2099.59,5,1348
17160.0,10209.16,17,8390
17161.0,856.01,1,537
17162.0,1715.46,10,1001
17163.0,699.78,4,531
17164.0,2467.35,7,1501
17165.0,1794.32,6,788
17166.0,206.34,2,78
17167.0,867.11,3,429
17168.0,400.2,1,220
17169.0,1156.73,3,671
17170.0,178.68,2,152
17171.0,384.59,2,225
17172.0,956.5699999999999,3,1215
17173.0,3766.6,8,1122
17174.0,59.9,1,41
17175.0,1443.69,4,866
17176.0,902.3199999999999,3,576
17177.0,119.5,1,40
17178.0,432.96,1,100
17179.0,1507.26,6,625
17180.0,2236.77,11,1809
17181.0,309.85,3,268
17182.0,321.3,2,54
17183.0,3347.31,6,1296
17184.0,198.41000000000003,2,73
17185.0,229.46,3,119
17186.0,144.0,2,200
17187.0,467.71,2,426
17188.0,4592.93,13,2569
17189.0,953.63,5,601
17190.0,1726.57,7,2218
17191.0,4310.34,15,2208
17192.0,75.28,1,45
17193.0,2310.04,9,1668
17194.0,812.5,3,420
17195.0,562.98,1,486
17196.0,327.75,1,154
17197.0,1013.01,1,191
17198.0,692.22,3,357
17199.0,135.04000000000002,1,232
17200.0,356.71,4,367
17201.0,1143.1,4,1004
17202.0,160.65,1,55
17203.0,5564.09,10,4597
17204.0,5504.6900000000005,9,2651
17205.0,999.35,3,2214
17206.0,204.24,1,76
17207.0,292.62,1,233
17208.0,111.15,1,101
17209.0,595.7,3,723
17210.0,251.72,1,242
17211.0,3773.35,13,2141
17212.0,794.41,3,727
17213.0,4869.400000000001,13,2087
17214.0,1059.1200000000001,6,272
17215.0,186.15,1,104
17216.0,63.6,1,21
17217.0,210.1,2,93
17218.0,3891.39,18,2066
17219.0,259.13,2,188
17220.0,4457.31,21,2663
17221.0,976.62,5,713
17222.0,1579.51,6,857
17223.0,558.04,3,155
17224.0,100.86,1,65
17225.0,131.15,1,36
17226.0,895.47,3,853
17227.0,1878.93,12,1681
17228.0,2820.03,13,2354
17229.0,318.76,2,185
17230.0,9388.49,18,3753
17231.0,7064.8,25,3681
17232.0,417.77,2,202
17233.0,560.86,3,298
17234.0,149.89000000000001,1,55
17235.0,1562.98,8,845
17236.0,1929.26,12,804
17237.0,994.13,4,414
17238.0,7331.67,32,3555
17239.0,1189.45,4,515
17240.0,130.6,1,108
17241.0,2736.64,12,859
17242.0,2889.28,5,1459
17243.0,20203.58,69,7932
17244.0,1826.04,5,1419
17245.0,371.63,2,307
17246.0,38.92,2,36
17247.0,280.09000000000003,1,105
17248.0,500.54,2,276
17249.0,68.03,1,79
17250.0,381.97,2,167
17251.0,798.98,3,377
17252.0,348.91,2,192
17253.0,178.26,1,43
17254.0,469.48,3,397
17255.0,781.7,4,583
17256.0,498.93,5,299
17257.0,189.78,2,187
17258.0,417.3,2,188
17259.0,1452.39,6,844
17260.0,120.95,1,23
17261.0,221.59,1,95
17262.0,2488.76,11,635
17263.0,63.440000000000005,1,36
17264.0,268.28,1,217
17265.0,550.01,2,389
17266.0,501.71999999999997,5,243
17267.0,317.2,2,158
17268.0,1733.8899999999999,11,1395
17269.0,491.81,1,314
17270.0,601.4499999999999,2,420
17271.0,204.3,1,113
17272.0,2148.63,4,1778
17273.0,141.12,1,133
17274.0,573.22,2,271
17275.0,114.1,1,71
17276.0,502.49,1,187
17277.0,1065.3500000000001,2,430
17278.0,271.24,2,195
17279.0,187.82999999999998,1,48
17280.0,118.85999999999999,1,74
17281.0,797.8499999999999,6,295
17282.0,2308.54,5,2332
17283.0,188.46,1,179
17284.0,2788.06,8,2069
17285.0,407.94,2,134
17286.0,389.18,3,368
17287.0,3826.86,21,1955
17288.0,2468.43,11,1699
17289.0,2041.8,9,1237
17290.0,1487.96,8,1139
17291.0,550.8000000000001,1,72
17292.0,271.75,2,131
17293.0,3750.63,17,2228
17294.0,467.78999999999996,2,297
17295.0,547.0,3,293
17296.0,338.13,1,216
17297.0,128.18,1,65
17298.0,954.26,5,852
17299.0,993.23,6,919
17300.0,393.64,2,467
17301.0,294.39,2,216
17302.0,1135.63,5,575
17303.0,250.04,1,144
17304.0,111.5,1,73
17305.0,2135.46,1,1006
17306.0,9782.35,21,13747
17307.0,3999.8900000000003,11,3667
17308.0,4511.76,2,5148
17309.0,320.39,3,181
17310.0,1025.1,2,402
17311.0,3566.56,6,2755
17312.0,644.3,3,372
17313.0,2328.84,1,1402
17314.0,4904.43,17,3663
17315.0,9599.58,43,5088
17316.0,124.45,1,44
17317.0,2600.34,3,1146
17318.0,157.32999999999998,1,59
17319.0,29.1,1,14
17320.0,2444.85,6,1182
17321.0,1665.21,6,790
17322.0,922.59,5,631
17323.0,1551.04,12,1426
17324.0,2171.07,12,1485
17325.0,609.5699999999999,3,465
17326.0,312.35,2,136
17327.0,152.35,2,59
17328.0,104.7,1,86
17329.0,998.53,5,430
17330.0,423.8,4,122
17331.0,175.2,1,16
17332.0,838.27,5,794
17333.0,494.25,1,375
17334.0,635.15,3,566
17335.0,497.04,2,210
17336.0,81.12,1,48
17337.0,1981.06,4,1247
17338.0,11889.33,17,5780
17339.0,302.36,3,172
17340.0,19617.95,18,9497
17341.0,1272.21,5,831
17342.0,1227.54,4,521
17343.0,1259.94,6,454
17344.0,457.36,2,200
17345.0,1586.6299999999999,10,2008
17346.0,4998.61,26,3439
17347.0,228.96,1,216
17348.0,2442.29,9,2766
17349.0,772.41,5,772
17350.0,1893.701,7,1178
17351.0,1988.23,12,383
17352.0,36.25,1,15
17353.0,3242.0,4,2168
17354.0,3133.96,4,2531
17355.0,273.31,1,249
17356.0,946.47,5,925
17357.0,384.39,2,152
17358.0,861.01,5,430
17359.0,284.46,2,237
17360.0,1200.51,6,624
17361.0,871.79,5,380
17362.0,1024.04,7,549
17363.0,920.46,3,499
17364.0,11972.92,28,7464
17365.0,8184.49,15,8015
17366.0,1077.24,2,504
17367.0,167.55,1,149
17368.0,2758.29,14,2319
17369.0,979.1999999999999,1,1152
17370.0,446.18,4,540
17371.0,655.37,6,281
17372.0,4347.31,28,1863
17373.0,1167.5,7,738
17374.0,727.11,3,155
17375.0,660.55,4,480
17376.0,453.64,4,244
17377.0,17644.27,78,7335
17378.0,10.95,1,1
17379.0,389.71999999999997,1,623
17380.0,645.0,3,252
17381.0,36398.65,38,42879
17382.0,902.28,8,457
17383.0,304.09,2,160
17384.0,507.55,3,121
17385.0,256.11,1,197
17386.0,2812.77,7,1955
17387.0,746.81,2,522
17388.0,2675.37,11,2555
17389.0,57215.33,61,17880
17390.0,149.3,1,49
17391.0,508.8,2,480
17392.0,585.92,3,450
17393.0,381.15,2,238
17394.0,203.86999999999998,1,241
17395.0,97.5,1,66
17396.0,8409.6,14,2313
17397.0,1198.28,3,691
17398.0,653.38,3,310
17400.0,4623.28,8,2185
17401.0,114.85,1,34
17402.0,4635.5599999999995,23,1450
17403.0,382.87,2,188
17404.0,47781.12,23,50679
17405.0,1031.41,3,726
17406.0,4186.95,13,1847
17407.0,552.9,1,426
17408.0,316.09000000000003,3,163
17409.0,7793.51,10,4089
17410.0,1214.72,5,616
17411.0,1425.38,5,608
17412.0,4220.22,16,2554
17413.0,560.14,2,302
17414.0,2249.52,6,6256
17415.0,507.84,1,114
17416.0,17298.45,22,8769
17417.0,164.18,1,76
17418.0,670.0600000000001,3,521
17419.0,6126.25,18,2884
17420.0,953.58,6,446
17421.0,1059.41,3,807
17422.0,3594.76,11,3538
17423.0,1118.95,3,790
17425.0,759.17,2,407
17426.0,8077.77,13,5187
17427.0,100.8,1,34
17428.0,31466.760000000002,45,17356
17429.0,1357.46,5,1286
17430.0,622.57,4,455
17431.0,403.3,1,292
17432.0,1728.99,9,1008
17433.0,569.96,2,305
17434.0,2373.82,7,1693
17435.0,331.35,1,195
17436.0,534.06,5,178
17437.0,369.68,1,283
17438.0,1422.77,5,553
17439.0,325.74,1,370
17440.0,323.58,4,282
17441.0,293.35,1,245
17442.0,4620.3,15,3134
17443.0,534.24,1,504
17444.0,2940.04,3,2119
17446.0,120.9,2,198
17447.0,541.53,2,443
17448.0,14523.67,46,11534
17449.0,4868.15,13,2483
17450.0,244784.25,51,83914
17451.0,1721.4,7,1203
17453.0,486.71999999999997,2,219
17454.0,1547.94,10,727
17455.0,131.7,1,66
17456.0,975.5600000000001,2,508
17457.0,5984.8099999999995,14,2695
17458.0,529.58,2,282
17459.0,657.3,2,537
17460.0,2157.9700000000003,16,954
17461.0,735.82,3,770
17462.0,675.69,2,227
17463.0,2535.26,7,1480
17464.0,907.14,3,608
17465.0,2542.79,7,1477
17466.0,763.28,2,306
17467.0,102.6,1,20
17468.0,194.8,3,184
17469.0,5051.25,17,2304
17470.0,2626.47,11,2731
17471.0,321.65000000000003,1,153
17472.0,922.35,4,551
17473.0,607.0,2,270
17474.0,1047.0,1,200
17475.0,194.37,1,178
17476.0,489.86,2,224
17477.0,1144.3,2,225
17478.0,1272.8,2,516
17479.0,389.26000000000005,1,266
17480.0,882.23,2,581
17481.0,1255.59,4,1061
17482.0,775.64,2,240
17483.0,591.73,4,265
17484.0,209.57,2,339
17486.0,396.87,1,191
17487.0,160.55,1,37
17488.0,336.5,1,136
17489.0,376.64,2,428
17490.0,2750.5,9,1531
17491.0,5653.67,17,3362
17492.0,1122.42,3,450
17493.0,100.91000000000001,1,62
17494.0,54.699999999999996,1,26
17495.0,806.72,3,367
17496.0,1412.89,4,675
17497.0,287.25,2,59
17498.0,272.22,1,394
17499.0,1341.39,2,1086
17500.0,1138.0,3,17
17501.0,288.6,2,160
17502.0,689.1,4,376
17503.0,558.96,2,486
17504.0,9490.17,18,5420
17505.0,2435.48,5,1242
17506.0,302.2,1,139
17507.0,605.58,2,359
17508.0,4579.23,8,2891
17509.0,6083.64,8,3512
17510.0,514.56,2,422
17511.0,172132.87,60,117174
17512.0,5467.820000000001,18,5434
17513.0,1158.8,3,440
17514.0,522.0,2,284
17515.0,1602.51,9,527
17516.0,947.5,6,522
17517.0,153.94,1,102
17518.0,329.42,2,267
17519.0,4774.17,15,3230
17520.0,546.81,1,365
17521.0,1278.06,5,806
17522.0,1070.71,5,1034
17523.0,652.74,4,872
17524.0,539.14,3,362
17525.0,1161.9,3,338
17526.0,3939.24,12,1442
17527.0,939.37,4,488
17528.0,3628.5,8,2138
17529.0,1240.25,2,790
17530.0,2791.69,12,1741
17531.0,1266.82,3,472
17532.0,65.34,1,30
17533.0,34.8,1,24
17534.0,1668.83,5,860
17535.0,164.4,1,136
17536.0,364.83,3,201
17537.0,887.67,2,699
17538.0,98.42,1,134
17539.0,1176.84,4,708
17540.0,1590.6000000000001,6,588
17541.0,119.86,1,44
17542.0,340.85,3,323
17543.0,120.05,1,62
17544.0,944.82,3,410
17545.0,1409.8600000000001,6,682
17547.0,727.85,2,223
17548.0,731.26,4,494
17549.0,148.86,2,210
17550.0,2506.64,9,968
17551.0,290.34,1,142
17552.0,2786.77,12,1951
17553.0,3757.6,4,2288
17554.0,1952.45,5,1763
17555.0,1045.74,5,739
17556.0,300.67,2,184
17557.0,575.46,4,310
17558.0,259.17,1,54
17559.0,167.62,1,270
17560.0,1895.8,8,1588
17561.0,703.02,4,381
17562.0,1122.38,7,817
17563.0,392.38,2,256
17564.0,454.01,3,146
17565.0,131.83,1,67
17566.0,869.77,2,497
17567.0,4838.08,9,2908
17568.0,374.45,1,275
17569.0,344.14,1,159
17570.0,100.0,1,1
17571.0,1630.91,5,991
17572.0,652.21,10,327
17573.0,380.6,3,308
17574.0,185.65,1,77
17575.0,171.7,1,72
17576.0,8711.95,41,4583
17577.0,348.75,2,179
17578.0,1047.33,7,529
17579.0,753.28,4,375
17580.0,541.02,5,223
17581.0,17951.17,43,9519
17582.0,1446.95,5,603
17583.0,135.95,1,55
17584.0,5309.42,6,2464
17585.0,2064.71,7,2510
17586.0,167.4,1,68
17587.0,176.71,1,67
17588.0,2939.55,7,1379
17589.0,13837.94,18,8704
17590.0,1468.02,3,822
17591.0,2339.32,8,1028
17592.0,148.3,1,38
17593.0,8092.32,11,5595
17594.0,2497.88,4,1368
17595.0,386.69,2,228
17596.0,4491.46,13,7010
17597.0,3484.09,5,2215
17598.0,409.98,1,126
17599.0,52.05,1,11
17600.0,161.67000000000002,1,144
17601.0,413.08,2,295
17602.0,7354.43,14,5880
17603.0,1788.38,4,638
17604.0,942.38,6,614
17605.0,160.75,1,71
17606.0,87.30000000000001,1,42
17607.0,333.81,1,269
17608.0,488.06,4,528
17609.0,1887.8999999999999,11,1321
17610.0,1511.94,5,893
17611.0,8337.53,28,5341
17612.0,5394.86,18,3521
17613.0,4544.55,14,2490
17614.0,386.32,1,235
17615.0,721.8,6,378
17616.0,734.4,4,288
17617.0,385.19,1,249
17618.0,4001.64,11,1798
17619.0,214.37,1,124
17620.0,81.44,1,60
17621.0,3175.12,6,1110
17622.0,1130.21,2,379
17623.0,2365.77,7,799
17624.0,1568.63,4,958
17625.0,5978.9,8,3505
17626.0,254.0,1,202
17627.0,296.36,1,676
17628.0,75.75,1,79
17629.0,2455.52,10,1903
17630.0,503.59999999999997,2,158
17631.0,998.49,7,591
17633.0,2057.39,7,899
17634.0,2358.59,9,838
17635.0,1265.58,3,770
17636.0,285.56,1,182
17637.0,547.0600000000001,2,280
17638.0,842.4,2,432
17639.0,615.17,6,576
17640.0,3168.94,6,1692
17642.0,1824.49,5,1475
17643.0,439.7,2,226
17644.0,6028.6,20,3469
17646.0,3898.79,12,1308
17647.0,331.65999999999997,3,82
17648.0,2216.37,5,954
17649.0,1578.89,3,723
17650.0,166.08,1,150
17651.0,5703.52,16,4086
17652.0,4867.72,12,2509
17653.0,1207.56,4,1409
17654.0,117.55,1,41
17655.0,2976.38,9,1268
17656.0,1674.69,5,1399
17657.0,126.0,1,60
17658.0,595.42,2,616
17659.0,3586.9900000000002,14,1752
17660.0,342.22,2,259
17662.0,412.92,2,184
17663.0,5175.83,17,2297
17664.0,1166.23,4,1058
17665.0,563.1,1,690
17666.0,2047.8,5,1552
17667.0,3950.7,9,2192
17668.0,347.75,2,93
17669.0,6142.35,10,3505
17670.0,205.7,1,110
17671.0,2009.16,5,987
17672.0,5778.63,7,2758
17673.0,4173.88,13,3284
17674.0,551.04,2,672
17675.0,37642.48,70,16180
17676.0,2448.64,10,1764
17677.0,35058.46,54,20921
17678.0,599.76,2,368
17679.0,3577.61,7,1755
17680.0,497.45,3,155
17681.0,731.2,5,450
17682.0,4065.28,11,2281
17683.0,819.01,3,781
17684.0,239.41,1,145
17685.0,5454.95,12,3474
17686.0,8296.81,9,3583
17687.0,432.68,1,210
17688.0,304.2,1,114
17689.0,317.08,2,300
17690.0,6963.8,20,2939
17691.0,637.5500000000001,4,315
17692.0,2975.8,12,2338
17693.0,200.47,1,231
17694.0,1695.97,3,1493
17695.0,1746.04,5,1809
17696.0,7679.59,27,5891
17697.0,338.95,1,93
17698.0,154.95,1,93
17699.0,442.0,2,208
17700.0,6679.97,14,3469
17701.0,417.95,1,109
17702.0,3144.04,6,2153
17703.0,1094.84,4,897
17704.0,885.19,2,343
17705.0,2083.9,11,1301
17706.0,20272.15,31,7824
17707.0,609.3000000000001,8,546
17708.0,884.1800000000001,4,387
17709.0,671.01,5,295
17710.0,293.5,1,158
17711.0,385.1,2,246
17712.0,522.91,1,215
17713.0,1198.09,4,989
17714.0,1410.18,5,608
17715.0,489.59999999999997,2,576
17716.0,15956.97,24,8819
17717.0,376.92,1,344
17718.0,439.18,2,274
17719.0,5396.04,15,2466
17720.0,2666.91,10,1589
17721.0,307.21000000000004,1,107
17722.0,3520.2200000000003,5,2412
17723.0,3378.4000000000005,7,912
17724.0,1033.0,3,300
17725.0,3439.08,11,2162
17726.0,1092.06,7,444
17727.0,1060.25,1,645
17728.0,4238.76,5,2146
17729.0,438.65000000000003,1,247
17730.0,7773.8,20,5300
17731.0,1708.99,6,707
17732.0,2166.42,8,1058
17733.0,692.19,2,463
17734.0,1442.32,6,741
17735.0,16790.33,26,10683
17736.0,377.44,3,238
17737.0,168.24,2,108
17738.0,4183.56,13,2776
17739.0,7730.59,18,2335
17740.0,426.9,6,222
17741.0,101.1,2,114
17742.0,2098.48,11,653
17743.0,229.2,1,96
17744.0,2649.14,7,3826
17745.0,600.34,2,164
17746.0,904.1800000000001,4,688
17747.0,71.4,1,12
17748.0,358.15,1,111
17749.0,1026.18,3,446
17750.0,1710.45,9,3747
17751.0,157.85999999999999,1,147
17752.0,80.64,1,192
17753.0,382.06,4,124
17754.0,4451.22,13,4366
17756.0,728.75,3,399
17757.0,9074.05,56,5011
17758.0,4964.03,12,3199
17759.0,1261.88,5,965
17760.0,746.39,6,531
17761.0,712.78,1,398
17762.0,129.75,1,129
17763.0,86.15,4,41
17764.0,1513.57,5,674
17765.0,524.0,4,195
17766.0,299.61,2,155
17767.0,413.05,2,198
17768.0,3292.73,7,2339
17769.0,7053.38,17,3157
17770.0,1143.27,5,365
17771.0,387.41,4,373
17772.0,360.75,3,113
17773.0,575.37,2,254
17774.0,3273.83,9,1585
17775.0,56.4,1,72
17776.0,330.56,2,273
17777.0,647.56,3,501
17778.0,197.70000000000002,1,214
17779.0,650.32,3,396
17780.0,346.56,3,156
17781.0,188.02,2,34
17782.0,679.02,2,538
17783.0,376.96,3,438
17784.0,112.86,1,72
17785.0,403.38,3,227
17786.0,266.85,2,195
17787.0,1817.54,4,896
17788.0,1117.9,2,211
17789.0,397.15,2,199
17790.0,2779.41,20,1387
17791.0,106.1,1,46
17792.0,368.35,2,149
17793.0,300.34,1,226
17794.0,147.3,2,46
17795.0,342.83,2,305
17796.0,1236.39,7,347
17797.0,1971.87,8,1086
17798.0,178.07,1,138
17799.0,6246.93,20,3674
17800.0,1187.21,9,732
17801.0,770.03,3,820
17802.0,4946.22,10,2705
17803.0,184.66,1,98
17804.0,383.78000000000003,3,194
17805.0,927.03,2,1126
17806.0,546.04,1,727
17807.0,437.87,3,262
17808.0,262.64,4,143
17809.0,10085.89,20,2995
17810.0,373.16,2,118
17811.0,9519.8,47,5278
17812.0,911.99,7,444
17813.0,1698.07,5,752
17814.0,1609.37,2,1435
17815.0,591.96,1,612
17816.0,96.11,6,80
17817.0,788.15,6,353
17818.0,124.78,1,86
17819.0,6021.05,12,1610
17820.0,180.60999999999999,1,111
17821.0,334.62,1,162
17822.0,2162.93,5,1375
17823.0,449.25,2,252
17824.0,298.4,1,408
17825.0,701.96,4,516
17826.0,133.34,1,84
17827.0,2376.17,6,1582
17828.0,1820.09,4,667
17829.0,4756.74,5,3009
17830.0,398.7,3,92
17831.0,35.400000000000006,1,12
17832.0,155.37,1,208
17833.0,338.46000000000004,1,143
17834.0,689.6700000000001,2,639
17835.0,342.24,3,344
17836.0,110.21000000000001,1,88
17837.0,1541.23,8,510
17838.0,5604.64,13,3491
17839.0,318.15,1,257
17840.0,175.9,1,128
17841.0,68545.25,211,36584
17842.0,430.69,1,89
17843.0,320.4,2,251
17844.0,51.559999999999995,1,52
17845.0,596.09,4,195
17846.0,2033.1,1,1
17847.0,129.69,2,29
17848.0,3559.11,30,1404
17849.0,1063.76,8,224
17850.0,51208.87,155,21052
17851.0,1552.35,6,933
17852.0,657.8100000000001,5,372
17853.0,1596.29,3,625
17854.0,1068.5,6,607
17855.0,208.97,1,197
17856.0,1418.03,4,842
17857.0,27347.04,24,19906
17858.0,12518.65,30,5383
17859.0,141.92000000000002,1,102
17860.0,717.39,4,696
17861.0,5088.29,18,4541
17862.0,1254.89,4,440
17863.0,5360.48,12,4676
17864.0,876.57,5,1015
17865.0,26312.190000000002,46,12950
17866.0,1134.95,3,535
17867.0,1582.0500000000002,15,638
17868.0,227.15,1,85
17869.0,813.64,7,491
17870.0,2753.29,13,1699
17871.0,1068.95,5,665
17872.0,235.87,1,176
17873.0,6265.33,18,4159
17874.0,683.46,6,221
17875.0,167.1,1,98
17876.0,3424.02,3,1958
17877.0,237.61,1,98
17878.0,1378.93,3,1014
17879.0,178.51999999999998,1,45
17880.0,824.9200000000001,3,466
17881.0,133.35000000000002,1,32
17882.0,291.56,2,130
17883.0,988.42,7,476
17884.0,2698.47,20,2749
17885.0,156.34,1,110
17886.0,1572.55,6,711
17887.0,111.35,1,30
17888.0,1807.44,25,1536
17889.0,746.42,7,403
17890.0,586.89,2,402
17891.0,203.85999999999999,1,393
17892.0,244.1,3,109
17893.0,107.21,1,149
17894.0,2304.58,18,938
17895.0,95.45,1,127
17896.0,256.32,1,288
17897.0,2099.89,9,864
17898.0,299.18,4,251
17899.0,154.55,1,170
17900.0,112.19999999999999,2,73
17901.0,260.08,3,38
17902.0,216.39999999999998,1,526
17903.0,381.09000000000003,1,142
17904.0,181.07,1,59
17905.0,2178.87,13,1299
17906.0,72.9,1,26
17907.0,291.76,1,1046
17908.0,1142.47,5,670
17909.0,110.05,1,35
17910.0,261.7,1,121
17911.0,366.23,1,223
17912.0,374.55,6,215
17913.0,3429.29,14,1725
17914.0,329.36,1,457
17915.0,225.78,1,184
17916.0,43.87,2,90
17917.0,335.03,3,184
17918.0,396.39,3,352
17919.0,1840.32,2,1452
17920.0,23581.78,54,12265
17921.0,2394.36,10,991
17922.0,170.4,1,49
17923.0,497.0,3,140
17924.0,3257.7000000000003,8,1208
17925.0,244.08,1,72
17926.0,1035.49,5,572
17927.0,294.0,1,108
17928.0,341.24,3,222
17929.0,3082.1,12,434
17930.0,4275.22,13,3795
17931.0,3402.24,14,1919
17932.0,1331.57,3,789
17933.0,114.69,1,63
17934.0,1049.15,3,628
17935.0,686.14,7,244
17936.0,380.13,1,257
17937.0,4301.22,7,1754
17938.0,144.29,1,53
17939.0,99.14,1,40
17940.0,30306.79,16,85148
17941.0,1433.28,4,1108
17942.0,77.50000000000001,1,38
17944.0,74.99,1,84
17945.0,360.35,3,244
17946.0,149.57999999999998,2,75
17947.0,176.68,1,168
17948.0,358.56000000000006,1,144
17949.0,117314.08,118,60538
17950.0,1166.29,7,659
17951.0,1340.5800000000002,4,780
17952.0,788.46,4,477
17953.0,159.17000000000002,1,98
17954.0,3804.38,19,3180
17955.0,949.9,6,681
17956.0,12.75,1,1
17957.0,111.68,1,287
17958.0,973.88,2,284
17959.0,140.75,1,49
17960.0,135.08,3,60
17961.0,2866.74,100,1491
17962.0,666.96,4,633
17963.0,643.16,4,341
17964.0,463.21,2,294
17965.0,7006.65,29,4383
17966.0,1963.92,10,3918
17967.0,223.42,2,111
17968.0,590.4399999999999,4,352
17969.0,2354.29,20,1014
17970.0,562.79,1,513
17971.0,161.94,1,62
17972.0,135.19,1,36
17973.0,337.04,1,176
17974.0,1739.09,6,1189
17975.0,6696.33,24,2179
17976.0,321.79,1,93
17977.0,1511.45,2,1948
17978.0,1159.99,4,1297
17979.0,732.41,4,383
17980.0,1012.72,4,771
17981.0,239.12,1,260
17982.0,138.18,1,117
17983.0,171.71,1,108
17984.0,1152.19,5,939
17985.0,631.35,1,171
17986.0,20.8,1,10
17987.0,965.4399999999999,5,981
17988.0,489.54,14,186
17989.0,207.32999999999998,1,300
17990.0,1527.6100000000001,6,777
17991.0,300.3,3,93
17992.0,252.88,1,130
17993.0,225.99,1,108
17994.0,2270.0299999999997,11,2181
17995.0,495.48,3,263
17996.0,482.33,3,587
17997.0,1962.46,8,2273
17998.0,639.24,3,561
17999.0,528.46,3,286
18000.0,124.25,1,109
18001.0,924.14,6,874
18002.0,244.37,4,71
18003.0,353.51,1,297
18004.0,157.92,1,75
18005.0,226.47,2,86
18006.0,969.51,4,395
18007.0,215.22,1,246
18008.0,19759.079999999998,23,7825
18009.0,2144.23,8,651
18010.0,174.8,1,60
18011.0,410.79,2,125
18012.0,115.3,1,63
18013.0,187.29,2,285
18014.0,162.22,1,66
18015.0,120.03,1,157
18016.0,1954.56,7,1207
18017.0,688.0,4,400
18018.0,297.99,4,186
18019.0,38.45,1,7
18020.0,190.48000000000002,1,67
18021.0,216.41,2,168
18022.0,1507.25,5,1311
18024.0,389.78,2,184
18025.0,1177.72,6,1053
18026.0,2074.07,2,530
18027.0,115.31,1,78
18028.0,192.05,1,133
18029.0,433.77,1,253
18030.0,230.64999999999998,2,67
18031.0,451.3,1,298
18032.0,73.5,1,42
18033.0,93.82000000000001,1,252
18034.0,754.2,3,951
18035.0,1260.23,5,1134
18036.0,1545.49,11,741
18037.0,167.42,15,37
18038.0,141.48,1,80
18039.0,548.22,4,555
18040.0,357.20000000000005,2,148
18041.0,8018.7699999999995,38,7316
18042.0,281.15,2,69
18043.0,529.29,3,265
18044.0,3505.61,18,1598
18045.0,178.34,1,138
18046.0,189.63,1,44
18047.0,326.09,2,130
18048.0,394.93,3,256
18049.0,500.92,2,402
18050.0,412.06,2,250
18051.0,2282.28,7,1661
18052.0,10877.18,1,17766
18053.0,571.07,3,409
18054.0,176.5,1,96
18055.0,10142.64,14,3534
18056.0,554.6,2,334
18057.0,1188.46,3,970
18058.0,774.06,3,394
18059.0,306.46,3,258
18060.0,1185.46,2,902
18061.0,6083.81,28,3359
18062.0,1632.67,6,831
18063.0,186.60000000000002,2,48
18064.0,4481.83,11,2685
18065.0,5866.63,29,2265
18066.0,1440.4,3,535
18067.0,396.33,1,189
18068.0,101.69999999999999,1,6
18069.0,4464.92,11,3168
18070.0,314.1,1,86
18071.0,1169.68,6,678
18072.0,247.44,1,288
18073.0,3859.82,12,3102
18074.0,1019.44,2,361
18075.0,5783.29,20,3281
18076.0,151.49,1,164
18077.0,4078.79,18,3020
18078.0,725.53,4,370
18079.0,4203.93,5,8730
18080.0,1231.5,2,642
18081.0,343.45,3,195
18082.0,680.84,1,608
18083.0,463.53,1,268
18084.0,795.2299999999999,3,755
18085.0,1341.8500000000001,4,507
18086.0,101.34,1,106
18087.0,14761.519999999999,17,7775
18088.0,166.03,1,107
18089.0,428.45,1,95
18090.0,321.9,1,307
18091.0,360.85,1,539
18092.0,14693.72,18,8298
18093.0,4452.71,8,3429
18094.0,6391.52,13,4164
18095.0,2303.09,5,1623
18096.0,1657.87,6,1409
18097.0,4627.92,11,2716
18098.0,527.94,1,215
18099.0,168.31,1,149
18100.0,451.56,1,440
18101.0,622.01,5,247
18102.0,580987.04,145,181645
18103.0,105.8,1,23
18104.0,754.64,1,362
18105.0,113.48000000000002,1,46
18106.0,1441.06,6,506
18107.0,165.88,1,65
18108.0,848.8100000000001,3,261
18109.0,9555.71,38,4822
18110.0,392.28000000000003,2,169
18111.0,405.85,1,232
18112.0,773.36,4,443
18113.0,76.32000000000001,1,72
18114.0,220.1,1,55
18115.0,9.700000000000001,1,3
18116.0,2134.4900000000002,13,1267
18117.0,315.65,1,605
18118.0,6221.02,29,3184
18119.0,180.7,1,124
18120.0,111.15,1,31
18121.0,653.3,2,438
18122.0,1793.06,6,1225
18123.0,666.64,3,616
18124.0,102.65,1,47
18125.0,1131.75,4,800
18126.0,200.92000000000002,1,135
18127.0,556.13,4,250
18128.0,399.29,1,216
18129.0,112.55000000000001,1,48
18130.0,1059.39,3,824
18131.0,222.95999999999998,1,552
18132.0,220.13,1,212
18133.0,931.4999999999999,1,1350
18134.0,445.0,2,128
18135.0,1249.6200000000001,10,753
18136.0,1631.3600000000001,5,860
18137.0,145.99,2,59
18138.0,152.65,1,38
18139.0,8438.34,6,5557
18140.0,536.41,1,395
18141.0,882.47,2,433
18142.0,1019.52,2,1276
18143.0,1000.16,2,570
18144.0,4892.95,19,2144
18145.0,5609.74,11,5104
18146.0,160.35000000000002,2,153
18147.0,179.33999999999997,2,203
18148.0,112.85000000000001,1,63
18149.0,1553.96,7,869
18150.0,566.58,3,332
18151.0,1879.44,6,986
18152.0,426.69,1,75
18153.0,246.22,1,200
18154.0,932.6,5,626
18155.0,371.62,3,266
18156.0,675.64,2,283
18157.0,213.9,1,145
18158.0,453.4,2,354
18159.0,530.15,1,139
18160.0,1003.88,3,519
18161.0,1803.1000000000001,6,965
18162.0,371.51,1,332
18163.0,728.84,1,452
18164.0,399.65000000000003,1,184
18165.0,302.46000000000004,1,254
18166.0,175.5,1,90
18167.0,1384.8600000000001,3,382
18168.0,3435.5,16,1995
18169.0,202.65,1,61
18170.0,2878.0,9,1184
18171.0,2437.31,9,991
18172.0,17467.24,52,7407
18173.0,2696.36,5,1730
18174.0,162.5,2,80
18175.0,176.1,1,70
18176.0,476.35,1,283
18177.0,2216.32,9,1238
18178.0,6103.74,11,3850
18179.0,2547.55,8,1811
18180.0,1843.75,6,1721
18181.0,1188.34,5,510
18182.0,291.13,1,167
18183.0,632.07,2,371
18184.0,49.8,1,60
18185.0,304.25,1,183
18186.0,329.58,1,338
18187.0,724.89,1,310
18188.0,3280.59,6,1888
18189.0,1403.73,3,836
18190.0,745.62,5,490
18191.0,529.4,2,332
18192.0,957.97,1,339
18193.0,1207.35,3,926
18194.0,4162.04,6,1774
18195.0,101.16,1,60
18196.0,1457.19,4,1038
18197.0,230.1,1,166
18198.0,5425.56,17,4074
18199.0,344.75,1,99
18200.0,150.35,1,104
18201.0,447.53000000000003,1,191
18202.0,1396.99,3,581
18203.0,492.52,4,111
18204.0,1975.35,3,1190
18205.0,517.36,2,192
18206.0,314.65999999999997,1,246
18207.0,544.47,1,325
18208.0,360.08,1,82
18209.0,139.10000000000002,1,58
18210.0,2768.83,7,1499
18211.0,600.07,5,359
18212.0,514.37,2,158
18213.0,232.48000000000002,1,232
18214.0,1780.34,4,989
18215.0,2232.4900000000002,5,1131
18216.0,481.75,1,200
18217.0,945.04,4,740
18218.0,1121.84,4,1028
18219.0,3352.7000000000003,17,1586
18220.0,1921.76,6,1352
18221.0,1424.94,6,1000
18222.0,443.0,1,335
18223.0,14000.85,26,6644
18224.0,158.95000000000002,1,69
18225.0,13014.8,26,7282
18226.0,11878.88,26,7883
18227.0,388.75,2,22
18228.0,779.9,2,238
18229.0,10150.51,28,3071
18230.0,4291.06,9,1996
18231.0,6854.17,28,2915
18232.0,592.97,4,302
18233.0,440.0,1,4
18234.0,179.6,1,80
18235.0,1796.48,3,1578
18236.0,1795.3500000000001,12,696
18237.0,987.1,5,622
18238.0,270.92,1,114
18239.0,1712.26,6,844
18240.0,422.58,1,126
18241.0,2986.9900000000002,21,1471
18242.0,3605.21,8,2021
18243.0,515.78,1,221
18244.0,568.64,2,856
18245.0,6324.9800000000005,20,5098
18246.0,758.8199999999999,3,214
18247.0,839.73,3,335
18248.0,804.02,2,511
18249.0,95.34,1,128
18250.0,349.27,1,199
18251.0,26278.86,9,39639
18252.0,1533.69,7,932
18253.0,317.88,1,128
18254.0,267.9,1,188
18255.0,303.15,2,201
18256.0,110.7,1,180
18257.0,4600.15,12,2369
18258.0,2059.67,6,1981
18259.0,3941.9,7,1274
18260.0,9947.26,23,5244
18261.0,324.24,2,146
18262.0,577.54,3,552
18263.0,1213.1599999999999,3,1468
18264.0,603.25,1,241
18265.0,801.51,2,311
18266.0,251.1,1,138
18267.0,269.37,1,135
18268.0,1490.23,6,711
18269.0,168.6,1,76
18270.0,444.55,3,209
18271.0,680.85,2,319
18272.0,4385.9800000000005,9,2880
18273.0,357.0,4,140
18274.0,175.92,1,88
18275.0,741.85,2,417
18276.0,1656.52,6,1246
18277.0,1180.05,5,449
18278.0,414.20000000000005,2,140
18279.0,231.33999999999997,1,630
18280.0,488.15000000000003,2,194
18281.0,201.14,2,146
18282.0,178.05,2,103
18283.0,2664.9,22,1679
18284.0,461.68,1,494
18285.0,427.0,1,145
18286.0,1296.43,2,608
18287.0,4182.99,7,3013
