Customer ID,TotalRevenue,NumberOfOrders,TotalItems,AverageOrderValue,PurchaseFrequency,CustomerLifespanDays,CustomerLifespanMonths,HistoricalCLTV,ValueSegment,ActiveMonths,MonthlyCustomerValue,Projected12MonthCLTV,CLTVSegment,CustomerType
12346.0,77556.46,12,74285,6463.038333333334,12,400,13.33,77556.46,High Value,13.140604467805518,5902.046606000001,70824.55927200001,High Value,Repeat Customer
12347.0,4921.53,8,2967,615.19125,8,402,13.4,4921.53,High Value,13.206307490144546,372.6651074626866,4471.981289552239,High Value,Repeat Customer
12348.0,2019.4,5,2714,403.88,5,362,12.07,2019.4,High Value,11.892247043363994,169.80811049723758,2037.697325966851,Medium Value,Repeat Customer
12349.0,4428.69,4,1624,1107.1725,4,570,19.0,4428.69,High Value,18.725361366622863,236.5075852631579,2838.0910231578946,Medium Value,Repeat Customer
12350.0,334.4,1,197,334.4,1,0,0.0,334.4,Low Value,1.0,334.4,4012.7999999999997,High Value,Single Purchase
12351.0,300.93,1,261,300.93,1,0,0.0,300.93,Low Value,1.0,300.93,3611.16,High Value,Single Purchase
12352.0,2849.84,10,724,284.98400000000004,10,356,11.87,2849.84,High Value,11.695137976346912,243.67733033707867,2924.127964044944,Medium Value,Repeat Customer
12353.0,406.76,2,212,203.38,2,204,6.8,406.76,Low Value,6.701708278580814,60.69497254901961,728.3396705882353,Low Value,Repeat Customer
12354.0,1079.4,1,530,1079.4,1,0,0.0,1079.4,Medium Value,1.0,1079.4,12952.800000000001,High Value,Single Purchase
12355.0,947.61,2,543,473.805,2,353,11.77,947.61,Medium Value,11.59658344283837,81.71458470254959,980.575016430595,Low Value,Repeat Customer
12356.0,6371.73,6,3416,1061.955,6,401,13.37,6371.73,High Value,13.173455978975033,483.67945436408974,5804.153452369077,High Value,Repeat Customer
12357.0,18287.66,3,6587,6095.886666666666,3,355,11.83,18287.66,High Value,11.662286465177397,1568.102451830986,18817.22942197183,High Value,Repeat Customer
12358.0,3887.07,5,1079,777.414,5,730,24.33,3887.0699999999997,High Value,23.98160315374507,162.08549424657537,1945.0259309589044,Medium Value,Repeat Customer
12359.0,8873.39,10,2739,887.3389999999999,10,676,22.53,8873.39,High Value,22.207621550591327,399.56507633136096,4794.780915976331,High Value,Repeat Customer
12360.0,4252.89,8,2459,531.61125,8,603,20.1,4252.89,High Value,19.80946123521682,214.68983681592042,2576.278041791045,Medium Value,Repeat Customer
12361.0,511.25,4,235,127.8125,4,394,13.13,511.25,Medium Value,12.943495400788436,39.498604060913706,473.9832487309645,Low Value,Repeat Customer
12362.0,5356.23,11,2230,486.92999999999995,11,735,24.5,5356.23,High Value,24.14586070959264,221.8280832653061,2661.9369991836734,Medium Value,Repeat Customer
12363.0,552.0,2,408,276.0,2,132,4.4,552.0,Medium Value,4.336399474375821,127.29454545454546,1527.5345454545454,Medium Value,Repeat Customer
12364.0,1313.1,4,1506,328.275,4,104,3.47,1313.1,Medium Value,3.416557161629435,384.3342692307692,4612.011230769231,High Value,Repeat Customer
12365.0,641.38,2,174,320.69,2,0,0.0,641.38,Medium Value,1.0,641.38,7696.5599999999995,High Value,Repeat Customer
12366.0,500.24,1,296,500.24,1,0,0.0,500.24,Medium Value,1.0,500.24,6002.88,High Value,Single Purchase
12367.0,168.9,1,173,168.9,1,0,0.0,168.9,Low Value,1.0,168.9,2026.8000000000002,Medium Value,Single Purchase
12368.0,917.6999999999999,1,330,917.6999999999999,1,0,0.0,917.6999999999999,Medium Value,1.0,917.6999999999999,11012.4,High Value,Single Purchase
12369.0,1791.15,3,1241,597.0500000000001,3,228,7.6,1791.15,High Value,7.490144546649145,239.13423684210528,2869.610842105263,Medium Value,Repeat Customer
12370.0,4316.56,7,2604,616.6514285714286,7,617,20.57,4316.56,High Value,20.269382391590014,212.9596213938412,2555.5154567260943,Medium Value,Repeat Customer
12371.0,4067.38,5,1436,813.476,5,600,20.0,4067.38,High Value,19.71090670170828,206.35174533333333,2476.2209439999997,Medium Value,Repeat Customer
12372.0,1298.04,3,794,432.68,3,224,7.47,1298.04,Medium Value,7.35873850197109,176.3943642857143,2116.7323714285712,Medium Value,Repeat Customer
12373.0,1127.65,3,516,375.8833333333334,3,362,12.07,1127.65,Medium Value,11.892247043363994,94.82228176795581,1137.8673812154698,Low Value,Repeat Customer
12374.0,2989.2200000000003,4,1362,747.3050000000001,4,563,18.77,2989.2200000000003,High Value,18.495400788436267,161.6196390763766,1939.435668916519,Medium Value,Repeat Customer
12375.0,457.5,2,178,228.75,2,87,2.9,457.5,Low Value,2.8580814717477003,160.07241379310346,1920.8689655172416,Medium Value,Repeat Customer
12376.0,503.15,2,240,251.575,2,28,0.93,503.15,Medium Value,1.0,503.15,6037.799999999999,High Value,Repeat Customer
12377.0,3426.32,4,2105,856.58,4,274,9.13,3426.32,High Value,9.00131406044678,380.6466452554745,4567.759743065693,High Value,Repeat Customer
12378.0,5416.32,2,3316,2708.16,2,432,14.4,5416.32,High Value,14.19185282522996,381.64995555555555,4579.799466666666,High Value,Repeat Customer
12379.0,1620.22,4,815,405.055,4,452,15.07,1620.22,High Value,14.848883048620236,109.11393097345133,1309.367171681416,Low Value,Repeat Customer
12380.0,9676.300000000001,11,3355,879.6636363636364,11,640,21.33,9676.300000000001,High Value,21.02496714848883,460.2290187500001,5522.748225000001,High Value,Repeat Customer
12381.0,1845.31,5,808,369.062,5,115,3.83,1845.31,High Value,3.7779237844940865,488.4455339130435,5861.346406956522,High Value,Repeat Customer
12383.0,1850.56,5,1532,370.11199999999997,5,167,5.57,1850.56,High Value,5.486202365308804,337.31165508982036,4047.7398610778446,High Value,Repeat Customer
12384.0,585.27,2,126,292.635,2,92,3.07,585.27,Medium Value,3.0223390275952693,193.6480304347826,2323.7763652173912,Medium Value,Repeat Customer
12385.0,1938.4,1,612,1938.4,1,0,0.0,1938.4,High Value,1.0,1938.4,23260.800000000003,High Value,Single Purchase
12386.0,401.9,2,354,200.95,2,29,0.97,401.9,Low Value,1.0,401.9,4822.799999999999,High Value,Repeat Customer
12387.0,143.94,1,134,143.94,1,0,0.0,143.94,Low Value,1.0,143.94,1727.28,Medium Value,Single Purchase
12388.0,3901.11,8,2001,487.63875,8,566,18.87,3901.11,High Value,18.593955321944808,209.80527985865726,2517.663358303887,Medium Value,Repeat Customer
12389.0,1433.33,3,614,477.77666666666664,3,253,8.43,1433.33,Medium Value,8.31143232588699,172.45282687747036,2069.4339225296444,Medium Value,Repeat Customer
12390.0,549.84,1,353,549.84,1,0,0.0,549.84,Medium Value,1.0,549.84,6598.08,High Value,Single Purchase
12391.0,2724.84,6,1204,454.14000000000004,6,641,21.37,2724.84,High Value,21.057818659658345,129.39801809672386,1552.7762171606864,Medium Value,Repeat Customer
12392.0,234.75000000000003,1,73,234.75000000000003,1,0,0.0,234.75000000000003,Low Value,1.0,234.75000000000003,2817.0000000000005,Medium Value,Single Purchase
12393.0,2399.4500000000003,6,1311,399.90833333333336,6,356,11.87,2399.4500000000003,High Value,11.695137976346912,205.1664550561798,2461.997460674158,Medium Value,Repeat Customer
12394.0,1272.48,2,819,636.24,2,153,5.1,1272.48,Medium Value,5.026281208935611,253.16530196078432,3037.983623529412,Medium Value,Repeat Customer
12395.0,4721.17,15,3205,314.74466666666666,15,583,19.43,4721.17,High Value,19.152431011826543,246.50499965694684,2958.059995883362,Medium Value,Repeat Customer
12396.0,931.43,1,591,931.43,1,0,0.0,931.43,Medium Value,1.0,931.43,11177.16,High Value,Single Purchase
12397.0,2409.9,2,1263,1204.95,2,99,3.3,2409.9,High Value,3.252299605781866,740.983393939394,8891.800727272728,High Value,Repeat Customer
12398.0,1635.6599999999999,1,1394,1635.6599999999999,1,0,0.0,1635.6599999999999,High Value,1.0,1635.6599999999999,19627.92,High Value,Single Purchase
12399.0,1962.3,7,2198,280.3285714285714,7,525,17.5,1962.3,High Value,17.24704336399474,113.77602285714286,1365.3122742857145,Low Value,Repeat Customer
12400.0,205.25,1,91,205.25,1,0,0.0,205.25,Low Value,1.0,205.25,2463.0,Medium Value,Single Purchase
12401.0,84.3,1,11,84.3,1,0,0.0,84.3,Low Value,1.0,84.3,1011.5999999999999,Low Value,Single Purchase
12402.0,1256.9,6,584,209.48333333333335,6,347,11.57,1256.9,Medium Value,11.399474375821287,110.25946974063403,1323.1136368876084,Low Value,Repeat Customer
12403.0,1019.36,2,260,509.68,2,471,15.7,1019.36,Medium Value,15.473061760840999,65.87965690021231,790.5558828025478,Low Value,Repeat Customer
12404.0,63.24,1,1,63.24,1,0,0.0,63.24,Low Value,1.0,63.24,758.88,Low Value,Single Purchase
12405.0,1710.39,1,857,1710.39,1,0,0.0,1710.39,High Value,1.0,1710.39,20524.68,High Value,Single Purchase
12406.0,6390.36,5,3416,1278.072,5,675,22.5,6390.36,High Value,22.174770039421812,288.181568,3458.1788160000006,High Value,Repeat Customer
12407.0,1708.1200000000001,5,1416,341.624,5,214,7.13,1708.1200000000001,High Value,7.030223390275952,242.9680971962617,2915.6171663551404,Medium Value,Repeat Customer
12408.0,4340.7699999999995,8,2229,542.5962499999999,8,465,15.5,4340.7699999999995,High Value,15.275952693823916,284.15707268817204,3409.884872258064,High Value,Repeat Customer
12409.0,23419.29,7,13143,3345.612857142857,7,486,16.2,23419.29,High Value,15.965834428383705,1466.8378345679014,17602.054014814817,High Value,Repeat Customer
12410.0,1013.71,3,341,337.90333333333336,3,193,6.43,1013.71,Medium Value,6.340341655716163,159.8825512953368,1918.5906155440416,Medium Value,Repeat Customer
12411.0,346.9,1,138,346.9,1,0,0.0,346.9,Low Value,1.0,346.9,4162.799999999999,High Value,Single Purchase
12412.0,2596.93,6,1997,432.82166666666666,6,464,15.47,2596.93,High Value,15.243101182654401,170.36756293103448,2044.4107551724137,Medium Value,Repeat Customer
12413.0,999.45,4,319,249.8625,4,335,11.17,999.45,Medium Value,11.005256241787121,90.81569552238807,1089.7883462686568,Low Value,Repeat Customer
12414.0,952.41,6,495,158.73499999999999,6,246,8.2,952.4099999999999,Medium Value,8.081471747700395,117.85105853658536,1414.2127024390243,Low Value,Repeat Customer
12415.0,144458.37,28,91447,5159.2275,28,503,16.77,144458.37,High Value,16.52431011826544,8742.172530417494,104906.07036500993,High Value,Repeat Customer
12416.0,202.56,1,132,202.56,1,0,0.0,202.56,Low Value,1.0,202.56,2430.7200000000003,Medium Value,Single Purchase
12417.0,6797.41,20,2884,339.8705,20,730,24.33,6797.41,High Value,23.98160315374507,283.44268547945205,3401.3122257534246,High Value,Repeat Customer
12418.0,2021.2,4,1088,505.3,4,517,17.23,2021.2,High Value,16.98423127463863,119.00450290135399,1428.0540348162478,Low Value,Repeat Customer
12419.0,503.01,2,231,251.505,2,27,0.9,503.01,Medium Value,1.0,503.01,6036.12,High Value,Repeat Customer
12420.0,600.39,1,345,600.39,1,0,0.0,600.39,Medium Value,1.0,600.39,7204.68,High Value,Single Purchase
12421.0,1098.6,6,652,183.1,6,489,16.3,1098.6,Medium Value,16.064388961892245,68.38728834355828,820.6474601226994,Low Value,Repeat Customer
12422.0,5231.8,17,2596,307.7529411764706,17,625,20.83,5231.8,High Value,20.532194480946124,254.8095872,3057.7150464,Medium Value,Repeat Customer
12423.0,2622.39,10,1793,262.239,10,465,15.5,2622.39,High Value,15.275952693823916,171.6678529032258,2060.0142348387094,Medium Value,Repeat Customer
12424.0,3340.03,4,2025,835.0075,4,385,12.83,3340.03,High Value,12.64783180026281,264.0792550649351,3168.9510607792217,Medium Value,Repeat Customer
12425.0,1741.41,2,1147,870.705,2,370,12.33,1741.41,High Value,12.155059132720105,143.26627135135135,1719.1952562162162,Medium Value,Repeat Customer
12426.0,1345.21,2,584,672.605,2,468,15.6,1345.21,Medium Value,15.374507227332456,87.49613760683762,1049.9536512820514,Low Value,Repeat Customer
12427.0,825.8,3,533,275.26666666666665,3,349,11.63,825.8,Medium Value,11.465177398160314,72.02679656160458,864.321558739255,Low Value,Repeat Customer
12428.0,7956.46,9,3536,884.0511111111111,9,257,8.57,7956.46,High Value,8.442838370565045,942.3916046692608,11308.69925603113,High Value,Repeat Customer
12429.0,6204.41,8,2890,775.55125,8,537,17.9,6204.41,High Value,17.641261498028907,351.69877169459966,4220.385260335196,High Value,Repeat Customer
12430.0,256.4,1,117,256.4,1,0,0.0,256.4,Low Value,1.0,256.4,3076.7999999999997,Medium Value,Single Purchase
12431.0,10432.22,27,4600,386.3785185185185,27,658,21.93,10432.22,High Value,21.616294349540077,482.60908328267476,5791.308999392097,High Value,Repeat Customer
12432.0,5059.32,5,1801,1011.8639999999999,5,129,4.3,5059.32,High Value,4.23784494086728,1193.842641860465,14326.11170232558,High Value,Repeat Customer
12433.0,16794.14,10,13534,1679.414,10,476,15.87,16794.14,High Value,15.637319316688567,1073.9781966386554,12887.738359663865,High Value,Repeat Customer
12434.0,1103.43,3,532,367.81,3,296,9.87,1103.43,Medium Value,9.724047306176084,113.4743554054054,1361.692264864865,Low Value,Repeat Customer
12435.0,13925.93,6,4958,2320.9883333333332,6,657,21.9,13925.93,High Value,21.583442838370566,645.2135604261796,7742.562725114155,High Value,Repeat Customer
12436.0,509.01,1,211,509.01,1,0,0.0,509.01,Medium Value,1.0,509.01,6108.12,High Value,Single Purchase
12437.0,12683.4,39,8000,325.2153846153846,39,735,24.5,12683.4,High Value,24.14586070959264,525.2825795918368,6303.3909551020415,High Value,Repeat Customer
12438.0,2906.85,2,1180,1453.425,2,125,4.17,2906.85,High Value,4.106438896189225,707.8761119999999,8494.513343999999,High Value,Repeat Customer
12439.0,1142.88,2,478,571.44,2,43,1.43,1142.88,Medium Value,1.4126149802890933,809.0527255813954,9708.632706976745,High Value,Repeat Customer
12440.0,859.2,2,331,429.6,2,255,8.5,859.2,Medium Value,8.377135348226018,102.56489411764707,1230.7787294117647,Low Value,Repeat Customer
12441.0,173.55,1,121,173.55,1,0,0.0,173.55,Low Value,1.0,173.55,2082.6000000000004,Medium Value,Single Purchase
12442.0,172.06,1,182,172.06,1,0,0.0,172.06,Low Value,1.0,172.06,2064.7200000000003,Medium Value,Single Purchase
12443.0,485.31,1,182,485.31,1,0,0.0,485.31,Medium Value,1.0,485.31,5823.72,High Value,Single Purchase
12444.0,5005.46,5,1153,1001.092,5,149,4.97,5005.46,High Value,4.894875164257556,1022.5919624161074,12271.10354899329,High Value,Repeat Customer
12445.0,434.98,2,206,217.49,2,398,13.27,434.98,Low Value,13.074901445466491,33.26831959798995,399.21983517587944,Low Value,Repeat Customer
12446.0,1002.3100000000001,1,351,1002.3100000000001,1,0,0.0,1002.3100000000001,Medium Value,1.0,1002.3100000000001,12027.720000000001,High Value,Single Purchase
12447.0,476.49,1,190,476.49,1,0,0.0,476.49,Medium Value,1.0,476.49,5717.88,High Value,Single Purchase
12448.0,449.45,1,243,449.45,1,0,0.0,449.45,Low Value,1.0,449.45,5393.4,High Value,Single Purchase
12449.0,4835.89,6,2282,805.9816666666667,6,416,13.87,4835.89,High Value,13.66622864651774,353.85695096153853,4246.283411538462,High Value,Repeat Customer
12450.0,688.2,5,442,137.64000000000001,5,318,10.6,688.2,Medium Value,10.446780551905388,65.87675471698114,790.5210566037737,Low Value,Repeat Customer
12451.0,12669.88,8,9359,1583.735,8,518,17.27,12669.88,High Value,17.017082785808146,744.5388942084942,8934.46673050193,High Value,Repeat Customer
12452.0,430.57,2,185,215.285,2,0,0.0,430.57,Low Value,1.0,430.57,5166.84,High Value,Repeat Customer
12453.0,707.09,1,473,707.09,1,0,0.0,707.09,Medium Value,1.0,707.09,8485.08,High Value,Single Purchase
12454.0,16679.78,5,7703,3335.9559999999997,5,364,12.13,16679.78,High Value,11.957950065703022,1394.8695142857143,16738.434171428573,High Value,Repeat Customer
12455.0,5879.95,10,3302,587.995,10,648,21.6,5879.95,High Value,21.28777923784494,276.2124660493827,3314.5495925925925,Medium Value,Repeat Customer
12456.0,3181.04,3,1633,1060.3466666666666,3,210,7.0,3181.04,High Value,6.898817345597897,461.0993219047619,5533.191862857143,High Value,Repeat Customer
12457.0,2995.91,8,1094,374.48875,8,368,12.27,2995.91,High Value,12.089356110381077,247.8138597826087,2973.7663173913043,Medium Value,Repeat Customer
12458.0,1777.49,4,986,444.3725,4,416,13.87,1777.49,High Value,13.66622864651774,130.0644125,1560.77295,Medium Value,Repeat Customer
12459.0,454.36,1,258,454.36,1,0,0.0,454.36,Low Value,1.0,454.36,5452.32,High Value,Single Purchase
12460.0,326.65,1,170,326.65,1,0,0.0,326.65,Low Value,1.0,326.65,3919.7999999999997,High Value,Single Purchase
12461.0,826.88,2,287,413.44,2,60,2.0,826.88,Medium Value,1.9710906701708277,419.5037866666667,5034.045440000001,High Value,Repeat Customer
12462.0,1189.59,2,536,594.795,2,284,9.47,1189.59,Medium Value,9.329829172141919,127.50394225352112,1530.0473070422534,Medium Value,Repeat Customer
12463.0,1344.78,4,776,336.195,4,188,6.27,1344.78,Medium Value,6.176084099868594,217.73991063829789,2612.8789276595744,Medium Value,Repeat Customer
12464.0,1212.05,8,112,151.50625,8,299,9.97,1212.05,Medium Value,9.822601839684625,123.39398662207358,1480.727839464883,Medium Value,Repeat Customer
12465.0,742.1899999999999,2,479,371.09499999999997,2,152,5.07,742.1899999999999,Medium Value,4.993429697766097,148.63331315789472,1783.5997578947367,Medium Value,Repeat Customer
12466.0,56.73,1,1,56.73,1,0,0.0,56.73,Low Value,1.0,56.73,680.76,Low Value,Single Purchase
12467.0,132.8,1,129,132.8,1,0,0.0,132.8,Low Value,1.0,132.8,1593.6000000000001,Medium Value,Single Purchase
12468.0,3670.74,5,2201,734.1479999999999,5,495,16.5,3670.74,High Value,16.26149802890933,225.7319709090909,2708.7836509090907,Medium Value,Repeat Customer
12469.0,3070.54,2,2552,1535.27,2,14,0.47,3070.54,High Value,1.0,3070.54,36846.479999999996,High Value,Repeat Customer
12470.0,211.95,1,95,211.95,1,0,0.0,211.95,Low Value,1.0,211.95,2543.3999999999996,Medium Value,Single Purchase
12471.0,39918.19,79,16858,505.2935443037975,79,730,24.33,39918.19,High Value,23.98160315374507,1664.5338405479454,19974.406086575345,High Value,Repeat Customer
12472.0,16249.289999999999,19,10378,855.2257894736841,19,693,23.1,16249.289999999999,High Value,22.766097240473062,713.749477056277,8564.993724675323,High Value,Repeat Customer
12473.0,3928.0499999999997,5,2414,785.6099999999999,5,162,5.4,3928.0499999999993,High Value,5.321944809461235,738.0854444444444,8857.025333333333,High Value,Repeat Customer
12474.0,12372.75,31,7940,399.1209677419355,31,649,21.63,12372.75,High Value,21.320630749014455,580.3181972265023,6963.818366718027,High Value,Repeat Customer
12475.0,1149.64,2,771,574.82,2,356,11.87,1149.64,Medium Value,11.695137976346912,98.3006786516854,1179.6081438202248,Low Value,Repeat Customer
12476.0,14083.91,23,5631,612.3439130434782,23,486,16.2,14083.909999999998,High Value,15.965834428383705,882.1280255144034,10585.53630617284,High Value,Repeat Customer
12477.0,20276.37,9,6119,2252.93,9,600,20.0,20276.37,High Value,19.71090670170828,1028.687838,12344.254056000002,High Value,Repeat Customer
12478.0,680.99,1,236,680.99,1,0,0.0,680.99,Medium Value,1.0,680.99,8171.88,High Value,Single Purchase
12479.0,527.2,1,385,527.2,1,0,0.0,527.2,Medium Value,1.0,527.2,6326.400000000001,High Value,Single Purchase
12480.0,5464.85,7,2952,780.6928571428572,7,479,15.97,5464.85,High Value,15.735873850197109,347.2860835073069,4167.433002087682,High Value,Repeat Customer
12481.0,12185.51,15,7158,812.3673333333334,15,584,19.47,12185.51,High Value,19.185282522996058,635.1488431506849,7621.7861178082185,High Value,Repeat Customer
12482.0,23691.4,29,27042,816.944827586207,29,77,2.57,23691.4,High Value,2.5295663600525624,9365.795012987013,112389.54015584415,High Value,Repeat Customer
12483.0,5097.18,19,2160,268.27263157894737,19,660,22.0,5097.18,High Value,21.681997371879106,235.08812,2821.05744,Medium Value,Repeat Customer
12484.0,6354.1,12,3266,529.5083333333333,12,648,21.6,6354.1,High Value,21.28777923784494,298.4858086419753,3581.8297037037037,High Value,Repeat Customer
12485.0,708.1,1,414,708.1,1,0,0.0,708.1,Medium Value,1.0,708.1,8497.2,High Value,Single Purchase
12486.0,1037.28,1,523,1037.28,1,0,0.0,1037.28,Medium Value,1.0,1037.28,12447.36,High Value,Single Purchase
12487.0,285.29999999999995,1,174,285.29999999999995,1,0,0.0,285.29999999999995,Low Value,1.0,285.29999999999995,3423.5999999999995,High Value,Single Purchase
12488.0,1298.66,3,529,432.8866666666667,3,65,2.17,1298.66,Medium Value,2.135348226018397,608.1724676923077,7298.069612307692,High Value,Repeat Customer
12489.0,334.93,1,105,334.93,1,0,0.0,334.93,Low Value,1.0,334.93,4019.16,High Value,Single Purchase
12490.0,9823.64,21,5906,467.79238095238094,21,733,24.43,9823.64,High Value,24.080157687253614,407.95580027285126,4895.469603274215,High Value,Repeat Customer
12491.0,460.40000000000003,1,260,460.40000000000003,1,0,0.0,460.40000000000003,Low Value,1.0,460.40000000000003,5524.8,High Value,Single Purchase
12492.0,715.21,3,444,238.40333333333334,3,340,11.33,715.21,Medium Value,11.169513797634691,64.0323305882353,768.3879670588235,Low Value,Repeat Customer
12493.0,433.74,2,207,216.87,2,31,1.03,433.74,Low Value,1.0183968462549278,425.90469677419355,5110.856361290323,High Value,Repeat Customer
12494.0,1815.27,9,979,201.69666666666666,9,560,18.67,1815.27,High Value,18.396846254927727,98.67289071428571,1184.0746885714286,Low Value,Repeat Customer
12495.0,357.4,1,130,357.4,1,0,0.0,357.4,Low Value,1.0,357.4,4288.799999999999,High Value,Single Purchase
12496.0,45.34,2,30,22.67,2,0,0.0,45.34,Low Value,1.0,45.34,544.08,Low Value,Repeat Customer
12497.0,6248.5,3,5685,2082.8333333333335,3,563,18.77,6248.5,High Value,18.495400788436267,337.8407460035524,4054.088952042629,High Value,Repeat Customer
12498.0,403.70000000000005,3,159,134.5666666666667,3,36,1.2,403.70000000000005,Low Value,1.1826544021024967,341.3507777777778,4096.209333333334,High Value,Repeat Customer
12499.0,393.72,1,302,393.72,1,0,0.0,393.72,Low Value,1.0,393.72,4724.64,High Value,Single Purchase
12500.0,5955.21,19,3377,313.4321052631579,19,650,21.67,5955.21,High Value,21.353482260183966,278.8870652307693,3346.6447827692314,Medium Value,Repeat Customer
12501.0,2169.39,1,1783,2169.39,1,0,0.0,2169.39,High Value,1.0,2169.39,26032.68,High Value,Single Purchase
12502.0,3723.87,5,820,744.774,5,214,7.13,3723.87,High Value,7.030223390275952,529.6944056074766,6356.332867289719,High Value,Repeat Customer
12503.0,1126.0,1,561,1126.0,1,0,0.0,1126.0,Medium Value,1.0,1126.0,13512.0,High Value,Single Purchase
12504.0,779.05,4,458,194.7625,4,578,19.27,779.05,Medium Value,18.988173455978973,41.02816955017301,492.33803460207616,Low Value,Repeat Customer
12505.0,955.2,1,324,955.2,1,0,0.0,955.2,Medium Value,1.0,955.2,11462.400000000001,High Value,Single Purchase
12506.0,73.5,1,23,73.5,1,0,0.0,73.5,Low Value,1.0,73.5,882.0,Low Value,Single Purchase
12507.0,1844.06,4,1256,461.015,4,450,15.0,1844.06,High Value,14.783180026281208,124.74041422222223,1496.8849706666667,Medium Value,Repeat Customer
12508.0,397.88,2,271,198.94,2,2,0.07,397.88,Low Value,1.0,397.88,4774.5599999999995,High Value,Repeat Customer
12509.0,176.5,1,55,176.5,1,0,0.0,176.5,Low Value,1.0,176.5,2118.0,Medium Value,Single Purchase
12510.0,5178.02,9,2049,575.3355555555556,9,592,19.73,5178.02,High Value,19.44809461235217,266.2481905405406,3194.978286486487,Medium Value,Repeat Customer
12511.0,3084.02,1,1753,3084.02,1,0,0.0,3084.02,High Value,1.0,3084.02,37008.24,High Value,Single Purchase
12512.0,132.18,2,96,66.09,2,0,0.0,132.18,Low Value,1.0,132.18,1586.16,Medium Value,Repeat Customer
12513.0,612.29,1,462,612.29,1,0,0.0,612.29,Medium Value,1.0,612.29,7347.48,High Value,Single Purchase
12514.0,1597.76,2,840,798.88,2,374,12.47,1597.76,High Value,12.28646517739816,130.04228449197862,1560.5074139037433,Medium Value,Repeat Customer
12515.0,383.7,1,131,383.7,1,0,0.0,383.7,Low Value,1.0,383.7,4604.4,High Value,Single Purchase
12516.0,2648.62,4,1952,662.155,4,521,17.37,2648.62,High Value,17.115637319316686,154.74854664107488,1856.9825596928986,Medium Value,Repeat Customer
12517.0,2481.6,5,1361,496.32,5,161,5.37,2481.6,High Value,5.289093298291721,469.191950310559,5630.303403726708,High Value,Repeat Customer
12518.0,2056.89,5,1318,411.378,5,109,3.63,2056.89,High Value,3.5808147174770038,574.4195559633027,6893.034671559633,High Value,Repeat Customer
12519.0,716.54,2,387,358.27,2,413,13.77,716.54,Medium Value,13.567674113009199,52.81229443099273,633.7475331719128,Low Value,Repeat Customer
12520.0,2634.26,5,1439,526.8520000000001,5,194,6.47,2634.26,High Value,6.3731931668856765,413.3344041237114,4960.012849484537,High Value,Repeat Customer
12521.0,599.68,1,309,599.68,1,0,0.0,599.68,Medium Value,1.0,599.68,7196.16,High Value,Single Purchase
12522.0,192.72,2,194,96.36,2,12,0.4,192.72,Low Value,1.0,192.72,2312.64,Medium Value,Repeat Customer
12523.0,4352.35,23,2263,189.2326086956522,23,712,23.73,4352.35,High Value,23.390275952693823,186.0751882022472,2232.9022584269665,Medium Value,Repeat Customer
12524.0,11126.11,17,7178,654.4770588235294,17,660,22.0,11126.11,High Value,21.681997371879106,513.1496793939394,6157.796152727273,High Value,Repeat Customer
12525.0,973.73,3,509,324.57666666666665,3,149,4.97,973.73,Medium Value,4.894875164257556,198.9284644295302,2387.1415731543625,Medium Value,Repeat Customer
12526.0,1316.66,3,632,438.8866666666667,3,93,3.1,1316.66,Medium Value,3.055190538764783,430.9583913978495,5171.500696774194,High Value,Repeat Customer
12527.0,735.51,5,526,147.102,5,447,14.9,735.51,Medium Value,14.684625492772668,50.087079194630874,601.0449503355705,Low Value,Repeat Customer
12528.0,1933.48,6,756,322.24666666666667,6,303,10.1,1933.48,High Value,9.95400788436268,194.2413570957096,2330.896285148515,Medium Value,Repeat Customer
12529.0,316.48,1,192,316.48,1,0,0.0,316.48,Low Value,1.0,316.48,3797.76,High Value,Single Purchase
12530.0,3759.26,9,2713,417.6955555555556,9,582,19.4,3759.26,High Value,19.11957950065703,196.61834089347082,2359.42009072165,Medium Value,Repeat Customer
12531.0,1933.2,2,1119,966.6,2,671,22.37,1933.2,High Value,22.043363994743757,87.69986289120716,1052.398354694486,Low Value,Repeat Customer
12532.0,349.83000000000004,1,153,349.83000000000004,1,0,0.0,349.83000000000004,Low Value,1.0,349.83000000000004,4197.960000000001,High Value,Single Purchase
12533.0,1367.89,2,704,683.945,2,110,3.67,1367.89,Medium Value,3.6136662286465175,378.53246909090916,4542.38962909091,High Value,Repeat Customer
12534.0,1089.18,1,651,1089.18,1,0,0.0,1089.18,Medium Value,1.0,1089.18,13070.16,High Value,Single Purchase
12535.0,716.35,2,219,358.175,2,94,3.13,716.35,Medium Value,3.088042049934297,231.9754680851064,2783.705617021277,Medium Value,Repeat Customer
12536.0,12601.830000000002,3,2803,4200.610000000001,3,15,0.5,12601.830000000002,High Value,1.0,12601.830000000002,151221.96000000002,High Value,Repeat Customer
12537.0,732.94,1,449,732.94,1,0,0.0,732.94,Medium Value,1.0,732.94,8795.28,High Value,Single Purchase
12538.0,640.45,2,336,320.225,2,349,11.63,640.45,Medium Value,11.465177398160314,55.860452722063044,670.3254326647566,Low Value,Repeat Customer
12539.0,11214.75,7,4535,1602.107142857143,7,694,23.13,11214.75,High Value,22.798948751642573,491.89768011527383,5902.7721613832855,High Value,Repeat Customer
12540.0,22254.49,33,11019,674.3784848484848,33,712,23.73,22254.49,High Value,23.390275952693823,951.4419601123597,11417.303521348316,High Value,Repeat Customer
12541.0,981.18,3,680,327.06,3,251,8.37,981.1800000000001,Medium Value,8.245729303547963,118.99250677290837,1427.9100812749004,Low Value,Repeat Customer
12542.0,481.88,2,522,240.94,2,156,5.2,481.88,Medium Value,5.124835742444152,94.02837948717949,1128.3405538461539,Low Value,Repeat Customer
12543.0,980.25,1,688,980.25,1,0,0.0,980.25,Medium Value,1.0,980.25,11763.0,High Value,Single Purchase
12544.0,372.7,1,136,372.7,1,0,0.0,372.7,Low Value,1.0,372.7,4472.4,High Value,Single Purchase
12545.0,1000.39,2,523,500.195,2,184,6.13,1000.39,Medium Value,6.044678055190539,165.49930217391304,1985.9916260869563,Medium Value,Repeat Customer
12546.0,1161.5,2,633,580.75,2,31,1.03,1161.5,Medium Value,1.0183968462549278,1140.518064516129,13686.216774193548,High Value,Repeat Customer
12547.0,383.58,3,309,127.86,3,302,10.07,383.58,Low Value,9.921156373193167,38.662831788079465,463.95398145695356,Low Value,Repeat Customer
12548.0,95.19999999999999,1,49,95.19999999999999,1,0,0.0,95.19999999999999,Low Value,1.0,95.19999999999999,1142.3999999999999,Low Value,Single Purchase
12549.0,1575.68,6,1366,262.61333333333334,6,121,4.03,1575.68,Medium Value,3.9750328515111693,396.39420826446286,4756.730499173555,High Value,Repeat Customer
12550.0,964.83,1,569,964.83,1,0,0.0,964.83,Medium Value,1.0,964.83,11577.960000000001,High Value,Single Purchase
12551.0,168.0,1,100,168.0,1,0,0.0,168.0,Low Value,1.0,168.0,2016.0,Medium Value,Single Purchase
12552.0,437.82,2,88,218.91,2,0,0.0,437.82,Low Value,1.0,437.82,5253.84,High Value,Repeat Customer
12553.0,4608.75,12,2325,384.0625,12,415,13.83,4608.75,High Value,13.633377135348226,338.0490361445783,4056.5884337349394,High Value,Repeat Customer
12554.0,468.5,1,240,468.5,1,0,0.0,468.5,Medium Value,1.0,468.5,5622.0,High Value,Single Purchase
12555.0,129.23,1,1,129.23,1,0,0.0,129.23,Low Value,1.0,129.23,1550.7599999999998,Medium Value,Single Purchase
12556.0,599.56,2,355,299.78,2,100,3.33,599.56,Medium Value,3.2851511169513796,182.50606399999998,2190.072768,Medium Value,Repeat Customer
12557.0,18096.14,8,6382,2262.0175,8,706,23.53,18096.14,High Value,23.19316688567674,780.23583796034,9362.830055524078,High Value,Repeat Customer
12558.0,269.96,1,196,269.96,1,0,0.0,269.96,Low Value,1.0,269.96,3239.5199999999995,Medium Value,Single Purchase
12559.0,561.71,2,283,280.855,2,8,0.27,561.71,Medium Value,1.0,561.71,6740.52,High Value,Repeat Customer
12560.0,2134.01,3,1110,711.3366666666667,3,137,4.57,2134.01,High Value,4.50065703022339,474.15521459854017,5689.862575182482,High Value,Repeat Customer
12561.0,238.85,1,177,238.85,1,0,0.0,238.85,Low Value,1.0,238.85,2866.2,Medium Value,Single Purchase
12562.0,4966.92,9,2327,551.88,9,427,14.23,4966.92,High Value,14.027595269382392,354.0820721311475,4248.984865573771,High Value,Repeat Customer
12563.0,249.24,1,113,249.24,1,0,0.0,249.24,Low Value,1.0,249.24,2990.88,Medium Value,Single Purchase
12564.0,456.9,1,133,456.9,1,0,0.0,456.9,Low Value,1.0,456.9,5482.799999999999,High Value,Single Purchase
12565.0,145.92,1,80,145.92,1,0,0.0,145.92,Low Value,1.0,145.92,1751.04,Medium Value,Single Purchase
12566.0,351.65,1,265,351.65,1,0,0.0,351.65,Low Value,1.0,351.65,4219.799999999999,High Value,Single Purchase
12567.0,11767.48,15,5308,784.4986666666666,15,644,21.47,11767.48,High Value,21.156373193166885,556.2144273291925,6674.573127950311,High Value,Repeat Customer
12568.0,70.0,1,48,70.0,1,0,0.0,70.0,Low Value,1.0,70.0,840.0,Low Value,Single Purchase
12569.0,4124.69,32,1801,128.8965625,32,250,8.33,4124.69,High Value,8.21287779237845,502.22225439999994,6026.6670527999995,High Value,Repeat Customer
12570.0,77.52,1,1,77.52,1,0,0.0,77.52,Low Value,1.0,77.52,930.24,Low Value,Single Purchase
12571.0,519.61,2,523,259.805,2,81,2.7,519.61,Medium Value,2.6609724047306176,195.27072098765433,2343.2486518518517,Medium Value,Repeat Customer
12572.0,1020.42,2,452,510.21,2,43,1.43,1020.42,Medium Value,1.4126149802890933,722.3624372093024,8668.349246511629,High Value,Repeat Customer
12573.0,717.41,5,479,143.482,5,237,7.9,717.41,Medium Value,7.7858081471747695,92.14329282700422,1105.7195139240507,Low Value,Repeat Customer
12574.0,218.45,1,61,218.45,1,0,0.0,218.45,Low Value,1.0,218.45,2621.3999999999996,Medium Value,Single Purchase
12575.0,622.8199999999999,2,315,311.40999999999997,2,69,2.3,622.8199999999999,Medium Value,2.266754270696452,274.7629101449275,3297.1549217391303,Medium Value,Repeat Customer
12576.0,2142.72,8,1494,267.84,8,490,16.33,2142.72,High Value,16.09724047306176,133.11101387755102,1597.332166530612,Medium Value,Repeat Customer
12577.0,1617.1,8,1191,202.1375,8,700,23.33,1617.1,High Value,22.996057818659658,70.32074857142857,843.8489828571428,Low Value,Repeat Customer
12578.0,4642.45,4,2380,1160.6125,4,422,14.07,4642.45,High Value,13.863337713534822,334.8724597156398,4018.469516587678,High Value,Repeat Customer
12579.0,440.42,1,285,440.42,1,0,0.0,440.42,Low Value,1.0,440.42,5285.04,High Value,Single Purchase
12580.0,1052.9,2,569,526.45,2,329,10.97,1052.9,Medium Value,10.808147174770038,97.41725227963528,1169.0070273556234,Low Value,Repeat Customer
12581.0,197.71,1,161,197.71,1,0,0.0,197.71,Low Value,1.0,197.71,2372.52,Medium Value,Single Purchase
12582.0,1980.4,4,985,495.1,4,338,11.27,1980.4,High Value,11.103810775295663,178.3531834319527,2140.2382011834325,Medium Value,Repeat Customer
12583.0,13591.58,27,8535,503.39185185185187,27,730,24.33,13591.58,High Value,23.98160315374507,566.7502673972604,6801.003208767124,High Value,Repeat Customer
12584.0,2338.15,9,416,259.7944444444445,9,276,9.2,2338.1500000000005,High Value,9.067017082785808,257.87422463768115,3094.4906956521736,Medium Value,Repeat Customer
12585.0,2040.1,2,1279,1020.05,2,117,3.9,2040.1,High Value,3.843626806833114,530.7747350427351,6369.296820512821,High Value,Repeat Customer
12586.0,2062.67,4,687,515.6675,4,706,23.53,2062.67,High Value,23.19316688567674,88.93438356940511,1067.2126028328614,Low Value,Repeat Customer
12587.0,144.0,1,51,144.0,1,0,0.0,144.0,Low Value,1.0,144.0,1728.0,Medium Value,Single Purchase
12588.0,958.78,4,438,239.695,4,558,18.6,958.78,Medium Value,18.331143232588698,52.303339068100364,627.6400688172043,Low Value,Repeat Customer
12589.0,4695.66,8,1764,586.9575,8,660,22.0,4695.66,High Value,21.681997371879106,216.5695309090909,2598.834370909091,Medium Value,Repeat Customer
12590.0,9864.26,2,4283,4932.13,2,0,0.0,9864.26,High Value,1.0,9864.26,118371.12,High Value,Repeat Customer
12591.0,1338.95,3,653,446.31666666666666,3,91,3.03,1338.95,Medium Value,2.9894875164257555,447.8861318681319,5374.633582417582,High Value,Repeat Customer
12592.0,2582.66,5,1875,516.5319999999999,5,427,14.23,2582.66,High Value,14.027595269382392,184.1128112412178,2209.353734894614,Medium Value,Repeat Customer
12593.0,418.09999999999997,3,206,139.36666666666665,3,110,3.67,418.0999999999999,Low Value,3.6136662286465175,115.69967272727273,1388.3960727272727,Low Value,Repeat Customer
12594.0,5090.110000000001,15,2768,339.3406666666667,15,608,20.27,5090.110000000001,High Value,19.97371879106439,254.84037565789475,3058.084507894737,Medium Value,Repeat Customer
12595.0,299.02,1,271,299.02,1,0,0.0,299.02,Low Value,1.0,299.02,3588.24,High Value,Single Purchase
12596.0,618.27,2,474,309.135,2,190,6.33,618.27,Medium Value,6.241787122207621,99.05336210526316,1188.640345263158,Low Value,Repeat Customer
12597.0,3811.22,4,2236,952.805,4,248,8.27,3811.22,High Value,8.147174770039422,467.79651935483867,5613.558232258064,High Value,Repeat Customer
12598.0,4534.09,11,2906,412.19,11,639,21.3,4534.09,High Value,20.992115637319316,215.99014021909235,2591.881682629108,Medium Value,Repeat Customer
12599.0,2296.72,13,2189,176.67076923076922,13,548,18.27,2296.72,High Value,18.00262812089356,127.57692846715327,1530.9231416058392,Medium Value,Repeat Customer
12600.0,4967.42,21,1383,236.54380952380953,21,703,23.43,4967.42,High Value,23.0946123521682,215.08999260312947,2581.0799112375535,Medium Value,Repeat Customer
12601.0,681.26,6,290,113.54333333333334,6,214,7.13,681.26,Medium Value,7.030223390275952,96.90445981308412,1162.8535177570093,Low Value,Repeat Customer
12602.0,153.12,1,162,153.12,1,0,0.0,153.12,Low Value,1.0,153.12,1837.44,Medium Value,Single Purchase
12603.0,739.1999999999999,1,63,739.1999999999999,1,0,0.0,739.1999999999999,Medium Value,1.0,739.1999999999999,8870.4,High Value,Single Purchase
12604.0,254.18,2,201,127.09,2,182,6.07,254.18,Low Value,5.978975032851511,42.5123032967033,510.14763956043964,Low Value,Repeat Customer
12605.0,1232.95,4,929,308.2375,4,81,2.7,1232.95,Medium Value,2.6609724047306176,463.34565432098765,5560.147851851852,High Value,Repeat Customer
12606.0,21.0,1,1,21.0,1,0,0.0,21.0,Low Value,1.0,21.0,252.0,Low Value,Single Purchase
12607.0,1579.51,1,1228,1579.51,1,0,0.0,1579.51,Medium Value,1.0,1579.51,18954.12,High Value,Single Purchase
12608.0,415.79,1,323,415.79,1,0,0.0,415.79,Low Value,1.0,415.79,4989.4800000000005,High Value,Single Purchase
12609.0,3435.86,9,1553,381.76222222222225,9,641,21.37,3435.86,High Value,21.057818659658345,163.1631488299532,1957.9577859594383,Medium Value,Repeat Customer
12610.0,2099.54,5,1049,419.908,5,103,3.43,2099.54,High Value,3.383705650459921,620.485413592233,7445.8249631067965,High Value,Repeat Customer
12611.0,1193.32,1,846,1193.32,1,0,0.0,1193.32,Medium Value,1.0,1193.32,14319.84,High Value,Single Purchase
12612.0,704.0400000000001,1,262,704.0400000000001,1,0,0.0,704.0400000000001,Medium Value,1.0,704.0400000000001,8448.480000000001,High Value,Single Purchase
12613.0,6817.37,10,4157,681.737,10,668,22.27,6817.37,High Value,21.944809461235216,310.6597946107784,3727.9175353293413,High Value,Repeat Customer
12614.0,315.6,1,76,315.6,1,0,0.0,315.6,Low Value,1.0,315.6,3787.2000000000003,High Value,Single Purchase
12615.0,5740.98,8,3317,717.6225,8,629,20.97,5740.98,High Value,20.66360052562418,277.83057424483303,3333.966890937996,Medium Value,Repeat Customer
12616.0,1131.1,3,498,377.0333333333333,3,293,9.77,1131.1,Medium Value,9.625492772667542,117.51086689419795,1410.1304027303754,Low Value,Repeat Customer
12617.0,352.98,1,210,352.98,1,0,0.0,352.98,Low Value,1.0,352.98,4235.76,High Value,Single Purchase
12618.0,177.31,1,96,177.31,1,0,0.0,177.31,Low Value,1.0,177.31,2127.7200000000003,Medium Value,Single Purchase
12619.0,3781.38,10,3518,378.13800000000003,10,544,18.13,3781.38,High Value,17.871222076215506,211.5904544117647,2539.0854529411763,Medium Value,Repeat Customer
12620.0,1339.41,3,1181,446.47,3,189,6.3,1339.41,Medium Value,6.2089356110381075,215.7229650793651,2588.675580952381,Medium Value,Repeat Customer
12621.0,24311.2,35,13706,694.6057142857143,35,666,22.2,24311.2,High Value,21.879106438896187,1111.1605525525526,13333.92663063063,High Value,Repeat Customer
12622.0,180.1,1,69,180.1,1,0,0.0,180.1,Low Value,1.0,180.1,2161.2,Medium Value,Single Purchase
12623.0,3747.84,7,1971,535.4057142857143,7,420,14.0,3747.84,High Value,13.797634691195794,271.62916571428576,3259.549988571429,Medium Value,Repeat Customer
12624.0,641.13,2,355,320.565,2,71,2.37,641.13,Medium Value,2.3324572930354797,274.8732,3298.4784,Medium Value,Repeat Customer
12625.0,5164.88,4,3309,1291.22,4,384,12.8,5164.88,High Value,12.614980289093298,409.4243416666667,4913.0921,High Value,Repeat Customer
12626.0,6620.48,9,3453,735.6088888888888,9,303,10.1,6620.48,High Value,9.95400788436268,665.1069676567657,7981.283611881188,High Value,Repeat Customer
12627.0,4478.53,7,2752,639.79,7,129,4.3,4478.53,High Value,4.23784494086728,1056.7942108527131,12681.530530232558,High Value,Repeat Customer
12628.0,786.46,3,448,262.15333333333336,3,60,2.0,786.46,Medium Value,1.9710906701708277,398.99737333333337,4787.96848,High Value,Repeat Customer
12629.0,1558.22,2,722,779.11,2,37,1.23,1558.22,Medium Value,1.2155059132720105,1281.9518054054054,15383.421664864865,High Value,Repeat Customer
12630.0,1270.88,2,548,635.44,2,34,1.13,1270.88,Medium Value,1.1169513797634691,1137.811388235294,13653.736658823529,High Value,Repeat Customer
12631.0,3481.57,6,1607,580.2616666666667,6,635,21.17,3481.5699999999997,High Value,20.86070959264126,166.896048503937,2002.7525820472442,Medium Value,Repeat Customer
12632.0,804.88,2,694,402.44,2,44,1.47,804.88,Medium Value,1.445466491458607,556.8306181818182,6681.967418181818,High Value,Repeat Customer
12633.0,5678.16,7,3238,811.1657142857142,7,466,15.53,5678.16,High Value,15.308804204993429,370.9081339055794,4450.897606866953,High Value,Repeat Customer
12634.0,490.0,2,337,245.0,2,12,0.4,490.0,Medium Value,1.0,490.0,5880.0,High Value,Repeat Customer
12635.0,2930.41,4,1949,732.6025,4,367,12.23,2930.41,High Value,12.056504599211562,243.05634986376023,2916.6761983651227,Medium Value,Repeat Customer
12636.0,141.0,1,1,141.0,1,0,0.0,141.0,Low Value,1.0,141.0,1692.0,Medium Value,Single Purchase
12637.0,8283.81,12,4257,690.3175,12,476,15.87,8283.81,High Value,15.637319316688567,529.7461689075631,6356.954026890757,High Value,Repeat Customer
12638.0,921.49,2,663,460.745,2,606,20.2,921.49,Medium Value,19.90801576872536,46.28738547854786,555.4486257425743,Low Value,Repeat Customer
12639.0,1312.37,3,631,437.45666666666665,3,389,12.97,1312.37,Medium Value,12.779237844940866,102.69548277634962,1232.3457933161953,Low Value,Repeat Customer
12640.0,1174.58,3,311,391.52666666666664,3,57,1.9,1174.58,Medium Value,1.8725361366622864,627.2669333333333,7527.2032,High Value,Repeat Customer
12641.0,185.9,1,72,185.9,1,0,0.0,185.9,Low Value,1.0,185.9,2230.8,Medium Value,Single Purchase
12642.0,1013.26,3,552,337.75333333333333,3,82,2.73,1013.26,Medium Value,2.6938239159001314,376.1418829268293,4513.702595121951,High Value,Repeat Customer
12643.0,8304.82,12,4665,692.0683333333333,12,482,16.07,8304.82,High Value,15.83442838370565,524.4786738589212,6293.744086307054,High Value,Repeat Customer
12644.0,1918.49,4,1032,479.6225,4,564,18.8,1918.49,High Value,18.528252299605782,103.54403475177305,1242.5284170212767,Low Value,Repeat Customer
12645.0,3539.3,8,2125,442.4125,8,635,21.17,3539.3,High Value,20.86070959264126,169.66345196850395,2035.9614236220473,Medium Value,Repeat Customer
12646.0,1346.97,2,897,673.485,2,44,1.47,1346.97,Medium Value,1.445466491458607,931.8583363636365,11182.300036363638,High Value,Repeat Customer
12647.0,16955.55,36,6633,470.98749999999995,36,672,22.4,16955.55,High Value,22.07621550591327,768.0460446428572,9216.552535714287,High Value,Repeat Customer
12648.0,1112.0,4,518,278.0,4,546,18.2,1112.0,Medium Value,17.936925098554532,61.99501831501832,743.9402197802199,Low Value,Repeat Customer
12649.0,2294.65,8,1959,286.83125,8,588,19.6,2294.65,High Value,19.316688567674113,118.79106462585034,1425.492775510204,Low Value,Repeat Customer
12650.0,314.44,1,254,314.44,1,0,0.0,314.44,Low Value,1.0,314.44,3773.2799999999997,High Value,Single Purchase
12651.0,377.75,4,265,94.4375,4,130,4.33,377.75,Low Value,4.270696452036794,88.45161538461538,1061.4193846153846,Low Value,Repeat Customer
12652.0,1017.03,2,536,508.515,2,102,3.4,1017.03,Medium Value,3.350854139290407,303.5136588235294,3642.163905882353,High Value,Repeat Customer
12653.0,4160.83,3,1681,1386.9433333333334,3,378,12.6,4160.83,High Value,12.417871222076215,335.06789735449735,4020.8147682539684,High Value,Repeat Customer
12654.0,601.98,5,264,120.396,5,284,9.47,601.98,Medium Value,9.329829172141919,64.52208169014085,774.2649802816902,Low Value,Repeat Customer
12655.0,261.35,1,80,261.35,1,0,0.0,261.35,Low Value,1.0,261.35,3136.2000000000003,Medium Value,Single Purchase
12656.0,6407.83,8,2860,800.97875,8,545,18.17,6407.83,High Value,17.904073587385017,357.89788110091746,4294.77457321101,High Value,Repeat Customer
12657.0,1643.18,4,1044,410.795,4,67,2.23,1643.18,High Value,2.2010512483574245,746.5432716417911,8958.519259701494,High Value,Repeat Customer
12658.0,686.05,1,320,686.05,1,0,0.0,686.05,Medium Value,1.0,686.05,8232.599999999999,High Value,Single Purchase
12659.0,91.68,1,105,91.68,1,0,0.0,91.68,Low Value,1.0,91.68,1100.16,Low Value,Single Purchase
12660.0,245.1,1,127,245.1,1,0,0.0,245.1,Low Value,1.0,245.1,2941.2,Medium Value,Single Purchase
12661.0,162.0,1,216,162.0,1,0,0.0,162.0,Low Value,1.0,162.0,1944.0,Medium Value,Single Purchase
12662.0,6726.54,20,3424,336.327,20,617,20.57,6726.54,High Value,20.269382391590014,331.85717601296597,3982.2861121555916,High Value,Repeat Customer
12663.0,239.4,2,181,119.7,2,43,1.43,239.4,Low Value,1.4126149802890933,169.47293023255816,2033.6751627906979,Medium Value,Repeat Customer
12664.0,6070.04,11,1495,551.8218181818182,11,718,23.93,6070.040000000001,High Value,23.587385019710904,257.34264289693596,3088.1117147632312,Medium Value,Repeat Customer
12665.0,313.6,3,165,104.53333333333335,3,344,11.47,313.6,Low Value,11.300919842312746,27.749953488372096,332.99944186046514,Low Value,Repeat Customer
12666.0,1248.42,1,370,1248.42,1,0,0.0,1248.42,Medium Value,1.0,1248.42,14981.04,High Value,Single Purchase
12667.0,620.13,1,395,620.13,1,0,0.0,620.13,Medium Value,1.0,620.13,7441.5599999999995,High Value,Single Purchase
12668.0,11383.03,10,5049,1138.303,10,665,22.17,11383.03,High Value,21.846254927726676,521.0517792481203,6252.621350977443,High Value,Repeat Customer
12669.0,2744.0299999999997,3,1115,914.6766666666666,3,105,3.5,2744.0299999999997,High Value,3.4494086727989486,795.5073638095238,9546.088365714286,High Value,Repeat Customer
12670.0,3760.29,7,1627,537.1842857142857,7,656,21.87,3760.29,High Value,21.55059132720105,174.4866274390244,2093.8395292682926,Medium Value,Repeat Customer
12671.0,2622.481,1,1460,2622.481,1,0,0.0,2622.481,High Value,1.0,2622.481,31469.772000000004,High Value,Single Purchase
12672.0,437.05,2,138,218.525,2,265,8.83,437.05,Low Value,8.705650459921156,50.20302641509434,602.4363169811321,Low Value,Repeat Customer
12673.0,1230.02,3,700,410.00666666666666,3,396,13.2,1230.02,Medium Value,13.009198423127463,94.55002222222222,1134.6002666666668,Low Value,Repeat Customer
12674.0,1970.6,4,1133,492.65,4,169,5.63,1970.6,High Value,5.551905387647832,354.9412071005917,4259.2944852071005,High Value,Repeat Customer
12675.0,957.25,2,336,478.625,2,24,0.8,957.25,Medium Value,1.0,957.25,11487.0,High Value,Repeat Customer
12676.0,2843.09,11,1867,258.4627272727273,11,458,15.27,2843.09,High Value,15.045992115637318,188.9599554585153,2267.5194655021837,Medium Value,Repeat Customer
12677.0,395.1,2,176,197.55,2,111,3.7,395.1,Low Value,3.6465177398160313,108.34994594594596,1300.1993513513517,Low Value,Repeat Customer
12678.0,34281.18,21,22372,1632.4371428571428,21,658,21.93,34281.18,High Value,21.616294349540077,1585.8953179331309,19030.74381519757,High Value,Repeat Customer
12679.0,1113.02,4,554,278.255,4,225,7.5,1113.02,Medium Value,7.391590013140604,150.57923911111112,1806.9508693333335,Medium Value,Repeat Customer
12680.0,880.81,4,444,220.2025,4,112,3.73,880.81,Medium Value,3.679369250985545,239.391575,2872.6989,Medium Value,Repeat Customer
12681.0,29834.76,45,17011,662.9946666666666,45,711,23.7,29834.76,High Value,23.35742444152431,1277.313775527426,15327.765306329113,High Value,Repeat Customer
12682.0,22950.22,52,10522,441.35038461538466,52,735,24.5,22950.22,High Value,24.14586070959264,950.4825806802722,11405.790968163266,High Value,Repeat Customer
12683.0,11633.7,21,7019,553.9857142857143,21,722,24.07,11633.699999999999,High Value,23.71879106438896,490.48452631578954,5885.814315789475,High Value,Repeat Customer
12684.0,2283.63,7,1985,326.23285714285714,7,205,6.83,2283.63,High Value,6.734559789750328,339.09120585365855,4069.094470243903,High Value,Repeat Customer
12685.0,2863.08,6,1523,477.18,6,65,2.17,2863.08,High Value,2.135348226018397,1340.8023876923075,16089.62865230769,High Value,Repeat Customer
12686.0,89.14,1,107,89.14,1,0,0.0,89.14,Low Value,1.0,89.14,1069.68,Low Value,Single Purchase
12687.0,2138.91,2,1403,1069.455,2,0,0.0,2138.91,High Value,1.0,2138.91,25666.92,High Value,Repeat Customer
12688.0,4873.8099999999995,1,3028,4873.8099999999995,1,0,0.0,4873.8099999999995,High Value,1.0,4873.8099999999995,58485.719999999994,High Value,Single Purchase
12689.0,1247.61,2,628,623.805,2,101,3.37,1247.61,Medium Value,3.3180026281208934,376.0123603960396,4512.148324752475,High Value,Repeat Customer
12690.0,389.01,1,106,389.01,1,0,0.0,389.01,Low Value,1.0,389.01,4668.12,High Value,Single Purchase
12691.0,1170.4,7,445,167.20000000000002,7,392,13.07,1170.4,Medium Value,12.877792378449408,90.88514285714287,1090.6217142857145,Low Value,Repeat Customer
12692.0,110.95,1,36,110.95,1,0,0.0,110.95,Low Value,1.0,110.95,1331.4,Low Value,Single Purchase
12693.0,1703.02,7,536,243.28857142857143,7,395,13.17,1703.02,High Value,12.976346911957949,131.24032607594938,1574.8839129113926,Medium Value,Repeat Customer
12694.0,1843.35,3,1355,614.4499999999999,3,350,11.67,1843.35,High Value,11.498028909329829,160.31878285714285,1923.825394285714,Medium Value,Repeat Customer
12695.0,1407.1200000000001,7,454,201.0171428571429,7,658,21.93,1407.1200000000001,Medium Value,21.616294349540077,65.09533860182373,781.1440632218847,Low Value,Repeat Customer
12696.0,851.91,2,564,425.955,2,74,2.47,851.91,Medium Value,2.431011826544021,350.4343297297297,4205.211956756757,High Value,Repeat Customer
12697.0,957.59,3,508,319.19666666666666,3,140,4.67,957.5899999999999,Medium Value,4.599211563731932,208.2074257142857,2498.4891085714285,Medium Value,Repeat Customer
12698.0,339.75,1,111,339.75,1,0,0.0,339.75,Low Value,1.0,339.75,4077.0,High Value,Single Purchase
12699.0,638.11,1,373,638.11,1,0,0.0,638.11,Medium Value,1.0,638.11,7657.32,High Value,Single Purchase
12700.0,4939.99,4,2967,1234.9975,4,207,6.9,4939.99,High Value,6.800262812089356,726.4410415458938,8717.292498550725,High Value,Repeat Customer
12701.0,2446.41,6,1727,407.73499999999996,6,553,18.43,2446.41,High Value,18.166885676741128,134.6631471971067,1615.9577663652803,Medium Value,Repeat Customer
12702.0,219.0,1,53,219.0,1,0,0.0,219.0,Low Value,1.0,219.0,2628.0,Medium Value,Single Purchase
12703.0,1006.53,4,595,251.6325,4,613,20.43,1006.53,Medium Value,20.13797634691196,49.9816854812398,599.7802257748776,Low Value,Repeat Customer
12704.0,2340.84,8,1006,292.605,8,162,5.4,2340.84,High Value,5.321944809461235,439.84672592592597,5278.160711111112,High Value,Repeat Customer
12705.0,11762.1,14,7188,840.15,14,518,17.27,11762.1,High Value,17.017082785808146,691.1936756756758,8294.324108108109,High Value,Repeat Customer
12707.0,603.42,1,256,603.42,1,0,0.0,603.42,Medium Value,1.0,603.42,7241.039999999999,High Value,Single Purchase
12708.0,5117.66,18,2432,284.31444444444446,18,691,23.03,5117.66,High Value,22.700394218134033,225.44366193921854,2705.3239432706223,Medium Value,Repeat Customer
12709.0,30291.76,34,13772,890.9341176470588,34,715,23.83,30291.76,High Value,23.488830486202364,1289.6240201398602,15475.488241678322,High Value,Repeat Customer
12710.0,1149.02,3,851,383.00666666666666,3,104,3.47,1149.02,Medium Value,3.416557161629435,336.3093153846154,4035.7117846153847,High Value,Repeat Customer
12711.0,1339.05,2,770,669.525,2,65,2.17,1339.05,Medium Value,2.135348226018397,627.0874153846154,7525.048984615385,High Value,Repeat Customer
12712.0,6723.03,21,2205,320.14428571428573,21,701,23.37,6723.030000000001,High Value,23.028909329829172,291.93870641940083,3503.2644770328097,High Value,Repeat Customer
12713.0,848.55,1,508,848.55,1,0,0.0,848.55,Medium Value,1.0,848.55,10182.599999999999,High Value,Single Purchase
12714.0,14093.71,12,8774,1174.4758333333332,12,726,24.2,14093.71,High Value,23.850197109067015,590.9263531680441,7091.11623801653,High Value,Repeat Customer
12715.0,343.36,1,192,343.36,1,0,0.0,343.36,Low Value,1.0,343.36,4120.32,High Value,Single Purchase
12716.0,1053.49,2,708,526.745,2,129,4.3,1053.49,Medium Value,4.23784494086728,248.59097364341085,2983.09168372093,Medium Value,Repeat Customer
12717.0,1308.91,3,600,436.30333333333334,3,439,14.63,1308.91,Medium Value,14.421813403416557,90.75904419134397,1089.1085302961278,Low Value,Repeat Customer
12718.0,238.25,1,203,238.25,1,0,0.0,238.25,Low Value,1.0,238.25,2859.0,Medium Value,Single Purchase
12719.0,644.95,2,374,322.475,2,59,1.97,644.95,Medium Value,1.938239159001314,332.75047457627124,3993.005694915255,High Value,Repeat Customer
12720.0,7787.28,30,6018,259.57599999999996,30,503,16.77,7787.279999999999,High Value,16.52431011826544,471.262034194831,5655.144410337973,High Value,Repeat Customer
12721.0,4013.08,8,2655,501.635,8,440,14.67,4013.08,High Value,14.45466491458607,277.6321709090909,3331.5860509090908,Medium Value,Repeat Customer
12722.0,997.63,4,566,249.4075,4,65,2.17,997.63,Medium Value,2.135348226018397,467.19780307692304,5606.373636923076,High Value,Repeat Customer
12723.0,725.07,5,434,145.014,5,61,2.03,725.07,Medium Value,2.0039421813403417,361.82181639344265,4341.861796721312,High Value,Repeat Customer
12724.0,2317.52,7,1379,331.07428571428574,7,530,17.67,2317.52,High Value,17.41130091984231,133.1043562264151,1597.252274716981,Medium Value,Repeat Customer
12725.0,2266.76,4,1142,566.69,4,213,7.1,2266.76,High Value,6.9973718791064385,323.9444807511738,3887.333769014085,High Value,Repeat Customer
12726.0,4014.6,11,4618,364.96363636363634,11,595,19.83,4014.6,High Value,19.54664914586071,205.38558655462185,2464.6270386554625,Medium Value,Repeat Customer
12727.0,5679.53,10,2832,567.953,10,644,21.47,5679.53,High Value,21.156373193166885,268.45480310559003,3221.4576372670804,Medium Value,Repeat Customer
12728.0,1070.17,5,543,214.03400000000002,5,312,10.4,1070.17,Medium Value,10.249671484888305,104.41017564102565,1252.9221076923077,Low Value,Repeat Customer
12729.0,453.01,1,233,453.01,1,0,0.0,453.01,Low Value,1.0,453.01,5436.12,High Value,Single Purchase
12730.0,829.25,1,234,829.25,1,0,0.0,829.25,Medium Value,1.0,829.25,9951.0,High Value,Single Purchase
12731.0,25775.71,17,11641,1516.2182352941177,17,624,20.8,25775.71,High Value,20.49934296977661,1257.392007051282,15088.704084615383,High Value,Repeat Customer
12732.0,236.26000000000002,1,111,236.26000000000002,1,0,0.0,236.26000000000002,Low Value,1.0,236.26000000000002,2835.1200000000003,Medium Value,Single Purchase
12733.0,2424.87,4,896,606.2175,4,455,15.17,2424.87,High Value,14.947437582128778,162.2264676923077,1946.7176123076924,Medium Value,Repeat Customer
12734.0,639.65,3,265,213.21666666666667,3,39,1.3,639.65,Medium Value,1.281208935611038,499.2550256410256,5991.060307692307,High Value,Repeat Customer
12735.0,779.5699999999999,2,368,389.78499999999997,2,21,0.7,779.5699999999999,Medium Value,1.0,779.5699999999999,9354.84,High Value,Repeat Customer
12736.0,234.0,1,173,234.0,1,0,0.0,234.0,Low Value,1.0,234.0,2808.0,Medium Value,Single Purchase
12737.0,3710.5,2,2,1855.25,2,0,0.0,3710.5,High Value,1.0,3710.5,44526.0,High Value,Repeat Customer
12738.0,155.35,1,148,155.35,1,0,0.0,155.35,Low Value,1.0,155.35,1864.1999999999998,Medium Value,Single Purchase
12739.0,2726.73,4,951,681.6825,4,315,10.5,2726.73,High Value,10.348226018396845,263.4973371428572,3161.9680457142863,Medium Value,Repeat Customer
12740.0,427.6,1,342,427.6,1,0,0.0,427.6,Low Value,1.0,427.6,5131.200000000001,High Value,Single Purchase
12741.0,406.07,2,214,203.035,2,3,0.1,406.07,Low Value,1.0,406.07,4872.84,High Value,Repeat Customer
12742.0,1201.52,1,1359,1201.52,1,0,0.0,1201.52,Medium Value,1.0,1201.52,14418.24,High Value,Single Purchase
12743.0,540.13,2,315,270.065,2,0,0.0,540.13,Medium Value,1.0,540.13,6481.5599999999995,High Value,Repeat Customer
12744.0,25317.06,11,6994,2301.550909090909,11,539,17.97,25317.059999999998,High Value,17.706964520367936,1429.779789239332,17157.357470871986,High Value,Repeat Customer
12745.0,925.41,3,468,308.46999999999997,3,195,6.5,925.4099999999999,Medium Value,6.40604467805519,144.45887384615384,1733.506486153846,Medium Value,Repeat Customer
12746.0,254.55,1,97,254.55,1,0,0.0,254.55,Low Value,1.0,254.55,3054.6000000000004,Medium Value,Single Purchase
12747.0,8898.48,26,2640,342.24923076923073,26,730,24.33,8898.48,High Value,23.98160315374507,371.05442630136986,4452.653115616438,High Value,Repeat Customer
12748.0,53539.64,336,37109,159.34416666666667,336,734,24.47,53539.64,High Value,24.113009198423125,2220.363271934605,26644.35926321526,High Value,Repeat Customer
12749.0,6897.36,9,2360,766.3733333333333,9,517,17.23,6897.36,High Value,16.98423127463863,406.10374932301744,4873.2449918762095,High Value,Repeat Customer
12750.0,275.88,1,137,275.88,1,0,0.0,275.88,Low Value,1.0,275.88,3310.56,Medium Value,Single Purchase
12751.0,268.27,1,189,268.27,1,0,0.0,268.27,Low Value,1.0,268.27,3219.24,Medium Value,Single Purchase
12752.0,4366.78,1,2262,4366.78,1,0,0.0,4366.78,High Value,1.0,4366.78,52401.36,High Value,Single Purchase
12753.0,21429.39,6,11421,3571.565,6,339,11.3,21429.39,High Value,11.136662286465176,1924.2201522123896,23090.641826548675,High Value,Repeat Customer
12754.0,3010.74,3,6481,1003.5799999999999,3,72,2.4,3010.74,High Value,2.3653088042049935,1272.8739666666665,15274.487599999999,High Value,Repeat Customer
12755.0,5236.259999999999,11,2293,476.0236363636363,11,413,13.77,5236.259999999999,High Value,13.567674113009199,385.93645133171907,4631.237415980629,High Value,Repeat Customer
12756.0,112.07999999999998,1,144,112.07999999999998,1,0,0.0,112.07999999999998,Low Value,1.0,112.07999999999998,1344.9599999999998,Low Value,Single Purchase
12757.0,7834.650000000001,13,2395,602.6653846153847,13,195,6.5,7834.6500000000015,High Value,6.40604467805519,1223.0089538461539,14676.107446153846,High Value,Repeat Customer
12758.0,9903.24,7,6155,1414.7485714285715,7,621,20.7,9903.24,High Value,20.40078843626807,485.4341797101449,5825.210156521739,High Value,Repeat Customer
12759.0,5020.74,8,3202,627.5925,8,683,22.77,5020.74,High Value,22.437582128777922,223.76475197657393,2685.177023718887,Medium Value,Repeat Customer
12760.0,347.8,1,198,347.8,1,0,0.0,347.8,Low Value,1.0,347.8,4173.6,High Value,Single Purchase
12761.0,782.95,2,281,391.475,2,7,0.23,782.95,Medium Value,1.0,782.95,9395.400000000001,High Value,Repeat Customer
12762.0,1898.52,2,1227,949.26,2,17,0.57,1898.52,High Value,1.0,1898.52,22782.239999999998,High Value,Repeat Customer
12763.0,494.08,2,316,247.04,2,230,7.67,494.08,Medium Value,7.555847568988173,65.39041391304347,784.6849669565217,Low Value,Repeat Customer
12764.0,1693.88,1,386,1693.88,1,0,0.0,1693.88,High Value,1.0,1693.88,20326.56,High Value,Single Purchase
12765.0,1404.58,6,1009,234.09666666666666,6,169,5.63,1404.58,Medium Value,5.551905387647832,252.9906224852071,3035.8874698224854,Medium Value,Repeat Customer
12766.0,8918.99,9,5022,990.9988888888888,9,403,13.43,8918.99,High Value,13.23915900131406,673.6825200992555,8084.190241191066,High Value,Repeat Customer
12767.0,949.82,1,598,949.82,1,0,0.0,949.82,Medium Value,1.0,949.82,11397.84,High Value,Single Purchase
12768.0,168.69000000000003,1,102,168.69000000000003,1,0,0.0,168.69000000000003,Low Value,1.0,168.69000000000003,2024.2800000000002,Medium Value,Single Purchase
12769.0,1143.6,1,356,1143.6,1,0,0.0,1143.6,Medium Value,1.0,1143.6,13723.199999999999,High Value,Single Purchase
12770.0,3246.45,2,1843,1623.225,2,245,8.17,3246.45,High Value,8.04862023653088,403.35484897959185,4840.258187755102,High Value,Repeat Customer
12771.0,282.3,1,104,282.3,1,0,0.0,282.3,Low Value,1.0,282.3,3387.6000000000004,High Value,Single Purchase
12772.0,892.47,1,556,892.47,1,0,0.0,892.47,Medium Value,1.0,892.47,10709.64,High Value,Single Purchase
12773.0,124.25,1,109,124.25,1,0,0.0,124.25,Low Value,1.0,124.25,1491.0,Medium Value,Single Purchase
12774.0,98.7,1,53,98.7,1,0,0.0,98.7,Low Value,1.0,98.7,1184.4,Low Value,Single Purchase
12775.0,1686.12,7,1083,240.8742857142857,7,392,13.07,1686.12,High Value,12.877792378449408,130.93237959183674,1571.188555102041,Medium Value,Repeat Customer
12776.0,55.5,1,46,55.5,1,0,0.0,55.5,Low Value,1.0,55.5,666.0,Low Value,Single Purchase
12777.0,519.45,1,458,519.45,1,0,0.0,519.45,Medium Value,1.0,519.45,6233.400000000001,High Value,Single Purchase
12778.0,1775.68,9,1735,197.29777777777778,9,583,19.43,1775.68,High Value,19.152431011826543,92.71303464837051,1112.556415780446,Low Value,Repeat Customer
12779.0,6474.11,14,3501,462.43642857142856,14,699,23.3,6474.11,High Value,22.963206307490143,281.93406065808296,3383.2087278969957,High Value,Repeat Customer
12780.0,337.4,1,285,337.4,1,0,0.0,337.4,Low Value,1.0,337.4,4048.7999999999997,High Value,Single Purchase
12781.0,826.74,2,671,413.37,2,221,7.37,826.74,Medium Value,7.260183968462549,113.87314751131223,1366.4777701357466,Low Value,Repeat Customer
12782.0,4618.24,11,2017,419.84,11,514,17.13,4618.24,High Value,16.88567674113009,273.50043891050586,3282.0052669260704,Medium Value,Repeat Customer
12783.0,2225.91,6,624,370.98499999999996,6,73,2.43,2225.91,High Value,2.3981603153745072,928.1739780821918,11138.087736986301,High Value,Repeat Customer
12784.0,1763.15,3,862,587.7166666666667,3,520,17.33,1763.15,High Value,17.082785808147175,103.21208846153846,1238.5450615384616,Low Value,Repeat Customer
12785.0,1100.4,3,453,366.8,3,366,12.2,1100.4,Medium Value,12.02365308804205,91.51960655737706,1098.2352786885247,Low Value,Repeat Customer
12786.0,728.5,1,324,728.5,1,0,0.0,728.5,Medium Value,1.0,728.5,8742.0,High Value,Single Purchase
12787.0,862.18,4,510,215.545,4,403,13.43,862.18,Medium Value,13.23915900131406,65.12347196029776,781.4816635235732,Low Value,Repeat Customer
12788.0,444.9,4,194,111.225,4,65,2.17,444.9,Low Value,2.135348226018397,208.35009230769228,2500.2011076923072,Medium Value,Repeat Customer
12789.0,273.35,3,36,91.11666666666667,3,628,20.93,273.35,Low Value,20.630749014454665,13.249640127388536,158.99568152866243,Low Value,Repeat Customer
12790.0,591.85,2,306,295.925,2,218,7.27,591.85,Medium Value,7.1616294349540075,82.64180733944954,991.7016880733945,Low Value,Repeat Customer
12791.0,863.51,6,353,143.91833333333332,6,250,8.33,863.51,Medium Value,8.21287779237845,105.1409776,1261.6917312,Low Value,Repeat Customer
12792.0,827.01,2,394,413.505,2,278,9.27,827.01,Medium Value,9.132720105124836,90.55462014388489,1086.6554417266186,Low Value,Repeat Customer
12793.0,885.53,3,461,295.1766666666667,3,66,2.2,885.53,Medium Value,2.1681997371879107,408.41716969696967,4901.006036363636,High Value,Repeat Customer
12794.0,860.41,2,592,430.205,2,45,1.5,860.41,Medium Value,1.4783180026281209,582.0195644444444,6984.234773333334,High Value,Repeat Customer
12795.0,430.48,1,68,430.48,1,0,0.0,430.48,Low Value,1.0,430.48,5165.76,High Value,Single Purchase
12796.0,381.0,1,182,381.0,1,0,0.0,381.0,Low Value,1.0,381.0,4572.0,High Value,Single Purchase
12797.0,552.08,2,215,276.04,2,58,1.93,552.08,Medium Value,1.9053876478318001,289.7468137931035,3476.9617655172424,High Value,Repeat Customer
12798.0,8510.93,4,8455,2127.7325,4,411,13.7,8510.93,High Value,13.501971090670171,630.3472243309003,7564.166691970804,High Value,Repeat Customer
12799.0,219.35,1,137,219.35,1,0,0.0,219.35,Low Value,1.0,219.35,2632.2,Medium Value,Single Purchase
12800.0,584.25,3,284,194.75,3,206,6.87,584.25,Medium Value,6.767411300919842,86.33286407766991,1035.994368932039,Low Value,Repeat Customer
12801.0,1071.82,1,505,1071.82,1,0,0.0,1071.82,Medium Value,1.0,1071.82,12861.84,High Value,Single Purchase
12802.0,2416.42,7,1972,345.20285714285717,7,377,12.57,2416.42,High Value,12.3850197109067,195.1082885941645,2341.299463129974,Medium Value,Repeat Customer
12803.0,1092.81,1,872,1092.81,1,0,0.0,1092.81,Medium Value,1.0,1092.81,13113.72,High Value,Single Purchase
12804.0,325.37,2,270,162.685,2,34,1.13,325.37,Low Value,1.1169513797634691,291.3018470588235,3495.622164705882,High Value,Repeat Customer
12805.0,1434.95,4,593,358.7375,4,293,9.77,1434.95,Medium Value,9.625492772667542,149.0780819112628,1788.9369829351538,Medium Value,Repeat Customer
12806.0,2878.96,4,2087,719.74,4,153,5.1,2878.96,High Value,5.026281208935611,572.781322875817,6873.375874509804,High Value,Repeat Customer
12807.0,330.35,1,145,330.35,1,0,0.0,330.35,Low Value,1.0,330.35,3964.2000000000003,High Value,Single Purchase
12808.0,776.7,5,322,155.34,5,425,14.17,776.7,Medium Value,13.961892247043364,55.62999529411765,667.5599435294118,Low Value,Repeat Customer
12809.0,1755.94,3,518,585.3133333333334,3,469,15.63,1755.94,High Value,15.407358738501971,113.9676196162047,1367.6114353944563,Low Value,Repeat Customer
12810.0,534.99,2,389,267.495,2,142,4.73,534.99,Medium Value,4.664914586070959,114.68377183098592,1376.205261971831,Low Value,Repeat Customer
12811.0,1033.9,5,435,206.78000000000003,5,166,5.53,1033.9,Medium Value,5.45335085413929,189.58985542168676,2275.0782650602414,Medium Value,Repeat Customer
12812.0,229.64000000000001,1,164,229.64000000000001,1,0,0.0,229.64000000000001,Low Value,1.0,229.64000000000001,2755.6800000000003,Medium Value,Single Purchase
12813.0,1687.8,3,1141,562.6,3,191,6.37,1687.8000000000002,High Value,6.274638633377135,268.98760209424086,3227.8512251308903,Medium Value,Repeat Customer
12814.0,125.92,1,49,125.92,1,0,0.0,125.92,Low Value,1.0,125.92,1511.04,Medium Value,Single Purchase
12815.0,1063.46,2,379,531.73,2,50,1.67,1063.46,Medium Value,1.6425755584756898,647.4344480000001,7769.2133760000015,High Value,Repeat Customer
12816.0,572.2,2,128,286.1,2,80,2.67,572.2,Medium Value,2.628120893561104,217.7221,2612.6652000000004,Medium Value,Repeat Customer
12817.0,690.98,3,219,230.32666666666668,3,153,5.1,690.98,Medium Value,5.026281208935611,137.4734065359477,1649.6808784313725,Medium Value,Repeat Customer
12818.0,1542.08,1,929,1542.08,1,0,0.0,1542.08,Medium Value,1.0,1542.08,18504.96,High Value,Single Purchase
12819.0,540.52,1,344,540.52,1,0,0.0,540.52,Medium Value,1.0,540.52,6486.24,High Value,Single Purchase
12820.0,2689.52,11,1964,244.50181818181818,11,731,24.37,2689.52,High Value,24.014454664914584,111.99588071135432,1343.950568536252,Low Value,Repeat Customer
12821.0,220.8,2,162,110.4,2,397,13.23,220.8,Low Value,13.042049934296976,16.92985390428212,203.15824685138543,Low Value,Repeat Customer
12822.0,948.88,2,550,474.44,2,16,0.53,948.88,Medium Value,1.0,948.88,11386.56,High Value,Repeat Customer
12823.0,6501.5,18,930,361.19444444444446,18,604,20.13,6501.5,High Value,19.842312746386334,327.6583774834437,3931.9005298013244,High Value,Repeat Customer
12824.0,397.12,1,232,397.12,1,0,0.0,397.12,Low Value,1.0,397.12,4765.4400000000005,High Value,Single Purchase
12825.0,518.63,2,139,259.315,2,120,4.0,518.63,Medium Value,3.9421813403416555,131.55914333333334,1578.70972,Medium Value,Repeat Customer
12826.0,2800.75,12,1915,233.39583333333334,12,718,23.93,2800.75,High Value,23.587385019710904,118.73931754874653,1424.8718105849584,Low Value,Repeat Customer
12827.0,430.15000000000003,3,197,143.38333333333335,3,38,1.27,430.1500000000001,Low Value,1.2483574244415243,344.5727894736842,4134.873473684211,High Value,Repeat Customer
12828.0,1018.71,6,494,169.785,6,127,4.23,1018.71,Medium Value,4.1721419185282524,244.16954645669293,2930.034557480315,Medium Value,Repeat Customer
12829.0,385.3,3,550,128.43333333333334,3,213,7.1,385.3,Low Value,6.9973718791064385,55.06353051643193,660.7623661971832,Low Value,Repeat Customer
12830.0,6814.64,6,9848,1135.7733333333333,6,134,4.47,6814.639999999999,High Value,4.402102496714849,1548.0421014925373,18576.505217910446,High Value,Repeat Customer
12831.0,451.11,3,303,150.37,3,200,6.67,451.11,Low Value,6.570302233902759,68.65894200000001,823.9073040000001,Low Value,Repeat Customer
12832.0,383.03,2,195,191.515,2,65,2.17,383.03,Low Value,2.135348226018397,179.37589538461538,2152.5107446153843,Medium Value,Repeat Customer
12833.0,417.38,1,156,417.38,1,0,0.0,417.38,Low Value,1.0,417.38,5008.5599999999995,High Value,Single Purchase
12834.0,312.38,1,110,312.38,1,0,0.0,312.38,Low Value,1.0,312.38,3748.56,High Value,Single Purchase
12835.0,5996.83,41,2349,146.2641463414634,41,308,10.27,5996.83,High Value,10.11826544021025,592.6737181818182,7112.084618181819,High Value,Repeat Customer
12836.0,6559.7300000000005,15,2231,437.31533333333334,15,679,22.63,6559.7300000000005,High Value,22.306176084099867,294.07685007363773,3528.9222008836527,High Value,Repeat Customer
12837.0,662.66,2,194,331.33,2,396,13.2,662.66,Medium Value,13.009198423127463,50.93780404040404,611.2536484848484,Low Value,Repeat Customer
12838.0,2975.91,10,1606,297.591,10,559,18.63,2975.91,High Value,18.363994743758212,162.05134239713774,1944.6161087656528,Medium Value,Repeat Customer
12839.0,9669.12,26,6578,371.8892307692308,26,730,24.33,9669.12,High Value,23.98160315374507,403.1890586301371,4838.268703561645,High Value,Repeat Customer
12840.0,4041.97,7,2258,577.4242857142857,7,530,17.67,4041.97,High Value,17.41130091984231,232.1463524528302,2785.7562294339623,Medium Value,Repeat Customer
12841.0,6958.2,40,5008,173.95499999999998,40,514,17.13,6958.199999999999,High Value,16.88567674113009,412.0770583657588,4944.924700389105,High Value,Repeat Customer
12842.0,1917.99,4,887,479.4975,4,667,22.23,1917.99,High Value,21.911957950065702,87.5316575712144,1050.3798908545727,Low Value,Repeat Customer
12843.0,6583.36,30,3028,219.4453333333333,30,661,22.03,6583.36,High Value,21.71484888304862,303.17318971255673,3638.078276550681,High Value,Repeat Customer
12844.0,648.6,4,223,162.15,4,564,18.8,648.6,Medium Value,18.528252299605782,35.006,420.072,Low Value,Repeat Customer
12845.0,354.09,4,204,88.5225,4,22,0.73,354.09,Low Value,1.0,354.09,4249.08,High Value,Repeat Customer
12846.0,15.58,1,1,15.58,1,0,0.0,15.58,Low Value,1.0,15.58,186.96,Low Value,Single Purchase
12847.0,1609.0,2,1497,804.5,2,365,12.17,1609.0,High Value,11.990801576872535,134.18619178082193,1610.2343013698633,Medium Value,Repeat Customer
12848.0,208.0,1,58,208.0,1,0,0.0,208.0,Low Value,1.0,208.0,2496.0,Medium Value,Single Purchase
12849.0,3042.47,6,1855,507.0783333333333,6,559,18.63,3042.47,High Value,18.363994743758212,165.67582611806796,1988.1099134168155,Medium Value,Repeat Customer
12850.0,330.0,1,200,330.0,1,0,0.0,330.0,Low Value,1.0,330.0,3960.0,High Value,Single Purchase
12851.0,280.76,2,157,140.38,2,380,12.67,280.76,Low Value,12.483574244415243,22.490353684210525,269.8842442105263,Low Value,Repeat Customer
12852.0,311.55,1,149,311.55,1,0,0.0,311.55,Low Value,1.0,311.55,3738.6000000000004,High Value,Single Purchase
12853.0,3907.5,11,1668,355.22727272727275,11,537,17.9,3907.5,High Value,17.641261498028907,221.4977653631285,2657.973184357542,Medium Value,Repeat Customer
12854.0,2970.9700000000003,7,1630,424.42428571428576,7,649,21.63,2970.9700000000003,High Value,21.320630749014455,139.34719075500772,1672.1662890600926,Medium Value,Repeat Customer
12855.0,612.84,4,240,153.21,4,29,0.97,612.84,Medium Value,1.0,612.84,7354.08,High Value,Repeat Customer
12856.0,2170.78,6,1076,361.7966666666667,6,55,1.83,2170.78,High Value,1.8068331143232588,1201.4280581818184,14417.136698181821,High Value,Repeat Customer
12857.0,3688.0,6,1420,614.6666666666666,6,472,15.73,3688.0,High Value,15.505913272010512,237.84474576271188,2854.1369491525425,Medium Value,Repeat Customer
12858.0,147.27,1,51,147.27,1,0,0.0,147.27,Low Value,1.0,147.27,1767.2400000000002,Medium Value,Single Purchase
12859.0,575.1,1,292,575.1,1,0,0.0,575.1,Medium Value,1.0,575.1,6901.200000000001,High Value,Single Purchase
12860.0,54.22,1,26,54.22,1,0,0.0,54.22,Low Value,1.0,54.22,650.64,Low Value,Single Purchase
12861.0,68.25,1,27,68.25,1,0,0.0,68.25,Low Value,1.0,68.25,819.0,Low Value,Single Purchase
12862.0,984.62,2,611,492.31,2,69,2.3,984.62,Medium Value,2.266754270696452,434.3743884057971,5212.492660869565,High Value,Repeat Customer
12863.0,2792.5499999999997,6,895,465.42499999999995,6,537,17.9,2792.5499999999997,High Value,17.641261498028907,158.2965027932961,1899.5580335195532,Medium Value,Repeat Customer
12864.0,299.57,2,447,149.785,2,369,12.3,299.57,Low Value,12.12220762155059,24.712495392953933,296.54994471544717,Low Value,Repeat Customer
12865.0,3323.47,4,1973,830.8675,4,450,15.0,3323.47,High Value,14.783180026281208,224.81428177777778,2697.7713813333335,Medium Value,Repeat Customer
12866.0,1227.35,3,553,409.1166666666666,3,219,7.3,1227.35,Medium Value,7.194480946123521,170.59604566210047,2047.1525479452057,Medium Value,Repeat Customer
12867.0,7829.26,13,7876,602.2507692307693,13,696,23.2,7829.26,High Value,22.864651773981603,342.41763563218393,4109.011627586207,High Value,Repeat Customer
12868.0,2043.76,8,1170,255.47,8,207,6.9,2043.76,High Value,6.800262812089356,300.5413256038647,3606.4959072463766,High Value,Repeat Customer
12869.0,337.66999999999996,1,144,337.66999999999996,1,0,0.0,337.66999999999996,Low Value,1.0,337.66999999999996,4052.0399999999995,High Value,Single Purchase
12870.0,1676.95,3,906,558.9833333333333,3,248,8.27,1676.95,High Value,8.147174770039422,205.8320887096774,2469.9850645161287,Medium Value,Repeat Customer
12871.0,744.02,3,484,248.00666666666666,3,355,11.83,744.02,Medium Value,11.662286465177397,63.79709521126761,765.5651425352113,Low Value,Repeat Customer
12872.0,3283.96,12,1642,273.66333333333336,12,409,13.63,3283.96,High Value,13.436268068331144,244.41012811735942,2932.9215374083133,Medium Value,Repeat Customer
12873.0,2027.3,3,786,675.7666666666667,3,399,13.3,2027.3,High Value,13.107752956636006,154.66419047619047,1855.9702857142856,Medium Value,Repeat Customer
12874.0,948.42,2,623,474.21,2,169,5.63,948.42,Medium Value,5.551905387647832,170.82783905325442,2049.9340686390533,Medium Value,Repeat Customer
12875.0,1356.99,5,5187,271.398,5,554,18.47,1356.9900000000002,Medium Value,18.199737187910642,74.56096678700362,894.7316014440435,Low Value,Repeat Customer
12876.0,4081.79,4,3047,1020.4475,4,532,17.73,4081.79,High Value,17.47700394218134,233.55204436090224,2802.6245323308267,Medium Value,Repeat Customer
12877.0,2942.14,20,2237,147.107,20,687,22.9,2942.14,High Value,22.568988173455978,130.362069286754,1564.344831441048,Medium Value,Repeat Customer
12878.0,854.99,2,547,427.495,2,29,0.97,854.99,Medium Value,1.0,854.99,10259.880000000001,High Value,Repeat Customer
12879.0,573.22,3,370,191.07333333333335,3,47,1.57,573.22,Medium Value,1.5440210249671484,371.25142127659575,4455.017055319149,High Value,Repeat Customer
12880.0,640.13,2,279,320.065,2,192,6.4,640.13,Medium Value,6.307490144546649,101.48727708333334,1217.8473250000002,Low Value,Repeat Customer
12881.0,298.0,1,21,298.0,1,0,0.0,298.0,Low Value,1.0,298.0,3576.0,High Value,Single Purchase
12882.0,1463.04,2,246,731.52,2,24,0.8,1463.04,Medium Value,1.0,1463.04,17556.48,High Value,Repeat Customer
12883.0,703.47,4,196,175.8675,4,64,2.13,703.47,Medium Value,2.102496714848883,334.58791875000003,4015.0550250000006,High Value,Repeat Customer
12884.0,309.05,1,43,309.05,1,0,0.0,309.05,Low Value,1.0,309.05,3708.6000000000004,High Value,Single Purchase
12885.0,1175.22,3,655,391.74,3,60,2.0,1175.22,Medium Value,1.9710906701708277,596.22828,7154.7393600000005,High Value,Repeat Customer
12886.0,1378.4,2,770,689.2,2,151,5.03,1378.4,Medium Value,4.9605781865965834,277.8708344370861,3334.450013245033,Medium Value,Repeat Customer
12887.0,222.4,1,100,222.4,1,0,0.0,222.4,Low Value,1.0,222.4,2668.8,Medium Value,Single Purchase
12888.0,354.12,2,76,177.06,2,41,1.37,354.12,Low Value,1.3469119579500657,262.91250731707316,3154.950087804878,Medium Value,Repeat Customer
12889.0,385.46000000000004,4,124,96.36500000000001,4,121,4.03,385.46000000000004,Low Value,3.9750328515111693,96.97026776859505,1163.6432132231407,Low Value,Repeat Customer
12890.0,706.02,2,457,353.01,2,363,12.1,706.02,Medium Value,11.925098554533507,59.20454214876033,710.454505785124,Low Value,Repeat Customer
12891.0,840.5,11,2325,76.4090909090909,11,473,15.77,840.5,Medium Value,15.538764783180026,54.09052854122621,649.0863424947146,Low Value,Repeat Customer
12892.0,263.38,1,140,263.38,1,0,0.0,263.38,Low Value,1.0,263.38,3160.56,Medium Value,Single Purchase
12893.0,176.55,1,90,176.55,1,0,0.0,176.55,Low Value,1.0,176.55,2118.6000000000004,Medium Value,Single Purchase
12894.0,157.35,1,33,157.35,1,0,0.0,157.35,Low Value,1.0,157.35,1888.1999999999998,Medium Value,Single Purchase
12895.0,372.8,2,210,186.4,2,44,1.47,372.8,Low Value,1.445466491458607,257.9098181818182,3094.9178181818183,Medium Value,Repeat Customer
12897.0,514.25,4,249,128.5625,4,339,11.3,514.25,Medium Value,11.136662286465176,46.17631268436578,554.1157522123895,Low Value,Repeat Customer
12898.0,296.21000000000004,2,235,148.10500000000002,2,195,6.5,296.21000000000004,Low Value,6.40604467805519,46.23914051282052,554.8696861538463,Low Value,Repeat Customer
12899.0,366.4,1,108,366.4,1,0,0.0,366.4,Low Value,1.0,366.4,4396.799999999999,High Value,Single Purchase
12900.0,340.33,1,139,340.33,1,0,0.0,340.33,Low Value,1.0,340.33,4083.96,High Value,Single Purchase
12901.0,17654.54,28,23075,630.5192857142857,28,261,8.7,17654.54,High Value,8.5742444152431,2059.0199141762455,24708.238970114944,High Value,Repeat Customer
12902.0,138.68,1,66,138.68,1,0,0.0,138.68,Low Value,1.0,138.68,1664.16,Medium Value,Single Purchase
12903.0,833.53,1,493,833.53,1,0,0.0,833.53,Medium Value,1.0,833.53,10002.36,High Value,Single Purchase
12904.0,496.06,2,294,248.03,2,154,5.13,496.06,Medium Value,5.059132720105125,98.05237922077922,1176.6285506493505,Low Value,Repeat Customer
12905.0,1018.42,2,532,509.21,2,105,3.5,1018.42,Medium Value,3.4494086727989486,295.2448076190476,3542.9376914285713,High Value,Repeat Customer
12906.0,2919.81,5,1749,583.962,5,66,2.2,2919.81,High Value,2.1681997371879107,1346.6517636363635,16159.821163636363,High Value,Repeat Customer
12907.0,508.91,2,177,254.455,2,98,3.27,508.91,Medium Value,3.219448094612352,158.0736775510204,1896.884130612245,Medium Value,Repeat Customer
12908.0,1776.0,5,3000,355.2,5,453,15.1,1776.0,High Value,14.88173455978975,119.34092715231787,1432.0911258278145,Low Value,Repeat Customer
12909.0,3103.19,8,1948,387.89875,8,614,20.47,3103.19,High Value,20.17082785808147,153.84544560260588,1846.1453472312705,Medium Value,Repeat Customer
12910.0,5796.52,13,3632,445.8861538461539,13,598,19.93,5796.52,High Value,19.64520367936925,295.06031571906357,3540.723788628763,High Value,Repeat Customer
12911.0,1651.72,1,807,1651.72,1,0,0.0,1651.72,High Value,1.0,1651.72,19820.64,High Value,Single Purchase
12912.0,1662.3,5,670,332.46,5,37,1.23,1662.3,High Value,1.2155059132720105,1367.5787027027027,16410.944432432432,High Value,Repeat Customer
12913.0,6283.24,13,3086,483.32615384615383,13,733,24.43,6283.24,High Value,24.080157687253614,260.9301849931787,3131.1622199181447,Medium Value,Repeat Customer
12914.0,223.98,1,336,223.98,1,0,0.0,223.98,Low Value,1.0,223.98,2687.7599999999998,Medium Value,Single Purchase
12915.0,975.1,4,411,243.775,4,440,14.67,975.1,Medium Value,14.45466491458607,67.45919090909092,809.510290909091,Low Value,Repeat Customer
12916.0,4479.73,7,1681,639.9614285714285,7,545,18.17,4479.73,High Value,17.904073587385017,250.20730495412846,3002.4876594495418,Medium Value,Repeat Customer
12917.0,4359.2,6,1104,726.5333333333333,6,602,20.07,4359.2,High Value,19.776609724047304,220.4220066445183,2645.0640797342194,Medium Value,Repeat Customer
12918.0,10953.5,1,1,10953.5,1,0,0.0,10953.5,High Value,1.0,10953.5,131442.0,High Value,Single Purchase
12919.0,1335.19,6,673,222.53166666666667,6,161,5.37,1335.19,Medium Value,5.289093298291721,252.44213416149069,3029.305609937888,Medium Value,Repeat Customer
12920.0,486.64,4,420,121.66,4,707,23.57,486.64,Medium Value,23.226018396846253,20.952364356435645,251.42837227722774,Low Value,Repeat Customer
12921.0,35233.24,74,21328,476.12486486486483,74,729,24.3,35233.24,High Value,23.94875164257556,1471.1931764060355,17654.318116872426,High Value,Repeat Customer
12922.0,405.38,1,370,405.38,1,0,0.0,405.38,Low Value,1.0,405.38,4864.5599999999995,High Value,Single Purchase
12923.0,770.42,3,230,256.8066666666667,3,511,17.03,770.4200000000001,Medium Value,16.78712220762155,45.89351232876712,550.7221479452055,Low Value,Repeat Customer
12924.0,2469.4,12,1423,205.78333333333333,12,642,21.4,2469.4,High Value,21.090670170827856,117.08494704049846,1405.0193644859814,Low Value,Repeat Customer
12925.0,729.3299999999999,3,649,243.10999999999999,3,588,19.6,729.3299999999999,Medium Value,19.316688567674113,37.75647142857142,453.0776571428571,Low Value,Repeat Customer
12926.0,1523.97,4,754,380.9925,4,314,10.47,1523.97,Medium Value,10.315374507227332,147.73772866242038,1772.8527439490445,Medium Value,Repeat Customer
12927.0,197.31,1,145,197.31,1,0,0.0,197.31,Low Value,1.0,197.31,2367.7200000000003,Medium Value,Single Purchase
12928.0,4304.89,12,2899,358.74083333333334,12,514,17.13,4304.89,High Value,16.88567674113009,254.9432910505837,3059.3194926070046,Medium Value,Repeat Customer
12929.0,117.85,1,37,117.85,1,0,0.0,117.85,Low Value,1.0,117.85,1414.1999999999998,Low Value,Single Purchase
12930.0,415.8,2,252,207.9,2,93,3.1,415.8,Low Value,3.055190538764783,136.09625806451615,1633.1550967741937,Medium Value,Repeat Customer
12931.0,92347.34,57,62906,1620.1287719298246,57,717,23.9,92347.34,High Value,23.554533508541393,3920.576052440725,47046.9126292887,High Value,Repeat Customer
12932.0,1698.56,8,1609,212.32,8,128,4.27,1698.56,High Value,4.204993429697766,403.93879999999996,4847.2656,High Value,Repeat Customer
12933.0,1636.6299999999999,8,949,204.57874999999999,8,704,23.47,1636.6299999999999,High Value,23.127463863337713,70.76564943181818,849.187793181818,Low Value,Repeat Customer
12934.0,181.65,1,31,181.65,1,0,0.0,181.65,Low Value,1.0,181.65,2179.8,Medium Value,Single Purchase
12935.0,4243.86,15,3201,282.924,15,605,20.17,4243.86,High Value,19.87516425755585,213.52578247933883,2562.3093897520657,Medium Value,Repeat Customer
12936.0,1063.9,4,559,265.975,4,61,2.03,1063.9,Medium Value,2.0039421813403417,530.9035409836066,6370.84249180328,High Value,Repeat Customer
12937.0,3097.61,9,1983,344.1788888888889,9,720,24.0,3097.6099999999997,High Value,23.653088042049934,130.96006722222222,1571.5208066666667,Medium Value,Repeat Customer
12938.0,114.14,1,140,114.14,1,0,0.0,114.14,Low Value,1.0,114.14,1369.68,Low Value,Single Purchase
12939.0,25264.8,20,10328,1263.24,20,632,21.07,25264.8,High Value,20.76215505913272,1216.8678987341773,14602.414784810127,High Value,Repeat Customer
12940.0,899.69,2,404,449.845,2,33,1.1,899.69,Medium Value,1.0840998685939554,829.8958666666667,9958.7504,High Value,Repeat Customer
12941.0,377.49,1,381,377.49,1,0,0.0,377.49,Low Value,1.0,377.49,4529.88,High Value,Single Purchase
12942.0,675.6,3,198,225.20000000000002,3,234,7.8,675.6,Medium Value,7.687253613666228,87.8857435897436,1054.6289230769232,Low Value,Repeat Customer
12943.0,496.5,2,222,248.25,2,47,1.57,496.5,Medium Value,1.5440210249671484,321.5629787234043,3858.7557446808514,High Value,Repeat Customer
12944.0,604.51,2,289,302.255,2,319,10.63,604.51,Medium Value,10.4796320630749,57.68427711598746,692.2113253918495,Low Value,Repeat Customer
12945.0,900.11,2,446,450.055,2,367,12.23,900.11,Medium Value,12.056504599211562,74.6576250681199,895.8915008174388,Low Value,Repeat Customer
12946.0,324.45,1,149,324.45,1,0,0.0,324.45,Low Value,1.0,324.45,3893.3999999999996,High Value,Single Purchase
12947.0,1603.99,6,1165,267.33166666666665,6,229,7.63,1603.9899999999998,High Value,7.522996057818659,213.21159650655022,2558.5391580786027,Medium Value,Repeat Customer
12948.0,2317.43,9,1304,257.4922222222222,9,721,24.03,2317.43,High Value,23.68593955321945,97.8399018030513,1174.0788216366157,Low Value,Repeat Customer
12949.0,15526.7,22,8233,705.7590909090909,22,705,23.5,15526.7,High Value,23.160315374507228,670.4010609929078,8044.812731914893,High Value,Repeat Customer
12950.0,1843.0,3,1380,614.3333333333334,3,21,0.7,1843.0,High Value,1.0,1843.0,22116.0,High Value,Repeat Customer
12951.0,3213.7200000000003,15,1662,214.24800000000002,15,689,22.97,3213.7200000000003,High Value,22.634691195795007,141.98205631349782,1703.7846757619739,Medium Value,Repeat Customer
12952.0,1387.79,4,653,346.9475,4,72,2.4,1387.79,Medium Value,2.3653088042049935,586.7267722222222,7040.7212666666655,High Value,Repeat Customer
12953.0,828.8100000000001,2,364,414.40500000000003,2,512,17.07,828.8100000000001,Medium Value,16.819973718791065,49.27534453125,591.304134375,Low Value,Repeat Customer
12954.0,162.45,1,83,162.45,1,0,0.0,162.45,Low Value,1.0,162.45,1949.3999999999999,Medium Value,Single Purchase
12955.0,4757.16,11,3664,432.4690909090909,11,266,8.87,4757.16,High Value,8.73850197109067,544.3907909774435,6532.689491729323,High Value,Repeat Customer
12956.0,521.89,4,340,130.4725,4,417,13.9,521.89,Medium Value,13.699080157687254,38.096718465227816,457.1606215827338,Low Value,Repeat Customer
12957.0,8706.97,13,4686,669.766923076923,13,718,23.93,8706.97,High Value,23.587385019710904,369.1367225626741,4429.640670752089,High Value,Repeat Customer
12958.0,467.34,2,118,233.67,2,182,6.07,467.34,Medium Value,5.978975032851511,78.1638989010989,937.9667868131869,Low Value,Repeat Customer
12959.0,150.95,1,109,150.95,1,0,0.0,150.95,Low Value,1.0,150.95,1811.3999999999999,Medium Value,Single Purchase
12960.0,1322.07,4,1379,330.5175,4,247,8.23,1322.07,Medium Value,8.114323258869907,162.930408097166,1955.164897165992,Medium Value,Repeat Customer
12961.0,211.99,1,180,211.99,1,0,0.0,211.99,Low Value,1.0,211.99,2543.88,Medium Value,Single Purchase
12962.0,266.39,2,129,133.195,2,106,3.53,266.39,Low Value,3.4822601839684624,76.49916603773585,917.9899924528302,Low Value,Repeat Customer
12963.0,3235.79,12,1637,269.64916666666664,12,510,17.0,3235.79,High Value,16.754270696452036,193.13225019607845,2317.5870023529415,Medium Value,Repeat Customer
12964.0,132.24,1,56,132.24,1,0,0.0,132.24,Low Value,1.0,132.24,1586.88,Medium Value,Single Purchase
12965.0,769.8100000000001,1,282,769.8100000000001,1,0,0.0,769.8100000000001,Medium Value,1.0,769.8100000000001,9237.720000000001,High Value,Single Purchase
12966.0,160.18,1,75,160.18,1,0,0.0,160.18,Low Value,1.0,160.18,1922.16,Medium Value,Single Purchase
12967.0,2938.52,3,912,979.5066666666667,3,25,0.83,2938.52,High Value,1.0,2938.52,35262.24,High Value,Repeat Customer
12968.0,135.95,1,73,135.95,1,0,0.0,135.95,Low Value,1.0,135.95,1631.3999999999999,Medium Value,Single Purchase
12969.0,122.45,1,55,122.45,1,0,0.0,122.45,Low Value,1.0,122.45,1469.4,Medium Value,Single Purchase
12970.0,1453.6,10,954,145.35999999999999,10,728,24.27,1453.6,Medium Value,23.915900131406044,60.77964835164835,729.3557802197802,Low Value,Repeat Customer
12971.0,15704.6,116,14306,135.3844827586207,116,720,24.0,15704.6,High Value,23.653088042049934,663.9555888888889,7967.467066666666,High Value,Repeat Customer
12972.0,1161.2,4,844,290.3,4,247,8.23,1161.2,Medium Value,8.114323258869907,143.10497165991904,1717.2596599190285,Medium Value,Repeat Customer
12973.0,385.55,1,31,385.55,1,0,0.0,385.55,Low Value,1.0,385.55,4626.6,High Value,Single Purchase
12974.0,408.95,2,104,204.475,2,367,12.23,408.95,Low Value,12.056504599211562,33.91944959128065,407.03339509536784,Low Value,Repeat Customer
12975.0,2100.09,6,911,350.01500000000004,6,296,9.87,2100.09,High Value,9.724047306176084,215.9687148648649,2591.624578378379,Medium Value,Repeat Customer
12976.0,3156.38,8,2684,394.5475,8,453,15.1,3156.38,High Value,14.88173455978975,212.0975876379691,2545.171051655629,Medium Value,Repeat Customer
12977.0,513.88,4,128,128.47,4,355,11.83,513.88,Medium Value,11.662286465177397,44.063400563380284,528.7608067605634,Low Value,Repeat Customer
12978.0,2502.82,5,1394,500.564,5,344,11.47,2502.82,High Value,11.300919842312746,221.47046744186048,2657.6456093023257,Medium Value,Repeat Customer
12979.0,517.7,1,520,517.7,1,0,0.0,517.7,Medium Value,1.0,517.7,6212.400000000001,High Value,Single Purchase
12980.0,16245.78,21,1910,773.6085714285715,21,579,19.3,16245.780000000002,High Value,19.021024967148488,854.0959295336788,10249.151154404146,High Value,Repeat Customer
12981.0,372.21999999999997,2,242,186.10999999999999,2,103,3.43,372.21999999999997,Low Value,3.383705650459921,110.00365825242719,1320.0438990291264,Low Value,Repeat Customer
12982.0,2744.81,8,1729,343.10125,8,363,12.1,2744.81,High Value,11.925098554533507,230.170844077135,2762.05012892562,Medium Value,Repeat Customer
12983.0,490.08000000000004,1,638,490.08000000000004,1,0,0.0,490.08000000000004,Medium Value,1.0,490.08000000000004,5880.960000000001,High Value,Single Purchase
12984.0,97.5,1,26,97.5,1,0,0.0,97.5,Low Value,1.0,97.5,1170.0,Low Value,Single Purchase
12985.0,1239.38,2,1533,619.69,2,27,0.9,1239.38,Medium Value,1.0,1239.38,14872.560000000001,High Value,Repeat Customer
12986.0,2729.84,10,1164,272.98400000000004,10,259,8.63,2729.84,High Value,8.508541392904073,320.83524942084944,3850.0229930501932,High Value,Repeat Customer
12987.0,1312.21,5,585,262.442,5,615,20.5,1312.21,Medium Value,20.203679369250985,64.94906081300813,779.3887297560975,Low Value,Repeat Customer
12988.0,505.82,1,126,505.82,1,0,0.0,505.82,Medium Value,1.0,505.82,6069.84,High Value,Single Purchase
12989.0,13551.75,33,6935,410.65909090909093,33,726,24.2,13551.75,High Value,23.850197109067015,568.2028512396695,6818.434214876033,High Value,Repeat Customer
12990.0,955.5,7,480,136.5,7,588,19.6,955.5,Medium Value,19.316688567674113,49.464999999999996,593.5799999999999,Low Value,Repeat Customer
12991.0,764.82,3,483,254.94000000000003,3,366,12.2,764.82,Medium Value,12.02365308804205,63.60961967213115,763.3154360655739,Low Value,Repeat Customer
12992.0,93.35000000000001,1,21,93.35000000000001,1,0,0.0,93.35000000000001,Low Value,1.0,93.35000000000001,1120.2,Low Value,Single Purchase
12993.0,1259.6299999999999,8,751,157.45374999999999,8,636,21.2,1259.6299999999999,Medium Value,20.893561103810775,60.28795157232704,723.4554188679244,Low Value,Repeat Customer
12994.0,974.4200000000001,3,459,324.8066666666667,3,264,8.8,974.4200000000001,Medium Value,8.672798948751643,112.35357878787879,1348.2429454545454,Low Value,Repeat Customer
12995.0,211.32,1,108,211.32,1,0,0.0,211.32,Low Value,1.0,211.32,2535.84,Medium Value,Single Purchase
12996.0,355.5,1,122,355.5,1,0,0.0,355.5,Low Value,1.0,355.5,4266.0,High Value,Single Purchase
12997.0,2110.91,8,1186,263.86375,8,590,19.67,2110.91,High Value,19.38239159001314,108.90864474576271,1306.9037369491525,Low Value,Repeat Customer
12998.0,920.08,3,1124,306.6933333333333,3,160,5.33,920.0799999999999,Medium Value,5.256241787122208,175.04522,2100.54264,Medium Value,Repeat Customer
12999.0,455.88,3,342,151.96,3,49,1.63,455.88,Low Value,1.609724047306176,283.20382040816327,3398.4458448979594,High Value,Repeat Customer
13000.0,1032.5,4,548,258.125,4,618,20.6,1032.5,Medium Value,20.302233902759525,50.856472491909386,610.2776699029126,Low Value,Repeat Customer
13001.0,24042.65,33,13448,728.5651515151516,33,731,24.37,24042.65,High Value,24.014454664914584,1001.1740984952122,12014.089181942547,High Value,Repeat Customer
13002.0,414.13,3,201,138.04333333333332,3,116,3.87,414.13,Low Value,3.8107752956636003,108.67342413793104,1304.0810896551725,Low Value,Repeat Customer
13003.0,149.05,3,103,49.68333333333334,3,109,3.63,149.05,Low Value,3.5808147174770038,41.62460550458716,499.49526605504593,Low Value,Repeat Customer
13004.0,11650.85,36,8768,323.63472222222225,36,713,23.77,11650.85,High Value,23.423127463863338,497.4079579242637,5968.895495091165,High Value,Repeat Customer
13005.0,999.68,4,462,249.92,4,283,9.43,999.68,Medium Value,9.296977660972404,107.52741766784453,1290.3290120141344,Low Value,Repeat Customer
13006.0,81.57,1,55,81.57,1,0,0.0,81.57,Low Value,1.0,81.57,978.8399999999999,Low Value,Single Purchase
13007.0,175.25,1,59,175.25,1,0,0.0,175.25,Low Value,1.0,175.25,2103.0,Medium Value,Single Purchase
13008.0,612.13,3,379,204.04333333333332,3,399,13.3,612.13,Medium Value,13.107752956636006,46.69984260651629,560.3981112781955,Low Value,Repeat Customer
13009.0,234.0,1,120,234.0,1,0,0.0,234.0,Low Value,1.0,234.0,2808.0,Medium Value,Single Purchase
13010.0,330.12,2,323,165.06,2,274,9.13,330.12,Low Value,9.00131406044678,36.67464525547445,440.09574306569345,Low Value,Repeat Customer
13011.0,50.550000000000004,1,13,50.550000000000004,1,0,0.0,50.550000000000004,Low Value,1.0,50.550000000000004,606.6,Low Value,Single Purchase
13012.0,2957.83,11,1559,268.89363636363635,11,582,19.4,2957.83,High Value,19.11957950065703,154.70162405498283,1856.4194886597938,Medium Value,Repeat Customer
13013.0,11097.43,29,5661,382.67,29,724,24.13,11097.43,High Value,23.78449408672799,466.58255414364646,5598.990649723757,High Value,Repeat Customer
13014.0,5381.08,11,1979,489.1890909090909,11,422,14.07,5381.08,High Value,13.863337713534822,388.15183696682465,4657.8220436018955,High Value,Repeat Customer
13015.0,6579.78,11,3527,598.1618181818181,11,549,18.3,6579.78,High Value,18.035479632063073,364.8242316939891,4377.890780327869,High Value,Repeat Customer
13016.0,789.89,3,527,263.2966666666667,3,49,1.63,789.8900000000001,Medium Value,1.609724047306176,490.699012244898,5888.388146938776,High Value,Repeat Customer
13017.0,204.0,1,48,204.0,1,0,0.0,204.0,Low Value,1.0,204.0,2448.0,Medium Value,Single Purchase
13018.0,9763.16,35,6746,278.9474285714286,35,632,21.07,9763.16,High Value,20.76215505913272,470.2382759493671,5642.859311392405,High Value,Repeat Customer
13019.0,1229.95,6,397,204.99166666666667,6,353,11.77,1229.95,Medium Value,11.59658344283837,106.06141076487253,1272.7369291784703,Low Value,Repeat Customer
13020.0,618.96,2,278,309.48,2,97,3.23,618.96,Medium Value,3.1865965834428382,194.23858144329898,2330.862977319588,Medium Value,Repeat Customer
13021.0,4887.24,17,2546,287.48470588235296,17,730,24.33,4887.24,High Value,23.98160315374507,203.79121315068494,2445.4945578082193,Medium Value,Repeat Customer
13022.0,65.3,1,35,65.3,1,0,0.0,65.3,Low Value,1.0,65.3,783.5999999999999,Low Value,Single Purchase
13023.0,1449.03,3,585,483.01,3,464,15.47,1449.03,Medium Value,15.243101182654401,95.06136465517241,1140.736375862069,Low Value,Repeat Customer
13024.0,555.87,2,181,277.935,2,111,3.7,555.87,Medium Value,3.6465177398160313,152.4385837837838,1829.2630054054057,Medium Value,Repeat Customer
13025.0,323.39,1,241,323.39,1,0,0.0,323.39,Low Value,1.0,323.39,3880.68,High Value,Single Purchase
13026.0,1733.08,9,2466,192.56444444444443,9,725,24.17,1733.08,High Value,23.817345597897503,72.76545544827586,873.1854653793102,Low Value,Repeat Customer
13027.0,17239.2,19,42840,907.3263157894737,19,574,19.13,17239.2,High Value,18.85676741130092,914.2182020905924,10970.618425087108,High Value,Repeat Customer
13028.0,661.3199999999999,2,798,330.65999999999997,2,22,0.73,661.3199999999999,Medium Value,1.0,661.3199999999999,7935.839999999999,High Value,Repeat Customer
13029.0,1927.3,5,194,385.46,5,492,16.4,1927.3,High Value,16.16294349540079,119.24189430894309,1430.9027317073171,Low Value,Repeat Customer
13030.0,752.4399999999999,2,348,376.21999999999997,2,356,11.87,752.4399999999999,Medium Value,11.695137976346912,64.33784719101124,772.0541662921348,Low Value,Repeat Customer
13031.0,3292.84,5,2309,658.568,5,147,4.9,3292.84,High Value,4.829172141918528,681.8642829931973,8182.371395918368,High Value,Repeat Customer
13032.0,2815.96,9,1274,312.88444444444445,9,408,13.6,2815.96,High Value,13.403416557161629,210.09270196078432,2521.112423529412,Medium Value,Repeat Customer
13033.0,220.55,2,98,110.275,2,72,2.4,220.55,Low Value,2.3653088042049935,93.2436388888889,1118.9236666666668,Low Value,Repeat Customer
13034.0,756.82,3,406,252.27333333333334,3,346,11.53,756.82,Medium Value,11.366622864651774,66.5826612716763,798.9919352601156,Low Value,Repeat Customer
13035.0,1364.2,3,926,454.73333333333335,3,357,11.9,1364.2,Medium Value,11.727989487516425,116.3200224089636,1395.840268907563,Low Value,Repeat Customer
13036.0,307.1,1,38,307.1,1,0,0.0,307.1,Low Value,1.0,307.1,3685.2000000000003,High Value,Single Purchase
13037.0,3914.9500000000003,12,2130,326.24583333333334,12,597,19.9,3914.95,High Value,19.612352168199735,199.61654606365164,2395.3985527638197,Medium Value,Repeat Customer
13038.0,908.46,3,360,302.82,3,210,7.0,908.46,Medium Value,6.898817345597897,131.68344000000002,1580.2012800000002,Medium Value,Repeat Customer
13039.0,1010.73,4,290,252.6825,4,138,4.6,1010.73,Medium Value,4.533508541392904,222.9465304347826,2675.358365217391,Medium Value,Repeat Customer
13040.0,676.99,2,355,338.495,2,24,0.8,676.99,Medium Value,1.0,676.99,8123.88,High Value,Repeat Customer
13041.0,799.13,4,335,199.7825,4,139,4.63,799.13,Medium Value,4.566360052562418,175.00372086330935,2100.0446503597123,Medium Value,Repeat Customer
13042.0,1488.59,3,812,496.19666666666666,3,133,4.43,1488.59,Medium Value,4.369250985545335,340.6968390977443,4088.362069172932,High Value,Repeat Customer
13043.0,516.42,1,254,516.42,1,0,0.0,516.42,Medium Value,1.0,516.42,6197.039999999999,High Value,Single Purchase
13044.0,4848.05,11,2548,440.7318181818182,11,409,13.63,4848.05,High Value,13.436268068331144,360.81819559902203,4329.818347188264,High Value,Repeat Customer
13045.0,808.92,3,405,269.64,3,387,12.9,808.92,Medium Value,12.713534822601838,63.62667906976745,763.5201488372094,Low Value,Repeat Customer
13046.0,949.25,3,505,316.4166666666667,3,425,14.17,949.25,Medium Value,13.961892247043364,67.98863529411764,815.8636235294117,Low Value,Repeat Customer
13047.0,8428.53,24,3328,351.18875,24,692,23.07,8428.53,High Value,22.733245729303547,370.75788034682085,4449.09456416185,High Value,Repeat Customer
13048.0,4049.13,9,2661,449.90333333333336,9,667,22.23,4049.13,High Value,21.911957950065702,184.7908803598201,2217.4905643178413,Medium Value,Repeat Customer
13049.0,1408.24,4,620,352.06,4,336,11.2,1408.24,Medium Value,11.038107752956636,127.5798380952381,1530.9580571428573,Medium Value,Repeat Customer
13050.0,11986.52,35,7015,342.47200000000004,35,709,23.63,11986.52,High Value,23.291721419185283,514.6257669957687,6175.509203949225,High Value,Repeat Customer
13051.0,155.8,2,72,77.9,2,40,1.33,155.8,Low Value,1.314060446780552,118.56380000000001,1422.7656000000002,Low Value,Repeat Customer
13052.0,3119.33,7,1424,445.61857142857144,7,442,14.73,3119.33,High Value,14.520367936925098,214.82444615384617,2577.8933538461542,Medium Value,Repeat Customer
13053.0,127.65,1,47,127.65,1,0,0.0,127.65,Low Value,1.0,127.65,1531.8000000000002,Medium Value,Single Purchase
13055.0,2321.11,4,1821,580.2775,4,351,11.7,2321.11,High Value,11.530880420499342,201.29512364672368,2415.541483760684,Medium Value,Repeat Customer
13056.0,209.48,1,158,209.48,1,0,0.0,209.48,Low Value,1.0,209.48,2513.7599999999998,Medium Value,Single Purchase
13057.0,709.59,3,456,236.53,3,101,3.37,709.59,Medium Value,3.3180026281208934,213.86059009900993,2566.3270811881193,Medium Value,Repeat Customer
13058.0,271.40000000000003,3,52,90.46666666666668,3,127,4.23,271.40000000000003,Low Value,4.1721419185282524,65.05051968503938,780.6062362204725,Low Value,Repeat Customer
13059.0,2291.77,10,860,229.177,10,368,12.27,2291.77,High Value,12.089356110381077,189.56923586956523,2274.830830434783,Medium Value,Repeat Customer
13060.0,307.53,1,123,307.53,1,0,0.0,307.53,Low Value,1.0,307.53,3690.3599999999997,High Value,Single Purchase
13061.0,248.61,1,107,248.61,1,0,0.0,248.61,Low Value,1.0,248.61,2983.32,Medium Value,Single Purchase
13062.0,346.98,1,343,346.98,1,0,0.0,346.98,Low Value,1.0,346.98,4163.76,High Value,Single Purchase
13063.0,188.4,1,116,188.4,1,0,0.0,188.4,Low Value,1.0,188.4,2260.8,Medium Value,Single Purchase
13064.0,1666.8400000000001,6,668,277.8066666666667,6,579,19.3,1666.8400000000001,High Value,19.021024967148488,87.6314500863558,1051.5774010362695,Low Value,Repeat Customer
13065.0,1055.05,5,381,211.01,5,174,5.8,1055.05,Medium Value,5.716162943495401,184.57311494252872,2214.8773793103446,Medium Value,Repeat Customer
13066.0,470.8,2,322,235.4,2,7,0.23,470.8,Medium Value,1.0,470.8,5649.6,High Value,Repeat Customer
13067.0,508.51,3,131,169.50333333333333,3,363,12.1,508.51,Medium Value,11.925098554533507,42.641995592286506,511.70394710743807,Low Value,Repeat Customer
13068.0,344.0,2,200,172.0,2,309,10.3,344.0,Low Value,10.151116951379763,33.88789644012945,406.65475728155343,Low Value,Repeat Customer
13069.0,9284.45,38,15171,244.32763157894738,38,542,18.07,9284.45,High Value,17.805519053876477,521.4366383763838,6257.239660516606,High Value,Repeat Customer
13070.0,751.7,4,372,187.925,4,539,17.97,751.7,Medium Value,17.706964520367936,42.45222263450835,509.4266716141002,Low Value,Repeat Customer
13071.0,129.22,1,30,129.22,1,0,0.0,129.22,Low Value,1.0,129.22,1550.6399999999999,Medium Value,Single Purchase
13072.0,177.15,1,69,177.15,1,0,0.0,177.15,Low Value,1.0,177.15,2125.8,Medium Value,Single Purchase
13073.0,418.08,2,261,209.04,2,26,0.87,418.08,Low Value,1.0,418.08,5016.96,High Value,Repeat Customer
13074.0,1378.74,4,826,344.685,4,212,7.07,1378.74,Medium Value,6.964520367936925,197.9662528301887,2375.595033962264,Medium Value,Repeat Customer
13075.0,919.61,1,485,919.61,1,0,0.0,919.61,Medium Value,1.0,919.61,11035.32,High Value,Single Purchase
13076.0,135.4,1,44,135.4,1,0,0.0,135.4,Low Value,1.0,135.4,1624.8000000000002,Medium Value,Single Purchase
13077.0,2740.65,11,2468,249.15,11,727,24.23,2740.65,High Value,23.88304862023653,114.75293810178819,1377.0352572214583,Low Value,Repeat Customer
13078.0,29018.06,57,12032,509.0887719298246,57,735,24.5,29018.06,High Value,24.14586070959264,1201.7819678911567,14421.383614693881,High Value,Repeat Customer
13079.0,419.18,6,158,69.86333333333333,6,413,13.77,419.17999999999995,Low Value,13.567674113009199,30.895494430992738,370.74593317191284,Low Value,Repeat Customer
13080.0,280.73,4,193,70.1825,4,430,14.33,280.73,Low Value,14.126149802890932,19.873072558139537,238.47687069767443,Low Value,Repeat Customer
13081.0,56838.37,28,40077,2029.9417857142857,28,719,23.97,56838.37,High Value,23.62023653088042,2406.342117941586,28876.105415299033,High Value,Repeat Customer
13082.0,7335.75,21,8466,349.32142857142856,21,591,19.7,7335.75,High Value,19.415243101182654,377.8345685279188,4534.014822335026,High Value,Repeat Customer
13083.0,395.43,3,307,131.81,3,421,14.03,395.43,Low Value,13.830486202365309,28.59118574821853,343.09422897862237,Low Value,Repeat Customer
13084.0,122.39999999999999,1,144,122.39999999999999,1,0,0.0,122.39999999999999,Low Value,1.0,122.39999999999999,1468.8,Medium Value,Single Purchase
13085.0,2433.28,8,944,304.16,8,581,19.37,2433.28,High Value,19.086727989487514,127.48544440619624,1529.825332874355,Medium Value,Repeat Customer
13086.0,439.33000000000004,1,155,439.33000000000004,1,0,0.0,439.33000000000004,Low Value,1.0,439.33000000000004,5271.960000000001,High Value,Single Purchase
13087.0,313.64,1,86,313.64,1,0,0.0,313.64,Low Value,1.0,313.64,3763.68,High Value,Single Purchase
13088.0,236.11,1,76,236.11,1,0,0.0,236.11,Low Value,1.0,236.11,2833.32,Medium Value,Single Purchase
13089.0,113416.91,203,58932,558.7039901477833,203,734,24.47,113416.91000000002,High Value,24.113009198423125,4703.556867029974,56442.682404359686,High Value,Repeat Customer
13090.0,13091.74,24,3247,545.4891666666666,24,485,16.17,13091.739999999998,High Value,15.932982917214192,821.6753929896907,9860.104715876289,High Value,Repeat Customer
13091.0,2321.82,3,1339,773.94,3,701,23.37,2321.82,High Value,23.028909329829172,100.82196975748931,1209.8636370898716,Low Value,Repeat Customer
13092.0,2140.28,12,664,178.35666666666668,12,597,19.9,2140.28,High Value,19.612352168199735,109.12918458961477,1309.5502150753773,Low Value,Repeat Customer
13093.0,54144.25,55,25971,984.4409090909091,55,460,15.33,54144.25,High Value,15.111695137976346,3582.936891304348,42995.24269565218,High Value,Repeat Customer
13094.0,2209.44,13,1896,169.9569230769231,13,367,12.23,2209.44,High Value,12.056504599211562,183.25709427792918,2199.0851313351504,Medium Value,Repeat Customer
13095.0,74.39999999999999,1,144,74.39999999999999,1,0,0.0,74.39999999999999,Low Value,1.0,74.39999999999999,892.8,Low Value,Single Purchase
13096.0,419.70000000000005,1,6,419.70000000000005,1,0,0.0,419.70000000000005,Low Value,1.0,419.70000000000005,5036.400000000001,High Value,Single Purchase
13097.0,13324.1,28,5345,475.8607142857143,28,705,23.5,13324.1,High Value,23.160315374507228,575.2987290780142,6903.5847489361695,High Value,Repeat Customer
13098.0,28882.44,28,15968,1031.5157142857142,28,316,10.53,28882.44,High Value,10.38107752956636,2782.2198531645568,33386.63823797468,High Value,Repeat Customer
13099.0,207.35999999999999,1,288,207.35999999999999,1,0,0.0,207.35999999999999,Low Value,1.0,207.35999999999999,2488.3199999999997,Medium Value,Single Purchase
13101.0,695.4,4,478,173.85,4,446,14.87,695.4,Medium Value,14.651773981603153,47.46182959641256,569.5419551569507,Low Value,Repeat Customer
13102.0,11380.1,37,6366,307.57027027027027,37,580,19.33,11380.1,High Value,19.053876478318003,597.2590413793104,7167.108496551724,High Value,Repeat Customer
13103.0,709.64,3,426,236.54666666666665,3,537,17.9,709.64,Medium Value,17.641261498028907,40.22614823091248,482.7137787709497,Low Value,Repeat Customer
13104.0,1709.1,9,834,189.89999999999998,9,649,21.63,1709.1,High Value,21.320630749014455,80.16179352850538,961.9415223420647,Low Value,Repeat Customer
13105.0,72.0,1,100,72.0,1,0,0.0,72.0,Low Value,1.0,72.0,864.0,Low Value,Single Purchase
13106.0,603.46,2,231,301.73,2,280,9.33,603.46,Medium Value,9.198423127463863,65.60472285714286,787.2566742857143,Low Value,Repeat Customer
13107.0,5253.07,9,4316,583.6744444444444,9,629,20.97,5253.07,High Value,20.66360052562418,254.21852273449917,3050.62227281399,Medium Value,Repeat Customer
13108.0,748.46,2,745,374.23,2,62,2.07,748.46,Medium Value,2.0367936925098555,367.46971612903224,4409.636593548386,High Value,Repeat Customer
13109.0,1134.03,3,757,378.01,3,491,16.37,1134.03,Medium Value,16.130091984231274,70.30524073319755,843.6628887983707,Low Value,Repeat Customer
13110.0,2957.4700000000003,12,763,246.45583333333335,12,707,23.57,2957.4700000000003,High Value,23.226018396846253,127.33435190947668,1528.01222291372,Medium Value,Repeat Customer
13111.0,321.88000000000005,1,180,321.88000000000005,1,0,0.0,321.88000000000005,Low Value,1.0,321.88000000000005,3862.5600000000004,High Value,Single Purchase
13112.0,20.6,1,11,20.6,1,0,0.0,20.6,Low Value,1.0,20.6,247.20000000000002,Low Value,Single Purchase
13113.0,18230.07,37,4435,492.7045945945946,37,620,20.67,18230.07,High Value,20.367936925098554,895.0376303225806,10740.451563870967,High Value,Repeat Customer
13114.0,234.38,1,74,234.38,1,0,0.0,234.38,Low Value,1.0,234.38,2812.56,Medium Value,Single Purchase
13115.0,5494.7,10,3934,549.47,10,587,19.57,5494.700000000001,High Value,19.2838370565046,284.9381056218058,3419.2572674616695,High Value,Repeat Customer
13116.0,501.14,1,291,501.14,1,0,0.0,501.14,Medium Value,1.0,501.14,6013.68,High Value,Single Purchase
13117.0,2255.66,18,1852,125.31444444444443,18,601,20.03,2255.66,High Value,19.743758212877793,114.2467394342762,1370.9608732113143,Low Value,Repeat Customer
13118.0,2415.41,9,834,268.37888888888887,9,419,13.97,2415.41,High Value,13.764783180026281,175.47751885441525,2105.730226252983,Medium Value,Repeat Customer
13119.0,134.9,1,110,134.9,1,0,0.0,134.9,Low Value,1.0,134.9,1618.8000000000002,Medium Value,Single Purchase
13120.0,30.599999999999998,1,12,30.599999999999998,1,0,0.0,30.599999999999998,Low Value,1.0,30.599999999999998,367.2,Low Value,Single Purchase
13121.0,283.73,1,252,283.73,1,0,0.0,283.73,Low Value,1.0,283.73,3404.76,High Value,Single Purchase
13122.0,922.39,2,585,461.195,2,146,4.87,922.39,Medium Value,4.7963206307490145,192.31199726027396,2307.7439671232873,Medium Value,Repeat Customer
13123.0,506.75,2,268,253.375,2,56,1.87,506.75,Medium Value,1.8396846254927726,275.45482142857145,3305.4578571428574,Medium Value,Repeat Customer
13124.0,4641.66,4,2738,1160.415,4,295,9.83,4641.66,High Value,9.69119579500657,478.9563742372882,5747.476490847458,High Value,Repeat Customer
13125.0,148.62,1,53,148.62,1,0,0.0,148.62,Low Value,1.0,148.62,1783.44,Medium Value,Single Purchase
13126.0,3774.81,13,3289,290.37,13,642,21.4,3774.81,High Value,21.090670170827856,178.9800878504673,2147.7610542056077,Medium Value,Repeat Customer
13127.0,259.17,1,127,259.17,1,0,0.0,259.17,Low Value,1.0,259.17,3110.04,Medium Value,Single Purchase
13128.0,263.5,1,31,263.5,1,0,0.0,263.5,Low Value,1.0,263.5,3162.0,Medium Value,Single Purchase
13129.0,233.25,2,296,116.625,2,77,2.57,233.25,Low Value,2.5295663600525624,92.20948051948052,1106.5137662337663,Low Value,Repeat Customer
13130.0,64.0,1,32,64.0,1,0,0.0,64.0,Low Value,1.0,64.0,768.0,Low Value,Single Purchase
13131.0,3313.77,7,1523,473.3957142857143,7,645,21.5,3313.77,High Value,21.1892247043364,156.3893934883721,1876.6727218604651,Medium Value,Repeat Customer
13132.0,77.3,1,20,77.3,1,0,0.0,77.3,Low Value,1.0,77.3,927.5999999999999,Low Value,Single Purchase
13133.0,200.45000000000002,3,55,66.81666666666668,3,185,6.17,200.45000000000005,Low Value,6.077529566360052,32.982151351351355,395.7858162162163,Low Value,Repeat Customer
13134.0,2475.23,6,1364,412.53833333333336,6,330,11.0,2475.23,High Value,10.840998685939553,228.32121575757577,2739.854589090909,Medium Value,Repeat Customer
13135.0,3371.45,2,4423,1685.725,2,294,9.8,3371.45,High Value,9.658344283837057,349.0712176870748,4188.854612244898,High Value,Repeat Customer
13136.0,6274.56,13,3109,482.65846153846155,13,674,22.47,6274.56,High Value,22.141918528252297,283.3792379821959,3400.5508557863504,High Value,Repeat Customer
13137.0,7586.94,16,4238,474.18375,16,491,16.37,7586.94,High Value,16.130091984231274,470.3593759674134,5644.312511608961,High Value,Repeat Customer
13138.0,1274.01,7,593,182.00142857142856,7,374,12.47,1274.01,Medium Value,12.28646517739816,103.69215080213904,1244.3058096256684,Low Value,Repeat Customer
13139.0,8202.98,8,4614,1025.3725,8,421,14.03,8202.98,High Value,13.830486202365309,593.108577672209,7117.302932066508,High Value,Repeat Customer
13140.0,1054.92,5,572,210.984,5,382,12.73,1054.92,Medium Value,12.54927726675427,84.06221151832462,1008.7465382198955,Low Value,Repeat Customer
13141.0,7656.08,17,5159,450.35764705882355,17,645,21.5,7656.08,High Value,21.1892247043364,361.3194964341085,4335.833957209302,High Value,Repeat Customer
13142.0,307.09,1,258,307.09,1,0,0.0,307.09,Low Value,1.0,307.09,3685.08,High Value,Single Purchase
13143.0,405.1,1,198,405.1,1,0,0.0,405.1,Low Value,1.0,405.1,4861.200000000001,High Value,Single Purchase
13144.0,135.35,2,29,67.675,2,98,3.27,135.35,Low Value,3.219448094612352,42.04136734693878,504.4964081632653,Low Value,Repeat Customer
13145.0,1128.52,7,265,161.21714285714285,7,560,18.67,1128.52,Medium Value,18.396846254927727,61.34312285714285,736.1174742857143,Low Value,Repeat Customer
13146.0,228.91,1,154,228.91,1,0,0.0,228.91,Low Value,1.0,228.91,2746.92,Medium Value,Single Purchase
13147.0,712.8000000000001,4,144,178.20000000000002,4,89,2.97,712.8000000000001,Medium Value,2.923784494086728,243.79361797752813,2925.5234157303375,Medium Value,Repeat Customer
13148.0,8497.82,26,4487,326.83923076923077,26,702,23.4,8497.82,High Value,23.061760840998684,368.4809698005698,4421.771637606838,High Value,Repeat Customer
13149.0,1676.06,4,1280,419.015,4,274,9.13,1676.06,High Value,9.00131406044678,186.201702189781,2234.420426277372,Medium Value,Repeat Customer
13150.0,449.96999999999997,3,171,149.98999999999998,3,146,4.87,449.9699999999999,Low Value,4.7963206307490145,93.81566301369863,1125.7879561643836,Low Value,Repeat Customer
13151.0,2465.21,3,813,821.7366666666667,3,332,11.07,2465.21,High Value,10.90670170827858,226.0270855421687,2712.325026506024,Medium Value,Repeat Customer
13152.0,2146.38,7,977,306.6257142857143,7,277,9.23,2146.38,High Value,9.099868593955321,235.8693400722022,2830.432080866426,Medium Value,Repeat Customer
13153.0,486.22,1,418,486.22,1,0,0.0,486.22,Medium Value,1.0,486.22,5834.64,High Value,Single Purchase
13154.0,1624.84,3,976,541.6133333333333,3,336,11.2,1624.8400000000001,High Value,11.038107752956636,147.20276666666666,1766.4332,Medium Value,Repeat Customer
13155.0,1370.48,6,741,228.41333333333333,6,458,15.27,1370.48,Medium Value,15.045992115637318,91.08605065502184,1093.032607860262,Low Value,Repeat Customer
13156.0,1586.54,3,914,528.8466666666667,3,290,9.67,1586.54,Medium Value,9.526938239159001,166.53199172413792,1998.383900689655,Medium Value,Repeat Customer
13157.0,5687.36,9,4762,631.9288888888889,9,592,19.73,5687.36,High Value,19.44809461235217,292.4379027027027,3509.254832432432,High Value,Repeat Customer
13158.0,1508.18,5,992,301.636,5,293,9.77,1508.18,Medium Value,9.625492772667542,156.68600409556316,1880.232049146758,Medium Value,Repeat Customer
13159.0,1429.35,4,1058,357.3375,4,106,3.53,1429.35,Medium Value,3.4822601839684624,410.46616981132075,4925.594037735849,High Value,Repeat Customer
13160.0,91.8,1,56,91.8,1,0,0.0,91.8,Low Value,1.0,91.8,1101.6,Low Value,Single Purchase
13161.0,472.13,2,105,236.065,2,187,6.23,472.13,Medium Value,6.14323258869908,76.85367486631016,922.244098395722,Low Value,Repeat Customer
13162.0,9275.49,16,5755,579.718125,16,613,20.43,9275.49,High Value,20.13797634691196,460.59692593800975,5527.163111256117,High Value,Repeat Customer
13163.0,17.65,1,3,17.65,1,0,0.0,17.65,Low Value,1.0,17.65,211.79999999999998,Low Value,Single Purchase
13164.0,372.2,2,120,186.1,2,98,3.27,372.2,Low Value,3.219448094612352,115.6098775510204,1387.3185306122448,Low Value,Repeat Customer
13165.0,1451.16,3,1736,483.72,3,366,12.2,1451.16,Medium Value,12.02365308804205,120.6921049180328,1448.3052590163936,Low Value,Repeat Customer
13166.0,875.93,2,522,437.965,2,131,4.37,875.93,Medium Value,4.303547963206308,203.53671145038166,2442.44053740458,Medium Value,Repeat Customer
13167.0,1125.15,5,1007,225.03000000000003,5,371,12.37,1125.15,Medium Value,12.187910643889618,92.31688948787064,1107.8026738544477,Low Value,Repeat Customer
13168.0,1840.73,5,898,368.146,5,505,16.83,1840.73,High Value,16.590013140604466,110.95410138613863,1331.4492166336636,Low Value,Repeat Customer
13169.0,840.08,3,296,280.0266666666667,3,498,16.6,840.0800000000002,Medium Value,16.36005256241787,51.34946827309238,616.1936192771085,Low Value,Repeat Customer
13170.0,108.81,1,141,108.81,1,0,0.0,108.81,Low Value,1.0,108.81,1305.72,Low Value,Single Purchase
13171.0,468.41,3,229,156.13666666666668,3,277,9.23,468.4100000000001,Medium Value,9.099868593955321,51.47436967509026,617.6924361010831,Low Value,Repeat Customer
13172.0,69.6,1,48,69.6,1,0,0.0,69.6,Low Value,1.0,69.6,835.1999999999999,Low Value,Single Purchase
13173.0,2399.82,11,1481,218.16545454545457,11,725,24.17,2399.82,High Value,23.817345597897503,100.75933903448276,1209.1120684137932,Low Value,Repeat Customer
13174.0,7995.36,12,3794,666.28,12,718,23.93,7995.36,High Value,23.587385019710904,338.9676300835655,4067.611561002786,High Value,Repeat Customer
13175.0,831.45,2,423,415.725,2,153,5.1,831.45,Medium Value,5.026281208935611,165.4205098039216,1985.046117647059,Medium Value,Repeat Customer
13176.0,481.49,1,448,481.49,1,0,0.0,481.49,Medium Value,1.0,481.49,5777.88,High Value,Single Purchase
13177.0,512.2,2,180,256.1,2,365,12.17,512.2,Medium Value,11.990801576872535,42.71607671232878,512.5929205479454,Low Value,Repeat Customer
13178.0,14059.19,21,8778,669.4852380952382,21,697,23.23,14059.190000000002,High Value,22.897503285151117,614.0053710186514,7368.064452223817,High Value,Repeat Customer
13179.0,572.3100000000001,1,368,572.3100000000001,1,0,0.0,572.3100000000001,Medium Value,1.0,572.3100000000001,6867.720000000001,High Value,Single Purchase
13180.0,86.10000000000001,1,42,86.10000000000001,1,0,0.0,86.10000000000001,Low Value,1.0,86.10000000000001,1033.2,Low Value,Single Purchase
13181.0,359.69,1,171,359.69,1,0,0.0,359.69,Low Value,1.0,359.69,4316.28,High Value,Single Purchase
13182.0,121.18,1,201,121.18,1,0,0.0,121.18,Low Value,1.0,121.18,1454.16,Medium Value,Single Purchase
13183.0,7036.18,15,4027,469.07866666666666,15,627,20.9,7036.18,High Value,20.59789750328515,341.59700031897927,4099.164003827751,High Value,Repeat Customer
13184.0,1668.95,10,1662,166.895,10,275,9.17,1668.95,High Value,9.034165571616294,184.73759272727276,2216.851112727273,Medium Value,Repeat Customer
13185.0,71.4,1,12,71.4,1,0,0.0,71.4,Low Value,1.0,71.4,856.8000000000001,Low Value,Single Purchase
13186.0,1575.89,3,820,525.2966666666667,3,89,2.97,1575.8900000000003,Medium Value,2.923784494086728,538.989793258427,6467.877519101124,High Value,Repeat Customer
13187.0,341.36,4,296,85.34,4,287,9.57,341.36,Low Value,9.42838370565046,36.2055693379791,434.4668320557492,Low Value,Repeat Customer
13188.0,114.60000000000001,1,25,114.60000000000001,1,0,0.0,114.60000000000001,Low Value,1.0,114.60000000000001,1375.2,Low Value,Single Purchase
13189.0,260.68,2,842,130.34,2,96,3.2,260.68,Low Value,3.1537450722733245,82.65728333333334,991.8874000000001,Low Value,Repeat Customer
13190.0,570.66,3,308,190.22,3,188,6.27,570.66,Medium Value,6.176084099868594,92.39835319148936,1108.7802382978723,Low Value,Repeat Customer
13191.0,164.69,1,115,164.69,1,0,0.0,164.69,Low Value,1.0,164.69,1976.28,Medium Value,Single Purchase
13192.0,2558.58,6,1629,426.43,6,591,19.7,2558.58,High Value,19.415243101182654,131.78202233502537,1581.3842680203045,Medium Value,Repeat Customer
13193.0,112.08,1,46,112.08,1,0,0.0,112.08,Low Value,1.0,112.08,1344.96,Low Value,Single Purchase
13194.0,472.78,2,326,236.39,2,285,9.5,472.78,Medium Value,9.362680683311432,50.496221754385964,605.9546610526315,Low Value,Repeat Customer
13195.0,136.73,1,70,136.73,1,0,0.0,136.73,Low Value,1.0,136.73,1640.7599999999998,Medium Value,Single Purchase
13196.0,3068.84,7,2006,438.4057142857143,7,606,20.2,3068.84,High Value,19.90801576872536,154.15097293729374,1849.8116752475248,Medium Value,Repeat Customer
13197.0,373.01000000000005,1,204,373.01000000000005,1,0,0.0,373.01000000000005,Low Value,1.0,373.01000000000005,4476.120000000001,High Value,Single Purchase
13198.0,4974.2300000000005,8,3449,621.7787500000001,8,424,14.13,4974.2300000000005,High Value,13.92904073587385,357.11217264150946,4285.3460716981135,High Value,Repeat Customer
13199.0,15964.210000000001,67,11567,238.27179104477614,67,731,24.37,15964.210000000001,High Value,24.014454664914584,664.7750374829002,7977.300449794802,High Value,Repeat Customer
13200.0,870.09,4,516,217.5225,4,107,3.57,870.09,Medium Value,3.515111695137976,247.52840747663552,2970.3408897196264,Medium Value,Repeat Customer
13201.0,1233.06,4,1036,308.265,4,140,4.67,1233.06,Medium Value,4.599211563731932,268.10247428571427,3217.229691428571,Medium Value,Repeat Customer
13202.0,1580.3,7,572,225.75714285714284,7,336,11.2,1580.3,Medium Value,11.038107752956636,143.16765476190477,1718.0118571428573,Medium Value,Repeat Customer
13203.0,2648.25,10,2413,264.825,10,712,23.73,2648.25,High Value,23.390275952693823,113.22012640449438,1358.6415168539324,Low Value,Repeat Customer
13204.0,966.6600000000001,1,428,966.6600000000001,1,0,0.0,966.6600000000001,Medium Value,1.0,966.6600000000001,11599.920000000002,High Value,Single Purchase
13205.0,2803.2,1,256,2803.2,1,0,0.0,2803.2,High Value,1.0,2803.2,33638.399999999994,High Value,Single Purchase
13206.0,8308.19,13,7086,639.0915384615384,13,332,11.07,8308.19,High Value,10.90670170827858,761.7509144578314,9141.010973493976,High Value,Repeat Customer
13207.0,535.86,4,178,133.965,4,596,19.87,535.86,Medium Value,19.579500657030223,27.368420134228188,328.42104161073826,Low Value,Repeat Customer
13208.0,1976.3,9,1343,219.58888888888887,9,677,22.57,1976.3,High Value,22.24047306176084,88.86051994091581,1066.3262392909896,Low Value,Repeat Customer
13209.0,8509.51,13,5781,654.5776923076924,13,653,21.77,8509.51,High Value,21.45203679369251,396.67608637059726,4760.113036447167,High Value,Repeat Customer
13210.0,353.48,1,316,353.48,1,0,0.0,353.48,Low Value,1.0,353.48,4241.76,High Value,Single Purchase
13211.0,2618.77,10,1845,261.877,10,722,24.07,2618.77,High Value,23.71879106438896,110.40908421052633,1324.909010526316,Low Value,Repeat Customer
13212.0,786.83,3,309,262.2766666666667,3,41,1.37,786.8300000000002,Medium Value,1.3469119579500657,584.1732975609757,7010.079570731708,High Value,Repeat Customer
13213.0,3851.52,11,2962,350.1381818181818,11,511,17.03,3851.52,High Value,16.78712220762155,229.43301135029355,2753.1961362035227,Medium Value,Repeat Customer
13214.0,3264.23,7,2966,466.31857142857143,7,228,7.6,3264.23,High Value,7.490144546649145,435.80333859649124,5229.6400631578945,High Value,Repeat Customer
13215.0,81.6,1,96,81.6,1,0,0.0,81.6,Low Value,1.0,81.6,979.1999999999999,Low Value,Single Purchase
13216.0,333.74,1,297,333.74,1,0,0.0,333.74,Low Value,1.0,333.74,4004.88,High Value,Single Purchase
13217.0,666.48,4,512,166.62,4,533,17.77,666.48,Medium Value,17.509855453350852,38.06313545966229,456.7576255159475,Low Value,Repeat Customer
13218.0,62.63999999999999,1,88,62.63999999999999,1,0,0.0,62.63999999999999,Low Value,1.0,62.63999999999999,751.68,Low Value,Single Purchase
13219.0,76.23,1,11,76.23,1,0,0.0,76.23,Low Value,1.0,76.23,914.76,Low Value,Single Purchase
13220.0,1336.0900000000001,5,396,267.218,5,497,16.57,1336.0900000000001,Medium Value,16.327201051248355,81.83215211267607,981.9858253521129,Low Value,Repeat Customer
13221.0,847.41,2,244,423.705,2,119,3.97,847.41,Medium Value,3.9093298291721417,216.76605378151262,2601.1926453781516,Medium Value,Repeat Customer
13222.0,88.5,1,30,88.5,1,0,0.0,88.5,Low Value,1.0,88.5,1062.0,Low Value,Single Purchase
13223.0,969.1200000000001,6,568,161.52,6,464,15.47,969.1200000000001,Medium Value,15.243101182654401,63.57761379310346,762.9313655172415,Low Value,Repeat Customer
13224.0,2155.95,2,1518,1077.975,2,91,3.03,2155.95,High Value,2.9894875164257555,721.1771208791208,8654.12545054945,High Value,Repeat Customer
13225.0,16260.07,16,7401,1016.254375,16,719,23.97,16260.07,High Value,23.62023653088042,688.3957312934632,8260.748775521559,High Value,Repeat Customer
13226.0,312.46,2,179,156.23,2,120,4.0,312.46,Low Value,3.9421813403416555,79.26068666666667,951.12824,Low Value,Repeat Customer
13227.0,257.7,1,99,257.7,1,0,0.0,257.7,Low Value,1.0,257.7,3092.3999999999996,Medium Value,Single Purchase
13228.0,358.0,1,200,358.0,1,0,0.0,358.0,Low Value,1.0,358.0,4296.0,High Value,Single Purchase
13229.0,160.95,1,63,160.95,1,0,0.0,160.95,Low Value,1.0,160.95,1931.3999999999999,Medium Value,Single Purchase
13230.0,6120.01,30,3520,204.00033333333334,30,626,20.87,6120.01,High Value,20.565045992115635,297.59281853035145,3571.1138223642174,High Value,Repeat Customer
13232.0,1328.35,7,773,189.7642857142857,7,230,7.67,1328.35,Medium Value,7.555847568988173,175.8042347826087,2109.6508173913044,Medium Value,Repeat Customer
13233.0,1176.46,4,1604,294.115,4,619,20.63,1176.46,Medium Value,20.33508541392904,57.85370339256866,694.2444407108239,Low Value,Repeat Customer
13234.0,346.5,2,159,173.25,2,59,1.97,346.5,Low Value,1.938239159001314,178.77050847457627,2145.2461016949155,Medium Value,Repeat Customer
13235.0,1031.07,1,441,1031.07,1,0,0.0,1031.07,Medium Value,1.0,1031.07,12372.84,High Value,Single Purchase
13236.0,744.85,2,416,372.425,2,82,2.73,744.85,Medium Value,2.6938239159001314,276.5028536585366,3318.034243902439,Medium Value,Repeat Customer
13237.0,643.0,1,128,643.0,1,0,0.0,643.0,Medium Value,1.0,643.0,7716.0,High Value,Single Purchase
13238.0,1006.63,6,442,167.77166666666668,6,573,19.1,1006.6300000000001,Medium Value,18.823915900131404,53.47612076788831,641.7134492146597,Low Value,Repeat Customer
13239.0,1594.69,5,1151,318.938,5,240,8.0,1594.69,High Value,7.884362680683311,202.25984833333337,2427.1181800000004,Medium Value,Repeat Customer
13240.0,1475.79,8,709,184.47375,8,556,18.53,1475.79,Medium Value,18.265440210249672,80.79684820143885,969.5621784172662,Low Value,Repeat Customer
13241.0,112.53,1,46,112.53,1,0,0.0,112.53,Low Value,1.0,112.53,1350.3600000000001,Low Value,Single Purchase
13242.0,699.4,7,350,99.91428571428571,7,555,18.5,699.4,Medium Value,18.232588699080157,38.35988468468469,460.31861621621624,Low Value,Repeat Customer
13243.0,1220.38,5,554,244.07600000000002,5,428,14.27,1220.38,Medium Value,14.060446780551905,86.79525046728973,1041.5430056074767,Low Value,Repeat Customer
13244.0,121.74000000000001,1,38,121.74000000000001,1,0,0.0,121.74000000000001,Low Value,1.0,121.74000000000001,1460.88,Medium Value,Single Purchase
13245.0,989.22,2,371,494.61,2,381,12.7,989.22,Medium Value,12.516425755584756,79.03374488188977,948.4049385826772,Low Value,Repeat Customer
13246.0,3351.75,11,2796,304.70454545454544,11,507,16.9,3351.75,High Value,16.655716162943495,201.23721893491125,2414.8466272189353,Medium Value,Repeat Customer
13247.0,501.12,4,328,125.28,4,64,2.13,501.12,Medium Value,2.102496714848883,238.3452,2860.1424,Medium Value,Repeat Customer
13248.0,465.68,2,305,232.84,2,64,2.13,465.68,Medium Value,2.102496714848883,221.48905,2657.8686,Medium Value,Repeat Customer
13249.0,1608.93,9,1246,178.77,9,592,19.73,1608.93,High Value,19.44809461235217,82.72944121621622,992.7532945945945,Low Value,Repeat Customer
13250.0,253.09,2,107,126.545,2,41,1.37,253.09,Low Value,1.3469119579500657,187.90389268292682,2254.8467121951217,Medium Value,Repeat Customer
13251.0,252.68,1,215,252.68,1,0,0.0,252.68,Low Value,1.0,252.68,3032.16,Medium Value,Single Purchase
13252.0,399.3,2,134,199.65,2,231,7.7,399.3,Low Value,7.588699080157687,52.61771428571429,631.4125714285715,Low Value,Repeat Customer
13253.0,2951.11,4,3015,737.7775,4,546,18.2,2951.11,High Value,17.936925098554532,164.527084981685,1974.32501978022,Medium Value,Repeat Customer
13254.0,51.410000000000004,1,43,51.410000000000004,1,0,0.0,51.410000000000004,Low Value,1.0,51.410000000000004,616.9200000000001,Low Value,Single Purchase
13255.0,678.76,3,407,226.25333333333333,3,502,16.73,678.76,Medium Value,16.491458607095925,41.15827569721116,493.8993083665339,Low Value,Repeat Customer
13257.0,149.75,1,33,149.75,1,0,0.0,149.75,Low Value,1.0,149.75,1797.0,Medium Value,Single Purchase
13258.0,1009.43,5,446,201.886,5,388,12.93,1009.43,Medium Value,12.746386333771353,79.19342577319587,950.3211092783504,Low Value,Repeat Customer
13259.0,1402.54,9,503,155.83777777777777,9,637,21.23,1402.54,Medium Value,20.92641261498029,67.02247660910518,804.2697193092622,Low Value,Repeat Customer
13260.0,557.62,1,142,557.62,1,0,0.0,557.62,Medium Value,1.0,557.62,6691.4400000000005,High Value,Single Purchase
13261.0,944.1,2,210,472.05,2,17,0.57,944.1,Medium Value,1.0,944.1,11329.2,High Value,Repeat Customer
13262.0,573.45,3,247,191.15,3,337,11.23,573.45,Medium Value,11.070959264126149,51.79767952522256,621.5721543026707,Low Value,Repeat Customer
13263.0,8676.2,39,5372,222.4666666666667,39,411,13.7,8676.2,High Value,13.501971090670171,642.5876593673967,7711.0519124087605,High Value,Repeat Customer
13264.0,722.5600000000001,1,375,722.5600000000001,1,0,0.0,722.5600000000001,Medium Value,1.0,722.5600000000001,8670.720000000001,High Value,Single Purchase
13265.0,2092.66,5,1740,418.532,5,220,7.33,2092.66,High Value,7.227332457293035,289.5480472727273,3474.5765672727275,High Value,Repeat Customer
13266.0,6135.04,19,6837,322.89684210526315,19,711,23.7,6135.04,High Value,23.35742444152431,262.65909648382564,3151.909157805908,Medium Value,Repeat Customer
13267.0,9429.81,36,3959,261.93916666666667,36,729,24.3,9429.81,High Value,23.94875164257556,393.74954238683125,4724.994508641975,High Value,Repeat Customer
13268.0,3174.75,11,3624,288.6136363636364,11,249,8.3,3174.75,High Value,8.180026281208935,388.11,4657.32,High Value,Repeat Customer
13269.0,8537.32,28,6366,304.9042857142857,28,736,24.53,8537.32,High Value,24.178712220762154,353.09241956521737,4237.109034782608,High Value,Repeat Customer
13270.0,590.0,1,200,590.0,1,0,0.0,590.0,Medium Value,1.0,590.0,7080.0,High Value,Single Purchase
13271.0,211.49,1,240,211.49,1,0,0.0,211.49,Low Value,1.0,211.49,2537.88,Medium Value,Single Purchase
13272.0,276.56,2,96,138.28,2,58,1.93,276.56,Low Value,1.9053876478318001,145.1463172413793,1741.7558068965518,Medium Value,Repeat Customer
13273.0,138.98,1,153,138.98,1,0,0.0,138.98,Low Value,1.0,138.98,1667.7599999999998,Medium Value,Single Purchase
13274.0,360.85,1,199,360.85,1,0,0.0,360.85,Low Value,1.0,360.85,4330.200000000001,High Value,Single Purchase
13275.0,238.86,2,138,119.43,2,248,8.27,238.86,Low Value,8.147174770039422,29.31813870967742,351.81766451612907,Low Value,Repeat Customer
13276.0,1891.91,5,840,378.382,5,578,19.27,1891.91,High Value,18.988173455978973,99.63622906574396,1195.6347487889275,Low Value,Repeat Customer
13277.0,523.3,7,382,74.75714285714285,7,524,17.47,523.3,Medium Value,17.21419185282523,30.39933587786259,364.79203053435106,Low Value,Repeat Customer
13278.0,1435.85,4,1358,358.9625,4,569,18.97,1435.85,Medium Value,18.69250985545335,76.81418980667839,921.7702776801407,Low Value,Repeat Customer
13279.0,137.75,1,73,137.75,1,0,0.0,137.75,Low Value,1.0,137.75,1653.0,Medium Value,Single Purchase
13280.0,2293.33,7,1489,327.61857142857144,7,522,17.4,2293.33,High Value,17.1484888304862,133.73364980842913,1604.8037977011495,Medium Value,Repeat Customer
13281.0,350.85,1,201,350.85,1,0,0.0,350.85,Low Value,1.0,350.85,4210.200000000001,High Value,Single Purchase
13282.0,1313.19,4,410,328.2975,4,388,12.93,1313.19,Medium Value,12.746386333771353,103.024493814433,1236.293925773196,Low Value,Repeat Customer
13283.0,373.36,4,204,93.34,4,580,19.33,373.36,Low Value,19.053876478318003,19.59496275862069,235.13955310344826,Low Value,Repeat Customer
13284.0,201.19,1,91,201.19,1,0,0.0,201.19,Low Value,1.0,201.19,2414.2799999999997,Medium Value,Single Purchase
13285.0,3364.59,6,2457,560.765,6,600,20.0,3364.59,High Value,19.71090670170828,170.696866,2048.362392,Medium Value,Repeat Customer
13286.0,734.91,1,274,734.91,1,0,0.0,734.91,Medium Value,1.0,734.91,8818.92,High Value,Single Purchase
13287.0,781.59,3,429,260.53000000000003,3,101,3.37,781.5900000000001,Medium Value,3.3180026281208934,235.56039207920793,2826.724704950495,Medium Value,Repeat Customer
13288.0,927.61,5,379,185.522,5,223,7.43,927.6099999999999,Medium Value,7.3258869908015765,126.62084484304934,1519.4501381165921,Medium Value,Repeat Customer
13289.0,307.95,1,119,307.95,1,0,0.0,307.95,Low Value,1.0,307.95,3695.3999999999996,High Value,Single Purchase
13290.0,208.63,1,1,208.63,1,0,0.0,208.63,Low Value,1.0,208.63,2503.56,Medium Value,Single Purchase
13291.0,3270.79,11,1600,297.3445454545454,11,510,17.0,3270.7899999999995,High Value,16.754270696452036,195.2212698039216,2342.655237647059,Medium Value,Repeat Customer
13292.0,994.51,5,530,198.902,5,487,16.23,994.51,Medium Value,15.99868593955322,62.161980287474336,745.943763449692,Low Value,Repeat Customer
13293.0,1192.94,6,555,198.82333333333335,6,276,9.2,1192.94,Medium Value,9.067017082785808,131.56917971014494,1578.8301565217394,Medium Value,Repeat Customer
13294.0,1689.53,3,996,563.1766666666666,3,456,15.2,1689.5299999999997,High Value,14.98028909329829,112.78353771929825,1353.402452631579,Low Value,Repeat Customer
13295.0,1101.97,4,733,275.4925,4,217,7.23,1101.97,Medium Value,7.128777923784494,154.58049216589862,1854.9659059907835,Medium Value,Repeat Customer
13296.0,792.51,6,653,132.085,6,439,14.63,792.51,Medium Value,14.421813403416557,54.95217403189066,659.4260883826879,Low Value,Repeat Customer
13297.0,4368.62,7,2694,624.0885714285714,7,534,17.8,4368.62,High Value,17.542706964520367,249.02770187265918,2988.33242247191,Medium Value,Repeat Customer
13298.0,360.0,1,96,360.0,1,0,0.0,360.0,Low Value,1.0,360.0,4320.0,High Value,Single Purchase
13299.0,1218.7,3,416,406.23333333333335,3,260,8.67,1218.7,Medium Value,8.541392904073588,142.68164615384615,1712.1797538461537,Medium Value,Repeat Customer
13300.0,1285.51,3,455,428.50333333333333,3,404,13.47,1285.51,Medium Value,13.272010512483574,96.85872376237624,1162.3046851485149,Low Value,Repeat Customer
13301.0,618.09,4,345,154.5225,4,188,6.27,618.09,Medium Value,6.176084099868594,100.07797659574469,1200.9357191489362,Low Value,Repeat Customer
13302.0,159.2,2,12,79.6,2,371,12.37,159.2,Low Value,12.187910643889618,13.06212398921833,156.74548787061997,Low Value,Repeat Customer
13303.0,61.72,1,26,61.72,1,0,0.0,61.72,Low Value,1.0,61.72,740.64,Low Value,Single Purchase
13304.0,1217.99,4,716,304.4975,4,318,10.6,1217.99,Medium Value,10.446780551905388,116.58998616352201,1399.0798339622643,Low Value,Repeat Customer
13305.0,3616.41,16,2228,226.025625,16,635,21.17,3616.41,High Value,20.86070959264126,173.3598746456693,2080.3184957480316,Medium Value,Repeat Customer
13306.0,53.65,1,74,53.65,1,0,0.0,53.65,Low Value,1.0,53.65,643.8,Low Value,Single Purchase
13307.0,273.34,3,140,91.11333333333333,3,472,15.73,273.34,Low Value,15.505913272010512,17.628113559322035,211.53736271186443,Low Value,Repeat Customer
13308.0,1670.3700000000001,4,1073,417.59250000000003,4,574,19.13,1670.3700000000001,High Value,18.85676741130092,88.58199094076656,1062.9838912891987,Low Value,Repeat Customer
13309.0,1706.3700000000001,6,1914,284.39500000000004,6,385,12.83,1706.3700000000003,High Value,12.64783180026281,134.91403324675326,1618.9683989610392,Medium Value,Repeat Customer
13310.0,1541.2,5,816,308.24,5,374,12.47,1541.2,Medium Value,12.28646517739816,125.4388449197861,1505.2661390374333,Medium Value,Repeat Customer
13311.0,598.57,2,305,299.285,2,145,4.83,598.57,Medium Value,4.763469119579501,125.65841931034484,1507.9010317241382,Medium Value,Repeat Customer
13312.0,124.75,1,41,124.75,1,0,0.0,124.75,Low Value,1.0,124.75,1497.0,Medium Value,Single Purchase
13313.0,3445.32,12,2308,287.11,12,715,23.83,3445.32,High Value,23.488830486202364,146.67907804195806,1760.1489365034968,Medium Value,Repeat Customer
13314.0,775.94,3,560,258.6466666666667,3,72,2.4,775.94,Medium Value,2.3653088042049935,328.0501888888889,3936.6022666666668,High Value,Repeat Customer
13315.0,310.26,1,232,310.26,1,0,0.0,310.26,Low Value,1.0,310.26,3723.12,High Value,Single Purchase
13316.0,12940.82,10,19931,1294.0819999999999,10,602,20.07,12940.82,High Value,19.776609724047304,654.3497687707642,7852.1972252491705,High Value,Repeat Customer
13317.0,6486.091,19,3149,341.3732105263158,19,660,22.0,6486.091,High Value,21.681997371879106,299.14637884848486,3589.7565461818185,High Value,Repeat Customer
13318.0,640.76,3,304,213.58666666666667,3,36,1.2,640.76,Medium Value,1.1826544021024967,541.7981777777777,6501.5781333333325,High Value,Repeat Customer
13319.0,21323.22,58,8974,367.6417241379311,58,727,24.23,21323.22,High Value,23.88304862023653,892.8181799174691,10713.81815900963,High Value,Repeat Customer
13320.0,2211.6,6,1509,368.59999999999997,6,400,13.33,2211.6,High Value,13.140604467805518,168.30276,2019.63312,Medium Value,Repeat Customer
13321.0,567.36,2,372,283.68,2,14,0.47,567.36,Medium Value,1.0,567.36,6808.32,High Value,Repeat Customer
13322.0,199.48000000000002,1,117,199.48000000000002,1,0,0.0,199.48000000000002,Low Value,1.0,199.48000000000002,2393.76,Medium Value,Single Purchase
13323.0,787.85,5,175,157.57,5,81,2.7,787.8499999999999,Medium Value,2.6609724047306176,296.075975308642,3552.911703703704,High Value,Repeat Customer
13324.0,10513.47,18,8448,584.0816666666666,18,527,17.57,10513.47,High Value,17.31274638633377,607.2676030360531,7287.211236432637,High Value,Repeat Customer
13325.0,675.3,1,240,675.3,1,0,0.0,675.3,Medium Value,1.0,675.3,8103.599999999999,High Value,Single Purchase
13326.0,281.76,1,140,281.76,1,0,0.0,281.76,Low Value,1.0,281.76,3381.12,High Value,Single Purchase
13327.0,9134.48,20,4203,456.724,20,682,22.73,9134.48,High Value,22.404730617608408,407.70318357771265,4892.438202932552,High Value,Repeat Customer
13328.0,1308.48,1,680,1308.48,1,0,0.0,1308.48,Medium Value,1.0,1308.48,15701.76,High Value,Single Purchase
13329.0,4808.77,8,3311,601.09625,8,703,23.43,4808.77,High Value,23.0946123521682,208.2204250355619,2498.645100426743,Medium Value,Repeat Customer
13330.0,2796.1,6,1951,466.01666666666665,6,562,18.73,2796.1,High Value,18.462549277266753,151.44712455516014,1817.3654946619217,Medium Value,Repeat Customer
13331.0,262.4,1,54,262.4,1,0,0.0,262.4,Low Value,1.0,262.4,3148.7999999999997,Medium Value,Single Purchase
13332.0,350.9,1,179,350.9,1,0,0.0,350.9,Low Value,1.0,350.9,4210.799999999999,High Value,Single Purchase
13333.0,1015.74,3,685,338.58,3,247,8.23,1015.74,Medium Value,8.114323258869907,125.17864615384616,1502.143753846154,Medium Value,Repeat Customer
13334.0,6201.8,5,3198,1240.3600000000001,5,570,19.0,6201.800000000001,High Value,18.725361366622863,331.1978807017544,3974.3745684210526,High Value,Repeat Customer
13336.0,795.12,1,559,795.12,1,0,0.0,795.12,Medium Value,1.0,795.12,9541.44,High Value,Single Purchase
13337.0,1575.26,1,980,1575.26,1,0,0.0,1575.26,Medium Value,1.0,1575.26,18903.12,High Value,Single Purchase
13338.0,2445.62,4,1151,611.405,4,545,18.17,2445.62,High Value,17.904073587385017,136.59572990825689,1639.1487588990826,Medium Value,Repeat Customer
13339.0,860.12,1,326,860.12,1,0,0.0,860.12,Medium Value,1.0,860.12,10321.44,High Value,Single Purchase
13340.0,22100.56,12,9636,1841.7133333333334,12,609,20.3,22100.56,High Value,20.006570302233904,1104.665100821018,13255.981209852216,High Value,Repeat Customer
13341.0,775.85,1,301,775.85,1,0,0.0,775.85,Medium Value,1.0,775.85,9310.2,High Value,Single Purchase
13343.0,353.43,1,135,353.43,1,0,0.0,353.43,Low Value,1.0,353.43,4241.16,High Value,Single Purchase
13344.0,2511.69,3,952,837.23,3,209,6.97,2511.69,High Value,6.865965834428383,365.817433492823,4389.809201913876,High Value,Repeat Customer
13345.0,389.5,1,141,389.5,1,0,0.0,389.5,Low Value,1.0,389.5,4674.0,High Value,Single Purchase
13346.0,299.4,6,180,49.9,6,133,4.43,299.4,Low Value,4.369250985545335,68.52433082706766,822.2919699248118,Low Value,Repeat Customer
13347.0,341.36,1,205,341.36,1,0,0.0,341.36,Low Value,1.0,341.36,4096.32,High Value,Single Purchase
13348.0,233.76,1,136,233.76,1,0,0.0,233.76,Low Value,1.0,233.76,2805.12,Medium Value,Single Purchase
13349.0,247.32,1,225,247.32,1,0,0.0,247.32,Low Value,1.0,247.32,2967.84,Medium Value,Single Purchase
13350.0,979.12,2,287,489.56,2,63,2.1,979.12,Medium Value,2.0696452036793693,473.08591746031743,5677.031009523809,High Value,Repeat Customer
13351.0,373.94,1,117,373.94,1,0,0.0,373.94,Low Value,1.0,373.94,4487.28,High Value,Single Purchase
13352.0,397.97999999999996,1,321,397.97999999999996,1,0,0.0,397.97999999999996,Low Value,1.0,397.97999999999996,4775.759999999999,High Value,Single Purchase
13354.0,743.53,1,604,743.53,1,0,0.0,743.53,Medium Value,1.0,743.53,8922.36,High Value,Single Purchase
13355.0,674.7,1,314,674.7,1,0,0.0,674.7,Medium Value,1.0,674.7,8096.400000000001,High Value,Single Purchase
13356.0,768.24,1,325,768.24,1,0,0.0,768.24,Medium Value,1.0,768.24,9218.880000000001,High Value,Single Purchase
13357.0,3805.5099999999998,5,2112,761.102,5,369,12.3,3805.5099999999998,High Value,12.12220762155059,313.9287924119241,3767.145508943089,High Value,Repeat Customer
13358.0,439.03,1,285,439.03,1,0,0.0,439.03,Low Value,1.0,439.03,5268.36,High Value,Single Purchase
13359.0,1043.31,2,381,521.655,2,339,11.3,1043.31,Medium Value,11.136662286465176,93.68246725663717,1124.189607079646,Low Value,Repeat Customer
13360.0,1553.65,4,942,388.4125,4,269,8.97,1553.65,Medium Value,8.83705650459921,175.81080297397773,2109.7296356877328,Medium Value,Repeat Customer
13361.0,1450.5,2,324,725.25,2,145,4.83,1450.5,Medium Value,4.763469119579501,304.5049655172414,3654.0595862068967,High Value,Repeat Customer
13362.0,5394.07,7,2481,770.5814285714285,7,415,13.83,5394.07,High Value,13.633377135348226,395.6517850602409,4747.821420722891,High Value,Repeat Customer
13363.0,1723.86,3,1146,574.62,3,392,13.07,1723.8600000000001,High Value,12.877792378449408,133.86300612244898,1606.3560734693879,Medium Value,Repeat Customer
13364.0,134.95999999999998,1,71,134.95999999999998,1,0,0.0,134.95999999999998,Low Value,1.0,134.95999999999998,1619.5199999999998,Medium Value,Single Purchase
13365.0,2225.37,2,1247,1112.685,2,184,6.13,2225.37,High Value,6.044678055190539,368.15360217391304,4417.843226086957,High Value,Repeat Customer
13366.0,56.160000000000004,1,144,56.160000000000004,1,0,0.0,56.160000000000004,Low Value,1.0,56.160000000000004,673.9200000000001,Low Value,Single Purchase
13367.0,510.20000000000005,1,253,510.20000000000005,1,0,0.0,510.20000000000005,Medium Value,1.0,510.20000000000005,6122.400000000001,High Value,Single Purchase
13368.0,1121.5,4,606,280.375,4,166,5.53,1121.5,Medium Value,5.45335085413929,205.65337349397592,2467.840481927711,Medium Value,Repeat Customer
13369.0,308.28000000000003,1,149,308.28000000000003,1,0,0.0,308.28000000000003,Low Value,1.0,308.28000000000003,3699.3600000000006,High Value,Single Purchase
13370.0,754.87,1,343,754.87,1,0,0.0,754.87,Medium Value,1.0,754.87,9058.44,High Value,Single Purchase
13371.0,2297.66,2,1019,1148.83,2,127,4.23,2297.66,High Value,4.1721419185282524,550.7147275590551,6608.576730708661,High Value,Repeat Customer
13372.0,378.64,1,159,378.64,1,0,0.0,378.64,Low Value,1.0,378.64,4543.68,High Value,Single Purchase
13373.0,7587.1900000000005,6,4263,1264.5316666666668,6,672,22.4,7587.1900000000005,High Value,22.07621550591327,343.6816422619048,4124.179707142857,High Value,Repeat Customer
13374.0,422.8,2,135,211.4,2,34,1.13,422.8,Low Value,1.1169513797634691,378.5303529411765,4542.364235294118,High Value,Repeat Customer
13375.0,1792.23,2,1124,896.115,2,356,11.87,1792.23,High Value,11.695137976346912,153.24573370786518,1838.9488044943823,Medium Value,Repeat Customer
13376.0,1019.76,3,493,339.92,3,135,4.5,1019.76,Medium Value,4.434954007884363,229.93699555555554,2759.2439466666665,Medium Value,Repeat Customer
13377.0,1552.88,2,748,776.44,2,249,8.3,1552.88,Medium Value,8.180026281208935,189.83802088353417,2278.05625060241,Medium Value,Repeat Customer
13379.0,572.56,3,601,190.85333333333332,3,110,3.67,572.56,Medium Value,3.6136662286465175,158.44296727272726,1901.315607272727,Medium Value,Repeat Customer
13380.0,62.4,1,48,62.4,1,0,0.0,62.4,Low Value,1.0,62.4,748.8,Low Value,Single Purchase
13381.0,8224.37,12,5125,685.3641666666667,12,706,23.53,8224.37,High Value,23.19316688567674,354.6031484419264,4255.237781303117,High Value,Repeat Customer
13382.0,1387.58,5,863,277.51599999999996,5,451,15.03,1387.58,Medium Value,14.816031537450723,93.65395831485587,1123.8474997782705,Low Value,Repeat Customer
13383.0,305.28000000000003,1,288,305.28000000000003,1,0,0.0,305.28000000000003,Low Value,1.0,305.28000000000003,3663.3600000000006,High Value,Single Purchase
13384.0,6680.83,11,4142,607.3481818181818,11,469,15.63,6680.83,High Value,15.407358738501971,433.61293219616203,5203.355186353944,High Value,Repeat Customer
13385.0,534.57,1,281,534.57,1,0,0.0,534.57,Medium Value,1.0,534.57,6414.84,High Value,Single Purchase
13386.0,835.46,2,514,417.73,2,22,0.73,835.46,Medium Value,1.0,835.46,10025.52,High Value,Repeat Customer
13387.0,186.94,1,123,186.94,1,0,0.0,186.94,Low Value,1.0,186.94,2243.2799999999997,Medium Value,Single Purchase
13388.0,1185.65,3,701,395.2166666666667,3,472,15.73,1185.65,Medium Value,15.505913272010512,76.46437711864408,917.572525423729,Low Value,Repeat Customer
13389.0,797.96,3,429,265.9866666666667,3,221,7.37,797.96,Medium Value,7.260183968462549,109.90906063348417,1318.9087276018101,Low Value,Repeat Customer
13390.0,544.08,1,224,544.08,1,0,0.0,544.08,Medium Value,1.0,544.08,6528.960000000001,High Value,Single Purchase
13391.0,59.8,1,4,59.8,1,0,0.0,59.8,Low Value,1.0,59.8,717.5999999999999,Low Value,Single Purchase
13392.0,91.14,1,82,91.14,1,0,0.0,91.14,Low Value,1.0,91.14,1093.68,Low Value,Single Purchase
13393.0,1131.45,4,662,282.8625,4,148,4.93,1131.45,Medium Value,4.862023653088042,232.71174324324326,2792.540918918919,Medium Value,Repeat Customer
13394.0,6621.7,19,5354,348.5105263157895,19,736,24.53,6621.700000000001,High Value,24.178712220762154,273.864875,3286.3785,Medium Value,Repeat Customer
13395.0,1180.23,3,1660,393.41,3,236,7.87,1180.23,Medium Value,7.752956636005256,152.22966610169493,1826.7559932203392,Medium Value,Repeat Customer
13396.0,1360.99,2,600,680.495,2,290,9.67,1360.99,Medium Value,9.526938239159001,142.85701931034484,1714.284231724138,Medium Value,Repeat Customer
13397.0,3191.87,10,1336,319.187,10,616,20.53,3191.87,High Value,20.2365308804205,157.72812142857143,1892.7374571428572,Medium Value,Repeat Customer
13398.0,670.34,2,341,335.17,2,256,8.53,670.34,Medium Value,8.409986859395532,79.707615625,956.4913875,Low Value,Repeat Customer
13399.0,275.4,3,120,91.8,3,54,1.8,275.4,Low Value,1.773981603153745,155.244,1862.9279999999999,Medium Value,Repeat Customer
13400.0,310.83,1,284,310.83,1,0,0.0,310.83,Low Value,1.0,310.83,3729.96,High Value,Single Purchase
13402.0,1226.8500000000001,4,917,306.71250000000003,4,437,14.57,1226.8500000000001,Medium Value,14.35611038107753,85.45838443935928,1025.5006132723113,Low Value,Repeat Customer
13403.0,229.5,3,114,76.5,3,705,23.5,229.5,Low Value,23.160315374507228,9.909191489361701,118.91029787234041,Low Value,Repeat Customer
13404.0,252.49,2,111,126.245,2,211,7.03,252.49,Low Value,6.931668856767411,36.425571563981045,437.10685876777256,Low Value,Repeat Customer
13405.0,1213.811,6,855,202.30183333333332,6,650,21.67,1213.811,Medium Value,21.353482260183966,56.84370283076923,682.1244339692307,Low Value,Repeat Customer
13406.0,568.92,2,292,284.46,2,204,6.8,568.92,Medium Value,6.701708278580814,84.89178823529411,1018.7014588235294,Low Value,Repeat Customer
13407.0,2244.7,3,1690,748.2333333333332,3,83,2.77,2244.7,High Value,2.726675427069645,823.2369638554217,9878.843566265059,High Value,Repeat Customer
13408.0,50174.782,106,28675,473.347,106,733,24.43,50174.782,High Value,24.080157687253614,2083.656704065484,25003.880448785807,High Value,Repeat Customer
13410.0,2201.96,9,1244,244.66222222222223,9,707,23.57,2201.96,High Value,23.226018396846253,94.8057459688826,1137.6689516265913,Low Value,Repeat Customer
13411.0,213.55,1,72,213.55,1,0,0.0,213.55,Low Value,1.0,213.55,2562.6000000000004,Medium Value,Single Purchase
13412.0,487.34999999999997,1,176,487.34999999999997,1,0,0.0,487.34999999999997,Medium Value,1.0,487.34999999999997,5848.2,High Value,Single Purchase
13413.0,429.44,6,455,71.57333333333334,6,47,1.57,429.44000000000005,Low Value,1.5440210249671484,278.13092765957447,3337.5711319148936,Medium Value,Repeat Customer
13414.0,2494.14,6,2702,415.69,6,469,15.63,2494.14,High Value,15.407358738501971,161.87979019189765,1942.5574823027719,Medium Value,Repeat Customer
13415.0,784.17,4,496,196.0425,4,255,8.5,784.17,Medium Value,8.377135348226018,93.60837176470588,1123.3004611764704,Low Value,Repeat Customer
13416.0,940.8000000000001,3,208,313.6,3,692,23.07,940.8000000000001,Medium Value,22.733245729303547,41.38432369942197,496.61188439306363,Low Value,Repeat Customer
13417.0,1669.49,6,532,278.24833333333333,6,664,22.13,1669.49,High Value,21.81340341655716,76.53505361445784,918.420643373494,Low Value,Repeat Customer
13418.0,11559.66,31,7354,372.8922580645161,31,716,23.87,11559.66,High Value,23.52168199737188,491.4469977653631,5897.363973184358,High Value,Repeat Customer
13419.0,221.06,1,275,221.06,1,0,0.0,221.06,Low Value,1.0,221.06,2652.7200000000003,Medium Value,Single Purchase
13420.0,159.85,2,101,79.925,2,20,0.67,159.85,Low Value,1.0,159.85,1918.1999999999998,Medium Value,Repeat Customer
13421.0,4058.75,8,2351,507.34375,8,622,20.73,4058.75,High Value,20.43363994743758,198.6307877813505,2383.569453376206,Medium Value,Repeat Customer
13422.0,2626.3,1,1326,2626.3,1,0,0.0,2626.3,High Value,1.0,2626.3,31515.600000000002,High Value,Single Purchase
13423.0,217.03,1,141,217.03,1,0,0.0,217.03,Low Value,1.0,217.03,2604.36,Medium Value,Single Purchase
13424.0,572.77,1,529,572.77,1,0,0.0,572.77,Medium Value,1.0,572.77,6873.24,High Value,Single Purchase
13425.0,3390.4300000000003,5,2358,678.086,5,471,15.7,3390.4300000000003,High Value,15.473061760840999,219.1182360934183,2629.4188331210194,Medium Value,Repeat Customer
13426.0,8167.38,22,4868,371.24454545454546,22,729,24.3,8167.38,High Value,23.94875164257556,341.03573004115225,4092.428760493827,High Value,Repeat Customer
13427.0,1006.53,6,880,167.755,6,702,23.4,1006.53,Medium Value,23.061760840998684,43.644976068376074,523.7397128205129,Low Value,Repeat Customer
13428.0,478.54,3,356,159.51333333333335,3,504,16.8,478.5400000000001,Medium Value,16.557161629434955,28.902296825396824,346.82756190476186,Low Value,Repeat Customer
13429.0,1006.8,4,1390,251.7,4,64,2.13,1006.8,Medium Value,2.102496714848883,478.85925,5746.311,High Value,Repeat Customer
13430.0,679.45,2,751,339.725,2,67,2.23,679.45,Medium Value,2.2010512483574245,308.6934029850746,3704.3208358208954,High Value,Repeat Customer
13431.0,3316.24,8,1570,414.53,8,592,19.73,3316.24,High Value,19.44809461235217,170.51747567567566,2046.2097081081079,Medium Value,Repeat Customer
13432.0,439.1,2,217,219.55,2,40,1.33,439.1,Low Value,1.314060446780552,334.1551,4009.8612000000003,High Value,Repeat Customer
13433.0,658.3199999999999,4,190,164.57999999999998,4,195,6.5,658.3199999999999,Medium Value,6.40604467805519,102.76544,1233.18528,Low Value,Repeat Customer
13434.0,1666.8600000000001,5,864,333.372,5,581,19.37,1666.8600000000001,High Value,19.086727989487514,87.33084061962136,1047.9700874354562,Low Value,Repeat Customer
13435.0,4447.33,9,2754,494.1477777777778,9,494,16.47,4447.33,High Value,16.228646517739815,274.0419538461539,3288.5034461538467,Medium Value,Repeat Customer
13436.0,196.89,1,76,196.89,1,0,0.0,196.89,Low Value,1.0,196.89,2362.68,Medium Value,Single Purchase
13437.0,3408.06,7,1283,486.86571428571426,7,175,5.83,3408.06,High Value,5.7490144546649145,592.8076937142857,7113.692324571429,High Value,Repeat Customer
13438.0,46.5,1,10,46.5,1,0,0.0,46.5,Low Value,1.0,46.5,558.0,Low Value,Single Purchase
13439.0,986.61,3,952,328.87,3,270,9.0,986.61,Medium Value,8.869908015768726,111.23114222222222,1334.7737066666666,Low Value,Repeat Customer
13440.0,1295.25,7,573,185.03571428571428,7,28,0.93,1295.25,Medium Value,1.0,1295.25,15543.0,High Value,Repeat Customer
13441.0,720.9,2,520,360.45,2,339,11.3,720.9,Medium Value,11.136662286465176,64.73214159292036,776.7856991150443,Low Value,Repeat Customer
13442.0,419.87,3,115,139.95666666666668,3,70,2.33,419.87,Low Value,2.299605781865966,182.58346857142857,2191.001622857143,Medium Value,Repeat Customer
13443.0,1273.16,6,805,212.19333333333336,6,228,7.6,1273.16,Medium Value,7.490144546649145,169.97802807017547,2039.7363368421056,Medium Value,Repeat Customer
13444.0,619.08,2,331,309.54,2,131,4.37,619.08,Medium Value,4.303547963206308,143.85339847328245,1726.2407816793893,Medium Value,Repeat Customer
13445.0,241.89999999999998,1,198,241.89999999999998,1,0,0.0,241.89999999999998,Low Value,1.0,241.89999999999998,2902.7999999999997,Medium Value,Single Purchase
13446.0,3881.89,11,2403,352.8990909090909,11,233,7.77,3881.89,High Value,7.654402102496714,507.14477081545067,6085.7372497854085,High Value,Repeat Customer
13447.0,1129.14,3,584,376.38000000000005,3,12,0.4,1129.14,Medium Value,1.0,1129.14,13549.68,High Value,Repeat Customer
13448.0,8745.93,13,4195,672.7638461538462,13,717,23.9,8745.93,High Value,23.554533508541393,371.3055916317992,4455.66709958159,High Value,Repeat Customer
13449.0,291.88,1,222,291.88,1,0,0.0,291.88,Low Value,1.0,291.88,3502.56,High Value,Single Purchase
13450.0,4120.04,13,4318,316.92615384615385,13,576,19.2,4120.04,High Value,18.922470433639948,217.73266944444444,2612.792033333333,Medium Value,Repeat Customer
13451.0,7090.06,11,5229,644.5509090909092,11,601,20.03,7090.06,High Value,19.743758212877793,359.10387088186354,4309.246450582363,High Value,Repeat Customer
13452.0,729.8,3,6,243.26666666666665,3,213,7.1,729.8,Medium Value,6.9973718791064385,104.29630046948357,1251.5556056338028,Low Value,Repeat Customer
13453.0,781.6899999999999,3,341,260.56333333333333,3,236,7.87,781.69,Medium Value,7.752956636005256,100.82476101694915,1209.89713220339,Low Value,Repeat Customer
13454.0,219.87,1,198,219.87,1,0,0.0,219.87,Low Value,1.0,219.87,2638.44,Medium Value,Single Purchase
13455.0,2212.9900000000002,6,795,368.8316666666667,6,706,23.53,2212.9900000000002,High Value,23.19316688567674,95.41560283286121,1144.9872339943345,Low Value,Repeat Customer
13456.0,1766.72,6,765,294.4533333333333,6,189,6.3,1766.7199999999998,High Value,6.2089356110381075,284.544744973545,3414.53693968254,High Value,Repeat Customer
13457.0,148.22,2,96,74.11,2,48,1.6,148.22,Low Value,1.5768725361366622,93.99618333333333,1127.9542000000001,Low Value,Repeat Customer
13458.0,11959.27,16,6760,747.454375,16,381,12.7,11959.27,High Value,12.516425755584756,955.4860335958007,11465.832403149609,High Value,Repeat Customer
13459.0,1160.4099999999999,2,986,580.2049999999999,2,57,1.9,1160.4099999999999,Medium Value,1.8725361366622864,619.6996561403508,7436.3958736842105,High Value,Repeat Customer
13460.0,183.44,2,286,91.72,2,20,0.67,183.44,Low Value,1.0,183.44,2201.2799999999997,Medium Value,Repeat Customer
13461.0,4160.0,6,3132,693.3333333333334,6,558,18.6,4160.0,High Value,18.331143232588698,226.9362007168459,2723.234408602151,Medium Value,Repeat Customer
13462.0,1153.85,5,697,230.76999999999998,5,473,15.77,1153.85,Medium Value,15.538764783180026,74.25622410147992,891.074689217759,Low Value,Repeat Customer
13464.0,3097.64,6,1440,516.2733333333333,6,559,18.63,3097.64,High Value,18.363994743758212,168.68007441860465,2024.1608930232558,Medium Value,Repeat Customer
13465.0,931.12,2,584,465.56,2,139,4.63,931.12,Medium Value,4.566360052562418,203.90858129496402,2446.902975539568,Medium Value,Repeat Customer
13466.0,1013.35,5,660,202.67000000000002,5,444,14.8,1013.3500000000001,Medium Value,14.586070959264125,69.47381531531532,833.6857837837838,Low Value,Repeat Customer
13467.0,1071.91,2,580,535.955,2,25,0.83,1071.91,Medium Value,1.0,1071.91,12862.920000000002,High Value,Repeat Customer
13468.0,12793.28,72,5617,177.68444444444447,72,734,24.47,12793.280000000002,High Value,24.113009198423125,530.5550997275205,6366.661196730247,High Value,Repeat Customer
13469.0,82.4,1,52,82.4,1,0,0.0,82.4,Low Value,1.0,82.4,988.8000000000001,Low Value,Single Purchase
13470.0,165.0,2,100,82.5,2,15,0.5,165.0,Low Value,1.0,165.0,1980.0,Medium Value,Repeat Customer
13471.0,2501.84,4,1583,625.46,4,46,1.53,2501.84,High Value,1.5111695137976346,1655.5654260869567,19866.78511304348,High Value,Repeat Customer
13472.0,592.24,2,310,296.12,2,91,3.03,592.24,Medium Value,2.9894875164257555,198.10753406593406,2377.290408791209,Medium Value,Repeat Customer
13473.0,2657.7599999999998,8,1000,332.21999999999997,8,663,22.1,2657.7599999999998,High Value,21.780551905387647,122.02445610859728,1464.2934733031673,Medium Value,Repeat Customer
13474.0,646.59,3,318,215.53,3,258,8.6,646.59,Medium Value,8.47568988173456,76.28759534883721,915.4511441860466,Low Value,Repeat Customer
13475.0,1431.78,4,1012,357.945,4,107,3.57,1431.78,Medium Value,3.515111695137976,407.321338317757,4887.856059813084,High Value,Repeat Customer
13476.0,2061.4700000000003,5,713,412.29400000000004,5,466,15.53,2061.4700000000003,High Value,15.308804204993429,134.65911330472105,1615.9093596566527,Medium Value,Repeat Customer
13477.0,2819.17,11,2091,256.28818181818184,11,646,21.53,2819.17,High Value,21.22207621550591,132.8413851393189,1594.0966216718268,Medium Value,Repeat Customer
13478.0,2215.78,5,1189,443.15600000000006,5,207,6.9,2215.78,High Value,6.800262812089356,325.83740676328506,3910.0488811594205,High Value,Repeat Customer
13479.0,851.37,4,716,212.8425,4,276,9.2,851.37,Medium Value,9.067017082785808,93.89747391304348,1126.7696869565218,Low Value,Repeat Customer
13480.0,627.82,2,362,313.91,2,262,8.73,627.82,Medium Value,8.607095926412615,72.94214045801527,875.3056854961833,Low Value,Repeat Customer
13481.0,3830.84,11,2055,348.2581818181818,11,689,22.97,3830.84,High Value,22.634691195795007,169.2464,2030.9568,Medium Value,Repeat Customer
13482.0,336.09,2,187,168.045,2,395,13.17,336.09,Low Value,12.976346911957949,25.90020151898734,310.8024182278481,Low Value,Repeat Customer
13483.0,140.34,1,160,140.34,1,0,0.0,140.34,Low Value,1.0,140.34,1684.08,Medium Value,Single Purchase
13484.0,790.72,3,224,263.5733333333333,3,398,13.27,790.72,Medium Value,13.074901445466491,60.47617286432161,725.7140743718594,Low Value,Repeat Customer
13485.0,3019.2200000000003,11,1798,274.4745454545455,11,503,16.77,3019.2200000000003,High Value,16.52431011826544,182.7138306163022,2192.5659673956266,Medium Value,Repeat Customer
13486.0,1122.41,3,669,374.1366666666667,3,76,2.53,1122.41,Medium Value,2.4967148488830486,449.5547421052632,5394.6569052631585,High Value,Repeat Customer
13487.0,846.87,5,362,169.374,5,677,22.57,846.87,Medium Value,22.24047306176084,38.077877104874446,456.93452525849335,Low Value,Repeat Customer
13488.0,14205.96,23,7375,617.6504347826086,23,666,22.2,14205.959999999997,High Value,21.879106438896187,649.2934270270271,7791.521124324325,High Value,Repeat Customer
13489.0,449.52,4,560,112.38,4,189,6.3,449.52,Low Value,6.2089356110381075,72.39888253968255,868.7865904761906,Low Value,Repeat Customer
13490.0,154.25,1,25,154.25,1,0,0.0,154.25,Low Value,1.0,154.25,1851.0,Medium Value,Single Purchase
13491.0,4467.66,27,2349,165.46888888888887,27,681,22.7,4467.66,High Value,22.371879106438897,199.69980969162995,2396.3977162995593,Medium Value,Repeat Customer
13492.0,1269.84,3,408,423.28,3,78,2.6,1269.84,Medium Value,2.562417871222076,495.5632,5946.7584,High Value,Repeat Customer
13493.0,618.63,2,380,309.315,2,11,0.37,618.63,Medium Value,1.0,618.63,7423.5599999999995,High Value,Repeat Customer
13494.0,316.26000000000005,1,162,316.26000000000005,1,0,0.0,316.26000000000005,Low Value,1.0,316.26000000000005,3795.120000000001,High Value,Single Purchase
13495.0,4863.31,10,2465,486.331,10,724,24.13,4863.31,High Value,23.78449408672799,204.4739729281768,2453.6876751381214,Medium Value,Repeat Customer
13496.0,653.33,2,341,326.665,2,349,11.63,653.33,Medium Value,11.465177398160314,56.98385444126075,683.8062532951291,Low Value,Repeat Customer
13497.0,1166.83,6,525,194.47166666666666,6,386,12.87,1166.83,Medium Value,12.680683311432325,92.0163347150259,1104.196016580311,Low Value,Repeat Customer
13498.0,327.38,1,362,327.38,1,0,0.0,327.38,Low Value,1.0,327.38,3928.56,High Value,Single Purchase
13499.0,1159.11,5,1365,231.82199999999997,5,252,8.4,1159.11,Medium Value,8.278580814717477,140.01312857142855,1680.1575428571427,Medium Value,Repeat Customer
13500.0,1466.3,4,838,366.575,4,378,12.6,1466.3,Medium Value,12.417871222076215,118.0798201058201,1416.9578412698413,Low Value,Repeat Customer
13501.0,2885.11,3,1253,961.7033333333334,3,282,9.4,2885.11,High Value,9.264126149802891,311.42818581560283,3737.138229787234,High Value,Repeat Customer
13502.0,780.5,5,490,156.1,5,531,17.7,780.5,Medium Value,17.444152431011826,44.74278719397363,536.9134463276836,Low Value,Repeat Customer
13503.0,1859.24,6,1105,309.87333333333333,6,589,19.63,1859.24,High Value,19.349540078843624,96.08703837011886,1153.0444604414263,Low Value,Repeat Customer
13504.0,295.93,1,178,295.93,1,0,0.0,295.93,Low Value,1.0,295.93,3551.16,High Value,Single Purchase
13505.0,4393.63,4,2486,1098.4075,4,159,5.3,4393.63,High Value,5.223390275952694,841.145265408805,10093.74318490566,High Value,Repeat Customer
13506.0,1338.08,5,942,267.616,5,144,4.8,1338.08,Medium Value,4.730617608409987,282.85524444444445,3394.2629333333334,High Value,Repeat Customer
13507.0,2479.16,4,1597,619.79,4,142,4.73,2479.16,High Value,4.664914586070959,531.4481014084506,6377.377216901407,High Value,Repeat Customer
13508.0,287.05,2,180,143.525,2,399,13.3,287.05,Low Value,13.107752956636006,21.89925313283208,262.7910375939849,Low Value,Repeat Customer
13509.0,1114.72,8,1214,139.34,8,498,16.6,1114.72,Medium Value,16.36005256241787,68.13670040160643,817.6404048192771,Low Value,Repeat Customer
13510.0,4558.29,11,3044,414.39,11,717,23.9,4558.29,High Value,23.554533508541393,193.5207079497908,2322.2484953974895,Medium Value,Repeat Customer
13511.0,282.76,1,60,282.76,1,0,0.0,282.76,Low Value,1.0,282.76,3393.12,High Value,Single Purchase
13512.0,713.39,4,419,178.3475,4,322,10.73,713.39,Medium Value,10.578186596583443,67.4397254658385,809.2767055900621,Low Value,Repeat Customer
13513.0,824.59,3,364,274.86333333333334,3,528,17.6,824.59,Medium Value,17.345597897503286,47.53886287878788,570.4663545454546,Low Value,Repeat Customer
13514.0,815.9000000000001,4,288,203.97500000000002,4,608,20.27,815.9000000000001,Medium Value,19.97371879106439,40.84867763157895,490.1841315789474,Low Value,Repeat Customer
13515.0,1265.82,6,819,210.97,6,571,19.03,1265.82,Medium Value,18.758212877792378,67.48084203152364,809.7701043782836,Low Value,Repeat Customer
13516.0,1685.26,4,1114,421.315,4,396,13.2,1685.26,High Value,13.009198423127463,129.54372323232323,1554.5246787878787,Medium Value,Repeat Customer
13517.0,2128.42,3,1369,709.4733333333334,3,120,4.0,2128.42,High Value,3.9421813403416555,539.9092066666667,6478.9104800000005,High Value,Repeat Customer
13518.0,627.16,1,382,627.16,1,0,0.0,627.16,Medium Value,1.0,627.16,7525.92,High Value,Single Purchase
13519.0,343.21,2,133,171.605,2,364,12.13,343.21,Low Value,11.957950065703022,28.70140769230769,344.41689230769225,Low Value,Repeat Customer
13520.0,6606.0,11,3179,600.5454545454545,11,663,22.1,6606.0,High Value,21.780551905387647,303.29809954751136,3639.5771945701363,High Value,Repeat Customer
13521.0,1071.73,3,718,357.24333333333334,3,8,0.27,1071.73,Medium Value,1.0,1071.73,12860.76,High Value,Repeat Customer
13522.0,125.80000000000001,1,44,125.80000000000001,1,0,0.0,125.80000000000001,Low Value,1.0,125.80000000000001,1509.6000000000001,Medium Value,Single Purchase
13523.0,4534.57,6,1989,755.7616666666667,6,369,12.3,4534.57,High Value,12.12220762155059,374.0713029810298,4488.855635772357,High Value,Repeat Customer
13524.0,680.1800000000001,5,324,136.036,5,179,5.97,680.1800000000001,Medium Value,5.88042049934297,115.66859888268158,1388.023186592179,Low Value,Repeat Customer
13525.0,628.78,2,394,314.39,2,233,7.77,628.78,Medium Value,7.654402102496714,82.14619399141631,985.7543278969957,Low Value,Repeat Customer
13526.0,1182.0,2,1911,591.0,2,0,0.0,1182.0,Medium Value,1.0,1182.0,14184.0,High Value,Repeat Customer
13527.0,4541.29,12,2736,378.44083333333333,12,653,21.77,4541.29,High Value,21.45203679369251,211.6950499234303,2540.3405990811634,Medium Value,Repeat Customer
13529.0,307.76,2,74,153.88,2,125,4.17,307.76,Low Value,4.106438896189225,74.9457152,899.3485823999999,Low Value,Repeat Customer
13530.0,402.97999999999996,1,272,402.97999999999996,1,0,0.0,402.97999999999996,Low Value,1.0,402.97999999999996,4835.759999999999,High Value,Single Purchase
13531.0,1433.07,6,497,238.845,6,531,17.7,1433.07,Medium Value,17.444152431011826,82.15188474576271,985.8226169491526,Low Value,Repeat Customer
13532.0,210.31,1,129,210.31,1,0,0.0,210.31,Low Value,1.0,210.31,2523.7200000000003,Medium Value,Single Purchase
13533.0,269.09,3,202,89.69666666666666,3,84,2.8,269.09,Low Value,2.759526938239159,97.51309047619047,1170.1570857142856,Low Value,Repeat Customer
13534.0,7720.9,35,3869,220.59714285714284,35,517,17.23,7720.9,High Value,16.98423127463863,454.592255319149,5455.107063829788,High Value,Repeat Customer
13535.0,89.5,1,10,89.5,1,0,0.0,89.5,Low Value,1.0,89.5,1074.0,Low Value,Single Purchase
13536.0,3444.39,7,2126,492.05571428571426,7,74,2.47,3444.39,High Value,2.431011826544021,1416.854481081081,17002.253772972974,High Value,Repeat Customer
13537.0,717.85,2,337,358.925,2,26,0.87,717.85,Medium Value,1.0,717.85,8614.2,High Value,Repeat Customer
13538.0,3103.13,12,959,258.5941666666667,12,632,21.07,3103.13,High Value,20.76215505913272,149.46088164556963,1793.5305797468354,Medium Value,Repeat Customer
13539.0,1569.3600000000001,7,710,224.19428571428574,7,504,16.8,1569.3600000000001,Medium Value,16.557161629434955,94.78436190476191,1137.412342857143,Low Value,Repeat Customer
13540.0,632.39,3,189,210.79666666666665,3,188,6.27,632.39,Medium Value,6.176084099868594,102.39335957446809,1228.7203148936171,Low Value,Repeat Customer
13541.0,785.25,2,279,392.625,2,143,4.77,785.25,Medium Value,4.697766097240473,167.15391608391607,2005.8469930069928,Medium Value,Repeat Customer
13542.0,3959.4900000000002,17,804,232.91117647058826,17,352,11.73,3959.4900000000002,High Value,11.563731931668856,342.4058965909091,4108.870759090909,High Value,Repeat Customer
13543.0,1439.6100000000001,2,329,719.8050000000001,2,52,1.73,1439.6100000000001,Medium Value,1.7082785808147174,842.7255461538463,10112.706553846156,High Value,Repeat Customer
13544.0,790.2,6,331,131.70000000000002,6,605,20.17,790.2,Medium Value,19.87516425755585,39.758161983471076,477.09794380165295,Low Value,Repeat Customer
13545.0,364.93,2,252,182.465,2,153,5.1,364.93,Low Value,5.026281208935611,72.60437385620915,871.2524862745098,Low Value,Repeat Customer
13546.0,1086.24,5,587,217.248,5,411,13.7,1086.24,Medium Value,13.501971090670171,80.45047591240876,965.4057109489052,Low Value,Repeat Customer
13547.0,167.08,1,79,167.08,1,0,0.0,167.08,Low Value,1.0,167.08,2004.96,Medium Value,Single Purchase
13548.0,901.44,3,558,300.48,3,375,12.5,901.44,Medium Value,12.319316688567673,73.17288960000002,878.0746752000002,Low Value,Repeat Customer
13549.0,1005.8,8,554,125.725,8,361,12.03,1005.8,Medium Value,11.85939553219448,84.81039335180056,1017.7247202216067,Low Value,Repeat Customer
13550.0,342.55,1,430,342.55,1,0,0.0,342.55,Low Value,1.0,342.55,4110.6,High Value,Single Purchase
13551.0,244.2,2,36,122.1,2,346,11.53,244.2,Low Value,11.366622864651774,21.483953757225432,257.8074450867052,Low Value,Repeat Customer
13552.0,6948.92,22,2630,315.86,22,592,19.73,6948.92,High Value,19.44809461235217,357.30595405405404,4287.671448648649,High Value,Repeat Customer
13553.0,499.6,1,201,499.6,1,0,0.0,499.6,Medium Value,1.0,499.6,5995.200000000001,High Value,Single Purchase
13554.0,1629.35,7,578,232.7642857142857,7,66,2.2,1629.35,High Value,2.1681997371879107,751.4759696969696,9017.711636363636,High Value,Repeat Customer
13555.0,8891.84,13,4762,683.9876923076923,13,615,20.5,8891.84,High Value,20.203679369250985,440.10993430894314,5281.319211707318,High Value,Repeat Customer
13556.0,200.82,2,134,100.41,2,6,0.2,200.82,Low Value,1.0,200.82,2409.84,Medium Value,Repeat Customer
13557.0,3032.26,13,2398,233.25076923076924,13,702,23.4,3032.26,High Value,23.061760840998684,131.48432250712253,1577.8118700854702,Medium Value,Repeat Customer
13558.0,594.52,4,338,148.63,4,62,2.07,594.52,Medium Value,2.0367936925098555,291.8901419354838,3502.681703225806,High Value,Repeat Customer
13559.0,990.0,2,360,495.0,2,30,1.0,990.0,Medium Value,1.0,990.0,11880.0,High Value,Repeat Customer
13560.0,171.42000000000002,1,63,171.42000000000002,1,0,0.0,171.42000000000002,Low Value,1.0,171.42000000000002,2057.04,Medium Value,Single Purchase
13561.0,1803.4,11,1125,163.94545454545457,11,433,14.43,1803.4000000000003,High Value,14.224704336399475,126.77943648960739,1521.3532378752886,Medium Value,Repeat Customer
13562.0,4838.18,8,1603,604.7725,8,612,20.4,4838.18,High Value,20.105124835742444,240.6441163398693,2887.729396078432,Medium Value,Repeat Customer
13563.0,777.53,2,209,388.765,2,55,1.83,777.53,Medium Value,1.8068331143232588,430.32751272727273,5163.930152727273,High Value,Repeat Customer
13564.0,16498.97,37,8878,445.91810810810813,37,593,19.77,16498.97,High Value,19.48094612352168,846.9285780775718,10163.142936930863,High Value,Repeat Customer
13565.0,414.8,3,260,138.26666666666668,3,391,13.03,414.80000000000007,Low Value,12.844940867279893,32.292869565217394,387.51443478260876,Low Value,Repeat Customer
13566.0,1688.6,5,1257,337.71999999999997,5,598,19.93,1688.6,High Value,19.64520367936925,85.95482274247492,1031.457872909699,Low Value,Repeat Customer
13567.0,1079.29,4,643,269.8225,4,113,3.77,1079.29,Medium Value,3.712220762155059,290.7397132743363,3488.8765592920354,High Value,Repeat Customer
13568.0,187.05,1,66,187.05,1,0,0.0,187.05,Low Value,1.0,187.05,2244.6000000000004,Medium Value,Single Purchase
13569.0,726.54,4,345,181.635,4,411,13.7,726.54,Medium Value,13.501971090670171,53.80992116788321,645.7190540145986,Low Value,Repeat Customer
13570.0,239.49,1,161,239.49,1,0,0.0,239.49,Low Value,1.0,239.49,2873.88,Medium Value,Single Purchase
13571.0,4537.26,26,3191,174.51000000000002,26,718,23.93,4537.26,High Value,23.587385019710904,192.35960222841229,2308.3152267409473,Medium Value,Repeat Customer
13572.0,1384.25,1,534,1384.25,1,0,0.0,1384.25,Medium Value,1.0,1384.25,16611.0,High Value,Single Purchase
13573.0,904.52,6,647,150.75333333333333,6,586,19.53,904.52,Medium Value,19.250985545335084,46.98564641638225,563.827756996587,Low Value,Repeat Customer
13574.0,404.45,1,304,404.45,1,0,0.0,404.45,Low Value,1.0,404.45,4853.4,High Value,Single Purchase
13575.0,732.0699999999999,5,449,146.414,5,152,5.07,732.0699999999999,Medium Value,4.993429697766097,146.60664999999997,1759.2797999999998,Medium Value,Repeat Customer
13576.0,11202.59,28,4506,400.09250000000003,28,721,24.03,11202.59,High Value,23.68593955321945,472.96371650485435,5675.564598058252,High Value,Repeat Customer
13577.0,3489.28,11,1661,317.20727272727277,11,699,23.3,3489.2800000000007,High Value,22.963206307490143,151.9509058655222,1823.4108703862664,Medium Value,Repeat Customer
13578.0,147.66,1,127,147.66,1,0,0.0,147.66,Low Value,1.0,147.66,1771.92,Medium Value,Single Purchase
13579.0,1374.34,5,718,274.868,5,644,21.47,1374.34,Medium Value,21.156373193166885,64.96103975155279,779.5324770186335,Low Value,Repeat Customer
13580.0,107.75,1,45,107.75,1,0,0.0,107.75,Low Value,1.0,107.75,1293.0,Low Value,Single Purchase
13581.0,280.53000000000003,2,119,140.26500000000001,2,104,3.47,280.53000000000003,Low Value,3.416557161629435,82.10897307692309,985.3076769230771,Low Value,Repeat Customer
13582.0,241.68,2,106,120.84,2,227,7.57,241.68,Low Value,7.457293035479632,32.408542731277535,388.9025127753304,Low Value,Repeat Customer
13583.0,1445.031,2,1097,722.5155,2,523,17.43,1445.031,Medium Value,17.181340341655716,84.10467235181645,1009.2560682217974,Low Value,Repeat Customer
13584.0,385.7,3,360,128.56666666666666,3,369,12.3,385.7,Low Value,12.12220762155059,31.817636856368566,381.8116422764228,Low Value,Repeat Customer
13585.0,684.54,3,1386,228.17999999999998,3,207,6.9,684.54,Medium Value,6.800262812089356,100.66375652173913,1207.9650782608696,Low Value,Repeat Customer
13586.0,127.28,1,38,127.28,1,0,0.0,127.28,Low Value,1.0,127.28,1527.3600000000001,Medium Value,Single Purchase
13587.0,1673.5,4,664,418.375,4,599,19.97,1673.5,High Value,19.678055190538764,85.0439732888147,1020.5276794657764,Low Value,Repeat Customer
13588.0,2478.95,9,2606,275.43888888888887,9,239,7.97,2478.95,High Value,7.851511169513797,315.7290292887029,3788.748351464435,High Value,Repeat Customer
13589.0,1120.74,6,293,186.79,6,719,23.97,1120.74,Medium Value,23.62023653088042,47.44829707927678,569.3795649513213,Low Value,Repeat Customer
13590.0,6336.04,18,5271,352.0022222222222,18,726,24.2,6336.04,High Value,23.850197109067015,265.65985895316805,3187.9183074380167,Medium Value,Repeat Customer
13591.0,2093.94,7,850,299.13428571428574,7,660,22.0,2093.94,High Value,21.681997371879106,96.57505090909092,1158.900610909091,Low Value,Repeat Customer
13592.0,247.95999999999998,4,84,61.989999999999995,4,228,7.6,247.95999999999998,Low Value,7.490144546649145,33.104835087719295,397.25802105263153,Low Value,Repeat Customer
13593.0,5493.29,14,2170,392.3778571428571,14,538,17.93,5493.29,High Value,17.67411300919842,310.8099397769517,3729.71927732342,High Value,Repeat Customer
13594.0,533.32,2,396,266.66,2,432,14.4,533.32,Medium Value,14.19185282522996,37.57930740740741,450.95168888888895,Low Value,Repeat Customer
13595.0,784.48,3,341,261.49333333333334,3,129,4.3,784.48,Medium Value,4.23784494086728,185.11295503875968,2221.3554604651163,Medium Value,Repeat Customer
13596.0,664.11,2,384,332.055,2,7,0.23,664.11,Medium Value,1.0,664.11,7969.32,High Value,Repeat Customer
13597.0,396.71,2,231,198.355,2,2,0.07,396.71,Low Value,1.0,396.71,4760.5199999999995,High Value,Repeat Customer
13598.0,761.96,5,393,152.392,5,604,20.13,761.96,Medium Value,19.842312746386334,38.40076556291391,460.80918675496696,Low Value,Repeat Customer
13599.0,9811.04,33,6248,297.30424242424243,33,737,24.57,9811.04,High Value,24.21156373193167,405.22124504748984,4862.654940569878,High Value,Repeat Customer
13600.0,518.42,2,599,259.21,2,321,10.7,518.42,Medium Value,10.545335085413928,49.16107414330218,589.9328897196261,Low Value,Repeat Customer
13601.0,1159.99,4,957,289.9975,4,501,16.7,1159.99,Medium Value,16.45860709592641,70.47923273453095,845.7507928143714,Low Value,Repeat Customer
13602.0,1025.17,4,538,256.2925,4,495,16.5,1025.17,Medium Value,16.26149802890933,63.04277737373738,756.5133284848486,Low Value,Repeat Customer
13603.0,164.34,1,164,164.34,1,0,0.0,164.34,Low Value,1.0,164.34,1972.08,Medium Value,Single Purchase
13604.0,717.62,1,242,717.62,1,0,0.0,717.62,Medium Value,1.0,717.62,8611.44,High Value,Single Purchase
13605.0,522.67,2,425,261.335,2,184,6.13,522.67,Medium Value,6.044678055190539,86.46779782608695,1037.6135739130434,Low Value,Repeat Customer
13606.0,276.75,3,276,92.25,3,282,9.4,276.75,Low Value,9.264126149802891,29.873297872340427,358.4795744680851,Low Value,Repeat Customer
13607.0,1075.81,2,466,537.905,2,362,12.07,1075.81,Medium Value,11.892247043363994,90.46313922651933,1085.557670718232,Low Value,Repeat Customer
13608.0,232.05,1,110,232.05,1,0,0.0,232.05,Low Value,1.0,232.05,2784.6000000000004,Medium Value,Single Purchase
13609.0,167.35,1,19,167.35,1,0,0.0,167.35,Low Value,1.0,167.35,2008.1999999999998,Medium Value,Single Purchase
13610.0,2103.71,14,869,150.26500000000001,14,691,23.03,2103.71,High Value,22.700394218134033,92.67283994211289,1112.0740793053546,Low Value,Repeat Customer
13611.0,3297.9300000000003,10,1988,329.793,10,647,21.57,3297.9300000000003,High Value,21.254927726675426,155.1607251931994,1861.9287023183929,Medium Value,Repeat Customer
13612.0,818.29,1,444,818.29,1,0,0.0,818.29,Medium Value,1.0,818.29,9819.48,High Value,Single Purchase
13613.0,1039.8500000000001,5,445,207.97000000000003,5,207,6.9,1039.8500000000001,Medium Value,6.800262812089356,152.91320772946864,1834.9584927536237,Medium Value,Repeat Customer
13614.0,2332.74,6,821,388.78999999999996,6,527,17.57,2332.74,High Value,17.31274638633377,134.74118709677418,1616.8942451612902,Medium Value,Repeat Customer
13615.0,6272.53,8,2910,784.06625,8,361,12.03,6272.53,High Value,11.85939553219448,528.9080698060942,6346.89683767313,High Value,Repeat Customer
13616.0,283.85,2,172,141.925,2,122,4.07,283.85,Low Value,4.0078843626806835,70.82290163934427,849.8748196721313,Low Value,Repeat Customer
13617.0,1278.75,8,593,159.84375,8,454,15.13,1278.75,Medium Value,14.914586070959263,85.73821585903084,1028.8585903083701,Low Value,Repeat Customer
13618.0,177.34,1,246,177.34,1,0,0.0,177.34,Low Value,1.0,177.34,2128.08,Medium Value,Single Purchase
13619.0,224.94,2,79,112.47,2,129,4.3,224.94,Low Value,4.23784494086728,53.07886511627907,636.9463813953488,Low Value,Repeat Customer
13620.0,112.34,1,74,112.34,1,0,0.0,112.34,Low Value,1.0,112.34,1348.08,Low Value,Single Purchase
13621.0,213.85,1,343,213.85,1,0,0.0,213.85,Low Value,1.0,213.85,2566.2,Medium Value,Single Purchase
13622.0,658.95,1,379,658.95,1,0,0.0,658.95,Medium Value,1.0,658.95,7907.400000000001,High Value,Single Purchase
13623.0,2533.06,10,1010,253.30599999999998,10,706,23.53,2533.06,High Value,23.19316688567674,109.21578810198301,1310.5894572237962,Low Value,Repeat Customer
13624.0,462.08,1,820,462.08,1,0,0.0,462.08,Medium Value,1.0,462.08,5544.96,High Value,Single Purchase
13625.0,301.26,1,144,301.26,1,0,0.0,301.26,Low Value,1.0,301.26,3615.12,High Value,Single Purchase
13626.0,707.04,2,398,353.52,2,126,4.2,707.04,Medium Value,4.139290407358739,170.8118857142857,2049.742628571428,Medium Value,Repeat Customer
13627.0,2245.9,7,1632,320.84285714285716,7,581,19.37,2245.9,High Value,19.086727989487514,117.66815146299486,1412.0178175559383,Low Value,Repeat Customer
13628.0,310.14,1,106,310.14,1,0,0.0,310.14,Low Value,1.0,310.14,3721.68,High Value,Single Purchase
13629.0,13370.86,19,7722,703.7294736842106,19,642,21.4,13370.86,High Value,21.090670170827856,633.9703713395639,7607.644456074768,High Value,Repeat Customer
13630.0,2031.78,7,1391,290.2542857142857,7,280,9.33,2031.7799999999997,High Value,9.198423127463863,220.8835114285714,2650.602137142857,Medium Value,Repeat Customer
13631.0,3070.42,11,467,279.1290909090909,11,167,5.57,3070.42,High Value,5.486202365308804,559.6621844311378,6715.946213173654,High Value,Repeat Customer
13632.0,3645.81,8,1633,455.72625,8,586,19.53,3645.81,High Value,19.250985545335084,189.38303139931742,2272.5963767918092,Medium Value,Repeat Customer
13634.0,5033.77,16,2090,314.610625,16,664,22.13,5033.77,High Value,21.81340341655716,230.76499819277112,2769.1799783132533,Medium Value,Repeat Customer
13635.0,2999.16,4,1884,749.79,4,671,22.37,2999.16,High Value,22.043363994743757,136.0572733233979,1632.687279880775,Medium Value,Repeat Customer
13636.0,949.12,5,592,189.824,5,248,8.27,949.1200000000001,Medium Value,8.147174770039422,116.49682580645161,1397.9619096774193,Low Value,Repeat Customer
13637.0,804.3,3,405,268.09999999999997,3,174,5.8,804.3,Medium Value,5.716162943495401,140.70627586206896,1688.4753103448274,Medium Value,Repeat Customer
13638.0,122.64,1,93,122.64,1,0,0.0,122.64,Low Value,1.0,122.64,1471.68,Medium Value,Single Purchase
13639.0,1346.27,2,997,673.135,2,362,12.07,1346.27,Medium Value,11.892247043363994,113.20568729281769,1358.4682475138122,Low Value,Repeat Customer
13640.0,405.0,1,108,405.0,1,0,0.0,405.0,Low Value,1.0,405.0,4860.0,High Value,Single Purchase
13641.0,1016.47,5,1098,203.294,5,93,3.1,1016.47,Medium Value,3.055190538764783,332.7026537634409,3992.4318451612908,High Value,Repeat Customer
13642.0,472.2,4,231,118.05,4,217,7.23,472.2,Medium Value,7.128777923784494,66.23856221198157,794.8627465437789,Low Value,Repeat Customer
13643.0,2156.77,10,902,215.677,10,700,23.33,2156.77,High Value,22.996057818659658,93.788684,1125.464208,Low Value,Repeat Customer
13644.0,2624.26,4,2067,656.065,4,89,2.97,2624.26,High Value,2.923784494086728,897.5558921348315,10770.670705617978,High Value,Repeat Customer
13645.0,252.1,1,158,252.1,1,0,0.0,252.1,Low Value,1.0,252.1,3025.2,Medium Value,Single Purchase
13646.0,326.25,2,79,163.125,2,0,0.0,326.25,Low Value,1.0,326.25,3915.0,High Value,Repeat Customer
13647.0,3041.68,8,1795,380.21,8,593,19.77,3041.68,High Value,19.48094612352168,156.13615379426645,1873.6338455311975,Medium Value,Repeat Customer
13648.0,1764.02,8,960,220.5025,8,337,11.23,1764.02,High Value,11.070959264126149,159.33759287833828,1912.0511145400594,Medium Value,Repeat Customer
13649.0,1453.68,6,782,242.28,6,270,9.0,1453.68,Medium Value,8.869908015768726,163.88896,1966.66752,Medium Value,Repeat Customer
13650.0,3288.0,10,1746,328.8,10,666,22.2,3288.0,High Value,21.879106438896187,150.28036036036036,1803.3643243243243,Medium Value,Repeat Customer
13651.0,226.85,3,62,75.61666666666666,3,346,11.53,226.84999999999997,Low Value,11.366622864651774,19.957554913294796,239.49065895953754,Low Value,Repeat Customer
13652.0,2262.05,5,1458,452.41,5,606,20.2,2262.05,High Value,19.90801576872536,113.62508580858088,1363.5010297029705,Low Value,Repeat Customer
13653.0,152.2,1,72,152.2,1,0,0.0,152.2,Low Value,1.0,152.2,1826.3999999999999,Medium Value,Single Purchase
13654.0,6308.0,11,4762,573.4545454545455,11,694,23.13,6308.0,High Value,22.798948751642573,276.67942363112394,3320.1530835734875,Medium Value,Repeat Customer
13655.0,2280.51,6,1225,380.08500000000004,6,477,15.9,2280.51,High Value,15.670170827858081,145.5319169811321,1746.3830037735852,Medium Value,Repeat Customer
13656.0,1078.85,4,862,269.7125,4,430,14.33,1078.85,Medium Value,14.126149802890932,76.37254418604651,916.4705302325581,Low Value,Repeat Customer
13657.0,382.14,2,209,191.07,2,190,6.33,382.14,Low Value,6.241787122207621,61.22285052631579,734.6742063157894,Low Value,Repeat Customer
13658.0,6025.5,9,2171,669.5,9,662,22.07,6025.5,High Value,21.747700394218132,277.0637764350453,3324.7653172205437,Medium Value,Repeat Customer
13659.0,4884.68,12,2527,407.0566666666667,12,455,15.17,4884.68,High Value,14.947437582128778,326.7904597802198,3921.4855173626374,High Value,Repeat Customer
13660.0,306.64,1,136,306.64,1,0,0.0,306.64,Low Value,1.0,306.64,3679.68,High Value,Single Purchase
13661.0,325.24,1,118,325.24,1,0,0.0,325.24,Low Value,1.0,325.24,3902.88,High Value,Single Purchase
13662.0,2233.61,11,1169,203.05545454545455,11,572,19.07,2233.61,High Value,18.791064388961892,118.86553916083916,1426.38646993007,Low Value,Repeat Customer
13663.0,2047.51,5,893,409.502,5,467,15.57,2047.51,High Value,15.341655716162943,133.46082312633834,1601.52987751606,Medium Value,Repeat Customer
13665.0,1711.6599999999999,3,1652,570.5533333333333,3,117,3.9,1711.6599999999999,High Value,3.843626806833114,445.32419145299144,5343.890297435897,High Value,Repeat Customer
13666.0,127.89999999999999,5,54,25.58,5,675,22.5,127.89999999999999,Low Value,22.174770039421812,5.767816296296297,69.21379555555556,Low Value,Repeat Customer
13667.0,299.05,1,149,299.05,1,0,0.0,299.05,Low Value,1.0,299.05,3588.6000000000004,High Value,Single Purchase
13668.0,12948.48,35,6096,369.9565714285714,35,725,24.17,12948.48,High Value,23.817345597897503,543.657560275862,6523.890723310344,High Value,Repeat Customer
13669.0,413.55,3,393,137.85,3,356,11.87,413.54999999999995,Low Value,11.695137976346912,35.36084831460674,424.3301797752809,Low Value,Repeat Customer
13670.0,349.7,1,282,349.7,1,0,0.0,349.7,Low Value,1.0,349.7,4196.4,High Value,Single Purchase
13671.0,172.6,1,95,172.6,1,0,0.0,172.6,Low Value,1.0,172.6,2071.2,Medium Value,Single Purchase
13672.0,419.92,3,138,139.97333333333333,3,429,14.3,419.91999999999996,Low Value,14.09329829172142,29.795722144522145,357.54866573426574,Low Value,Repeat Customer
13673.0,387.44,2,114,193.72,2,13,0.43,387.44,Low Value,1.0,387.44,4649.28,High Value,Repeat Customer
13674.0,240.68,1,102,240.68,1,0,0.0,240.68,Low Value,1.0,240.68,2888.16,Medium Value,Single Purchase
13675.0,486.82000000000005,2,330,243.41000000000003,2,133,4.43,486.82000000000005,Medium Value,4.369250985545335,111.41955488721806,1337.0346586466167,Low Value,Repeat Customer
13676.0,243.9,2,104,121.95,2,80,2.67,243.9,Low Value,2.628120893561104,92.80395,1113.6474,Low Value,Repeat Customer
13677.0,551.24,2,217,275.62,2,115,3.83,551.24,Medium Value,3.7779237844940865,145.91083130434782,1750.9299756521739,Medium Value,Repeat Customer
13678.0,232.6,1,924,232.6,1,0,0.0,232.6,Low Value,1.0,232.6,2791.2,Medium Value,Single Purchase
13679.0,281.26,3,102,93.75333333333333,3,241,8.03,281.26,Low Value,7.917214191852825,35.52512199170125,426.301463900415,Low Value,Repeat Customer
13680.0,11419.67,12,5244,951.6391666666667,12,733,24.43,11419.67,High Value,24.080157687253614,474.2356818553888,5690.828182264666,High Value,Repeat Customer
13681.0,827.83,4,360,206.9575,4,137,4.57,827.83,Medium Value,4.50065703022339,183.93536642335766,2207.224397080292,Medium Value,Repeat Customer
13682.0,59.5,1,10,59.5,1,0,0.0,59.5,Low Value,1.0,59.5,714.0,Low Value,Single Purchase
13683.0,258.6,1,180,258.6,1,0,0.0,258.6,Low Value,1.0,258.6,3103.2000000000003,Medium Value,Single Purchase
13684.0,594.88,4,234,148.72,4,335,11.17,594.88,Medium Value,11.005256241787121,54.05417074626866,648.650048955224,Low Value,Repeat Customer
13685.0,3119.44,7,5056,445.63428571428574,7,57,1.9,3119.44,High Value,1.8725361366622864,1665.8904140350878,19990.684968421054,High Value,Repeat Customer
13686.0,409.04,3,378,136.34666666666666,3,218,7.27,409.03999999999996,Low Value,7.1616294349540075,57.11549357798166,685.38592293578,Low Value,Repeat Customer
13687.0,11880.84,1,87167,11880.84,1,0,0.0,11880.84,High Value,1.0,11880.84,142570.08000000002,High Value,Single Purchase
13688.0,375.5,1,130,375.5,1,0,0.0,375.5,Low Value,1.0,375.5,4506.0,High Value,Single Purchase
13689.0,1259.5,2,722,629.75,2,381,12.7,1259.5,Medium Value,12.516425755584756,100.6277690288714,1207.5332283464568,Low Value,Repeat Customer
13690.0,172.25,1,67,172.25,1,0,0.0,172.25,Low Value,1.0,172.25,2067.0,Medium Value,Single Purchase
13691.0,212.78,1,145,212.78,1,0,0.0,212.78,Low Value,1.0,212.78,2553.36,Medium Value,Single Purchase
13692.0,3114.4,5,2101,622.88,5,395,13.17,3114.4,High Value,12.976346911957949,240.00591392405067,2880.070967088608,Medium Value,Repeat Customer
13693.0,2011.82,9,880,223.53555555555556,9,358,11.93,2011.8200000000002,High Value,11.76084099868594,171.06089608938547,2052.7307530726257,Medium Value,Repeat Customer
13694.0,195640.69,143,188201,1368.1167132867133,143,731,24.37,195640.69,High Value,24.014454664914584,8146.788787414502,97761.46544897402,High Value,Repeat Customer
13695.0,2770.73,16,1791,173.170625,16,546,18.2,2770.73,High Value,17.936925098554532,154.4707347985348,1853.6488175824177,Medium Value,Repeat Customer
13696.0,2020.4,3,552,673.4666666666667,3,244,8.13,2020.4,High Value,8.015768725361367,252.05318032786886,3024.6381639344263,Medium Value,Repeat Customer
13697.0,151.29999999999998,1,177,151.29999999999998,1,0,0.0,151.29999999999998,Low Value,1.0,151.29999999999998,1815.6,Medium Value,Single Purchase
13698.0,451.73,2,227,225.865,2,85,2.83,451.73,Low Value,2.7923784494086727,161.77248470588236,1941.2698164705885,Medium Value,Repeat Customer
13699.0,764.15,2,219,382.075,2,395,13.17,764.15,Medium Value,12.976346911957949,58.887913924050636,706.6549670886077,Low Value,Repeat Customer
13700.0,2596.9700000000003,13,2786,199.7669230769231,13,644,21.47,2596.9700000000003,High Value,21.156373193166885,122.75119068322982,1473.0142881987579,Medium Value,Repeat Customer
13701.0,161.0,1,80,161.0,1,0,0.0,161.0,Low Value,1.0,161.0,1932.0,Medium Value,Single Purchase
13702.0,135.18,1,74,135.18,1,0,0.0,135.18,Low Value,1.0,135.18,1622.16,Medium Value,Single Purchase
13703.0,425.56,2,128,212.78,2,96,3.2,425.56,Low Value,3.1537450722733245,134.93798333333334,1619.2558,Medium Value,Repeat Customer
13704.0,2308.06,9,1531,256.4511111111111,9,83,2.77,2308.06,High Value,2.726675427069645,846.4740530120482,10157.68863614458,High Value,Repeat Customer
13705.0,1717.19,7,906,245.31285714285715,7,616,20.53,1717.19,High Value,20.2365308804205,84.85594740259741,1018.271368831169,Low Value,Repeat Customer
13706.0,631.17,2,301,315.585,2,324,10.8,631.17,Medium Value,10.64388961892247,59.29881111111111,711.5857333333333,Low Value,Repeat Customer
13707.0,3365.86,5,2210,673.172,5,269,8.97,3365.86,High Value,8.83705650459921,380.8802171003718,4570.562605204462,High Value,Repeat Customer
13708.0,285.33,1,301,285.33,1,0,0.0,285.33,Low Value,1.0,285.33,3423.96,High Value,Single Purchase
13709.0,7571.35,18,4122,420.6305555555556,18,693,23.1,7571.35,High Value,22.766097240473062,332.57127561327565,3990.8553073593075,High Value,Repeat Customer
13710.0,509.52,3,336,169.84,3,580,19.33,509.52,Medium Value,19.053876478318003,26.741015172413793,320.8921820689655,Low Value,Repeat Customer
13711.0,1792.26,9,819,199.14,9,505,16.83,1792.2599999999998,High Value,16.590013140604466,108.03246415841585,1296.3895699009902,Low Value,Repeat Customer
13712.0,766.42,2,1128,383.21,2,364,12.13,766.42,Medium Value,11.957950065703022,64.09292527472527,769.1151032967033,Low Value,Repeat Customer
13713.0,740.76,3,284,246.92,3,174,5.8,740.76,Medium Value,5.716162943495401,129.59042758620689,1555.0851310344826,Medium Value,Repeat Customer
13714.0,161.35,1,50,161.35,1,0,0.0,161.35,Low Value,1.0,161.35,1936.1999999999998,Medium Value,Single Purchase
13715.0,8153.04,17,4800,479.5905882352941,17,357,11.9,8153.04,High Value,11.727989487516425,695.1779764705883,8342.13571764706,High Value,Repeat Customer
13716.0,138.28,1,138,138.28,1,0,0.0,138.28,Low Value,1.0,138.28,1659.3600000000001,Medium Value,Single Purchase
13717.0,1763.3,8,2144,220.4125,8,453,15.1,1763.3,High Value,14.88173455978975,118.48753200883002,1421.85038410596,Low Value,Repeat Customer
13718.0,306.55,2,173,153.275,2,49,1.63,306.55,Low Value,1.609724047306176,190.4363673469388,2285.2364081632654,Medium Value,Repeat Customer
13719.0,2783.08,11,1588,253.00727272727272,11,556,18.53,2783.08,High Value,18.265440210249672,152.36862446043165,1828.4234935251798,Medium Value,Repeat Customer
13720.0,799.9,4,501,199.975,4,138,4.6,799.9,Medium Value,4.533508541392904,176.44171014492753,2117.30052173913,Medium Value,Repeat Customer
13721.0,741.54,2,512,370.77,2,358,11.93,741.54,Medium Value,11.76084099868594,63.05161340782123,756.6193608938547,Low Value,Repeat Customer
13722.0,5635.41,10,3059,563.5409999999999,10,514,17.13,5635.41,High Value,16.88567674113009,333.73906692607005,4004.8688031128404,High Value,Repeat Customer
13723.0,1194.08,6,593,199.01333333333332,6,394,13.13,1194.08,Medium Value,12.943495400788436,92.25328730964466,1107.039447715736,Low Value,Repeat Customer
13724.0,213.01,1,130,213.01,1,0,0.0,213.01,Low Value,1.0,213.01,2556.12,Medium Value,Single Purchase
13725.0,1980.56,8,806,247.57,8,258,8.6,1980.56,High Value,8.47568988173456,233.67537364341084,2804.10448372093,Medium Value,Repeat Customer
13726.0,1079.6599999999999,2,1054,539.8299999999999,2,61,2.03,1079.6599999999999,Medium Value,2.0039421813403417,538.7680393442622,6465.2164721311465,High Value,Repeat Customer
13727.0,1074.15,8,368,134.26875,8,701,23.37,1074.15,Medium Value,23.028909329829172,46.64354636233952,559.7225563480742,Low Value,Repeat Customer
13728.0,2855.17,16,1269,178.448125,16,693,23.1,2855.17,High Value,22.766097240473062,125.41323924963925,1504.958870995671,Medium Value,Repeat Customer
13729.0,724.73,3,419,241.57666666666668,3,248,8.27,724.73,Medium Value,8.147174770039422,88.9547629032258,1067.4571548387096,Low Value,Repeat Customer
13730.0,752.6,2,488,376.3,2,25,0.83,752.6,Medium Value,1.0,752.6,9031.2,High Value,Repeat Customer
13731.0,610.59,2,278,305.295,2,27,0.9,610.59,Medium Value,1.0,610.59,7327.08,High Value,Repeat Customer
13732.0,491.86,1,498,491.86,1,0,0.0,491.86,Medium Value,1.0,491.86,5902.32,High Value,Single Purchase
13733.0,487.03000000000003,2,335,243.51500000000001,2,324,10.8,487.03000000000003,Medium Value,10.64388961892247,45.75676913580247,549.0812296296297,Low Value,Repeat Customer
13734.0,6695.6900000000005,4,302,1673.9225000000001,4,94,3.13,6695.6900000000005,High Value,3.088042049934297,2168.2638680851064,26019.166417021275,High Value,Repeat Customer
13735.0,9762.77,13,4135,750.9823076923077,13,701,23.37,9762.77,High Value,23.028909329829172,423.935404850214,5087.224858202568,High Value,Repeat Customer
13736.0,2752.47,7,1549,393.21,7,728,24.27,2752.47,High Value,23.915900131406044,115.0895423076923,1381.0745076923076,Low Value,Repeat Customer
13737.0,339.59999999999997,1,125,339.59999999999997,1,0,0.0,339.59999999999997,Low Value,1.0,339.59999999999997,4075.2,High Value,Single Purchase
13738.0,434.78000000000003,1,237,434.78000000000003,1,0,0.0,434.78000000000003,Low Value,1.0,434.78000000000003,5217.360000000001,High Value,Single Purchase
13739.0,292.2,2,76,146.1,2,509,16.97,292.2,Low Value,16.72141918528252,17.47459332023576,209.69511984282911,Low Value,Repeat Customer
13740.0,1582.77,5,987,316.554,5,496,16.53,1582.77,Medium Value,16.294349540078844,97.13612661290323,1165.6335193548387,Low Value,Repeat Customer
13741.0,668.4300000000001,3,218,222.81000000000003,3,145,4.83,668.4300000000001,Medium Value,4.763469119579501,140.32420137931035,1683.8904165517242,Medium Value,Repeat Customer
13742.0,3107.87,12,1115,258.9891666666667,12,303,10.1,3107.87,High Value,9.95400788436268,312.2229795379538,3746.6757544554457,High Value,Repeat Customer
13743.0,1341.6,7,1776,191.65714285714284,7,256,8.53,1341.6,Medium Value,8.409986859395532,159.524625,1914.2954999999997,Medium Value,Repeat Customer
13744.0,1080.52,2,1153,540.26,2,197,6.57,1080.52,Medium Value,6.471747700394218,166.95953705583756,2003.5144446700506,Medium Value,Repeat Customer
13745.0,777.36,2,1146,388.68,2,383,12.77,777.36,Medium Value,12.582128777923783,61.782867885117504,741.3944146214101,Low Value,Repeat Customer
13746.0,176.69,1,83,176.69,1,0,0.0,176.69,Low Value,1.0,176.69,2120.2799999999997,Medium Value,Single Purchase
13747.0,169.79999999999998,2,60,84.89999999999999,2,51,1.7,169.79999999999998,Low Value,1.6754270696452036,101.34729411764705,1216.1675294117647,Low Value,Repeat Customer
13748.0,2064.35,9,1028,229.3722222222222,9,642,21.4,2064.35,High Value,21.090670170827856,97.87977258566978,1174.5572710280373,Low Value,Repeat Customer
13750.0,3602.1800000000003,11,1370,327.4709090909091,11,563,18.77,3602.1800000000003,High Value,18.495400788436267,194.76085115452932,2337.130213854352,Medium Value,Repeat Customer
13751.0,296.25,1,152,296.25,1,0,0.0,296.25,Low Value,1.0,296.25,3555.0,High Value,Single Purchase
13752.0,1579.8300000000002,7,1005,225.69000000000003,7,403,13.43,1579.8300000000002,Medium Value,13.23915900131406,119.33008734491317,1431.961048138958,Low Value,Repeat Customer
13753.0,2094.57,4,1450,523.6425,4,449,14.97,2094.57,High Value,14.750328515111695,142.00158307349668,1704.01899688196,Medium Value,Repeat Customer
13754.0,447.05,3,315,149.01666666666668,3,285,9.5,447.05000000000007,Low Value,9.362680683311432,47.748077192982464,572.9769263157896,Low Value,Repeat Customer
13755.0,2108.06,9,1242,234.2288888888889,9,59,1.97,2108.06,High Value,1.938239159001314,1087.616040677966,13051.392488135592,High Value,Repeat Customer
13756.0,8655.95,23,5138,376.3456521739131,23,722,24.07,8655.95,High Value,23.71879106438896,364.9406066481995,4379.287279778394,High Value,Repeat Customer
13757.0,195.55,1,54,195.55,1,0,0.0,195.55,Low Value,1.0,195.55,2346.6000000000004,Medium Value,Single Purchase
13758.0,8698.13,15,4667,579.8753333333333,15,727,24.23,8698.13,High Value,23.88304862023653,364.19680495185696,4370.361659422284,High Value,Repeat Customer
13759.0,659.4100000000001,2,287,329.70500000000004,2,37,1.23,659.4100000000001,Medium Value,1.2155059132720105,542.4983891891892,6509.98067027027,High Value,Repeat Customer
13760.0,1363.6399999999999,5,623,272.72799999999995,5,539,17.97,1363.6399999999999,Medium Value,17.706964520367936,77.01150575139145,924.1380690166975,Low Value,Repeat Customer
13761.0,1952.17,6,1079,325.3616666666667,6,606,20.2,1952.17,High Value,19.90801576872536,98.05949636963697,1176.7139564356437,Low Value,Repeat Customer
13762.0,2472.48,5,2608,494.496,5,479,15.97,2472.48,High Value,15.735873850197109,157.12378121085595,1885.4853745302714,Medium Value,Repeat Customer
13763.0,5217.4400000000005,3,3224,1739.1466666666668,3,371,12.37,5217.4400000000005,High Value,12.187910643889618,428.08321725067395,5136.998607008088,High Value,Repeat Customer
13764.0,2919.62,6,2084,486.6033333333333,6,571,19.03,2919.62,High Value,18.758212877792378,155.64489106830123,1867.7386928196147,Medium Value,Repeat Customer
13765.0,352.821,1,297,352.821,1,0,0.0,352.821,Low Value,1.0,352.821,4233.852000000001,High Value,Single Purchase
13766.0,190.35,1,137,190.35,1,0,0.0,190.35,Low Value,1.0,190.35,2284.2,Medium Value,Single Purchase
13767.0,33903.57,73,14595,464.43246575342465,73,736,24.53,33903.57,High Value,24.178712220762154,1402.207433152174,16826.489197826086,High Value,Repeat Customer
13768.0,875.97,2,373,437.985,2,4,0.13,875.97,Medium Value,1.0,875.97,10511.64,High Value,Repeat Customer
13769.0,5478.12,20,2452,273.906,20,721,24.03,5478.12,High Value,23.68593955321945,231.28151567267682,2775.3781880721217,Medium Value,Repeat Customer
13770.0,785.37,4,468,196.3425,4,308,10.27,785.37,Medium Value,10.11826544021025,77.61903506493506,931.4284207792207,Low Value,Repeat Customer
13771.0,5728.82,9,3140,636.5355555555556,9,588,19.6,5728.82,High Value,19.316688567674113,296.5736068027211,3558.883281632653,High Value,Repeat Customer
13772.0,3100.02,8,1446,387.5025,8,620,20.67,3100.02,High Value,20.367936925098554,152.20098193548387,1826.4117832258064,Medium Value,Repeat Customer
13773.0,301.54,2,174,150.77,2,263,8.77,301.54,Low Value,8.639947437582128,34.900675285171104,418.80810342205325,Low Value,Repeat Customer
13774.0,345.0,1,192,345.0,1,0,0.0,345.0,Low Value,1.0,345.0,4140.0,High Value,Single Purchase
13775.0,1049.66,1,455,1049.66,1,0,0.0,1049.66,Medium Value,1.0,1049.66,12595.920000000002,High Value,Single Purchase
13776.0,623.98,2,2,311.99,2,0,0.0,623.98,Medium Value,1.0,623.98,7487.76,High Value,Repeat Customer
13777.0,49638.26,61,23190,813.7419672131148,61,737,24.57,49638.26,High Value,24.21156373193167,2050.188106377205,24602.257276526456,High Value,Repeat Customer
13778.0,1124.49,4,511,281.1225,4,462,15.4,1124.49,Medium Value,15.177398160315374,74.08977402597404,889.0772883116884,Low Value,Repeat Customer
13779.0,161.13,1,53,161.13,1,0,0.0,161.13,Low Value,1.0,161.13,1933.56,Medium Value,Single Purchase
13780.0,732.07,3,479,244.02333333333334,3,399,13.3,732.07,Medium Value,13.107752956636006,55.85015238095238,670.2018285714286,Low Value,Repeat Customer
13781.0,778.83,3,300,259.61,3,470,15.67,778.83,Medium Value,15.440210249671484,50.44167063829788,605.3000476595746,Low Value,Repeat Customer
13782.0,1786.08,13,643,137.39076923076922,13,720,24.0,1786.08,High Value,23.653088042049934,75.51149333333333,906.13792,Low Value,Repeat Customer
13783.0,1542.09,4,3437,385.5225,4,185,6.17,1542.09,Medium Value,6.077529566360052,253.73632216216217,3044.835865945946,Medium Value,Repeat Customer
13784.0,2910.23,14,2827,207.87357142857144,14,440,14.67,2910.23,High Value,14.45466491458607,201.33500272727275,2416.0200327272732,Medium Value,Repeat Customer
13785.0,542.49,4,151,135.6225,4,31,1.03,542.49,Medium Value,1.0183968462549278,532.6901806451613,6392.282167741935,High Value,Repeat Customer
13786.0,3127.99,6,1515,521.3316666666666,6,368,12.27,3127.99,High Value,12.089356110381077,258.73917282608693,3104.870073913043,Medium Value,Repeat Customer
13787.0,1222.5,6,998,203.75,6,619,20.63,1222.5,Medium Value,20.33508541392904,60.11777059773829,721.4132471728595,Low Value,Repeat Customer
13788.0,3.75,1,1,3.75,1,0,0.0,3.75,Low Value,1.0,3.75,45.0,Low Value,Single Purchase
13789.0,239.45999999999998,1,258,239.45999999999998,1,0,0.0,239.45999999999998,Low Value,1.0,239.45999999999998,2873.5199999999995,Medium Value,Single Purchase
13790.0,348.8,1,748,348.8,1,0,0.0,348.8,Low Value,1.0,348.8,4185.6,High Value,Single Purchase
13791.0,1516.0,2,1200,758.0,2,40,1.33,1516.0,Medium Value,1.314060446780552,1153.676,13844.112,High Value,Repeat Customer
13792.0,383.95,3,156,127.98333333333333,3,356,11.87,383.95,Low Value,11.695137976346912,32.82988202247191,393.9585842696629,Low Value,Repeat Customer
13793.0,96.0,1,52,96.0,1,0,0.0,96.0,Low Value,1.0,96.0,1152.0,Low Value,Single Purchase
13794.0,126.03,1,63,126.03,1,0,0.0,126.03,Low Value,1.0,126.03,1512.3600000000001,Medium Value,Single Purchase
13795.0,836.3,4,1250,209.075,4,249,8.3,836.3,Medium Value,8.180026281208935,102.23683534136546,1226.8420240963856,Low Value,Repeat Customer
13796.0,289.7,1,218,289.7,1,0,0.0,289.7,Low Value,1.0,289.7,3476.3999999999996,High Value,Single Purchase
13797.0,1179.45,3,573,393.15000000000003,3,210,7.0,1179.45,Medium Value,6.898817345597897,170.96408571428572,2051.5690285714286,Medium Value,Repeat Customer
13798.0,75428.87,110,48187,685.717,110,729,24.3,75428.87,High Value,23.94875164257556,3149.5950655692727,37795.140786831274,High Value,Repeat Customer
13799.0,2803.57,9,1539,311.5077777777778,9,527,17.57,2803.57,High Value,17.31274638633377,161.9367567362429,1943.2410808349148,Medium Value,Repeat Customer
13800.0,1679.56,3,891,559.8533333333334,3,427,14.23,1679.56,High Value,14.027595269382392,119.73256768149882,1436.7908121779858,Low Value,Repeat Customer
13801.0,324.8,1,168,324.8,1,0,0.0,324.8,Low Value,1.0,324.8,3897.6000000000004,High Value,Single Purchase
13802.0,26259.11,19,14129,1382.0584210526315,19,523,17.43,26259.109999999997,High Value,17.181340341655716,1528.3504940726577,18340.205928871892,High Value,Repeat Customer
13803.0,1338.91,3,831,446.30333333333334,3,363,12.1,1338.91,Medium Value,11.925098554533507,112.27664022038569,1347.3196826446283,Low Value,Repeat Customer
13804.0,3161.12,9,1797,351.23555555555555,9,406,13.53,3161.12,High Value,13.337713534822601,237.00613990147784,2844.073678817734,Medium Value,Repeat Customer
13805.0,924.6,2,1900,462.3,2,76,2.53,924.6,Medium Value,2.4967148488830486,370.3266315789474,4443.919578947369,High Value,Repeat Customer
13806.0,256.38,1,56,256.38,1,0,0.0,256.38,Low Value,1.0,256.38,3076.56,Medium Value,Single Purchase
13807.0,422.2,3,116,140.73333333333332,3,368,12.27,422.19999999999993,Low Value,12.089356110381077,34.92328260869565,419.07939130434784,Low Value,Repeat Customer
13808.0,1747.66,5,782,349.53200000000004,5,91,3.03,1747.6600000000003,High Value,2.9894875164257555,584.6018725274726,7015.222470329671,High Value,Repeat Customer
13809.0,679.7,3,281,226.5666666666667,3,155,5.17,679.7,Medium Value,5.091984231274639,133.48430967741936,1601.8117161290324,Medium Value,Repeat Customer
13810.0,1499.01,3,312,499.67,3,27,0.9,1499.01,Medium Value,1.0,1499.01,17988.12,High Value,Repeat Customer
13811.0,814.5,3,68,271.5,3,55,1.83,814.5,Medium Value,1.8068331143232588,450.7887272727273,5409.464727272727,High Value,Repeat Customer
13812.0,539.0,3,333,179.66666666666666,3,63,2.1,539.0,Medium Value,2.0696452036793693,260.4311111111111,3125.173333333333,Medium Value,Repeat Customer
13813.0,2765.47,8,1292,345.68375,8,694,23.13,2765.47,High Value,22.798948751642573,121.29813659942363,1455.5776391930835,Medium Value,Repeat Customer
13814.0,2257.32,3,1214,752.44,3,434,14.47,2257.32,High Value,14.257555847568987,158.32447188940094,1899.8936626728114,Medium Value,Repeat Customer
13815.0,7475.74,8,5381,934.4675,8,643,21.43,7475.74,High Value,21.12352168199737,353.9059496111975,4246.87139533437,High Value,Repeat Customer
13816.0,571.6700000000001,2,269,285.83500000000004,2,40,1.33,571.6700000000001,Medium Value,1.314060446780552,435.04087000000004,5220.4904400000005,High Value,Repeat Customer
13817.0,382.98,2,211,191.49,2,322,10.73,382.98,Low Value,10.578186596583443,36.20469316770186,434.45631801242234,Low Value,Repeat Customer
13818.0,61.28,1,60,61.28,1,0,0.0,61.28,Low Value,1.0,61.28,735.36,Low Value,Single Purchase
13819.0,2642.35,6,2309,440.39166666666665,6,436,14.53,2642.35,High Value,14.323258869908015,184.4796651376147,2213.7559816513763,Medium Value,Repeat Customer
13820.0,652.75,3,285,217.58333333333334,3,262,8.73,652.75,Medium Value,8.607095926412615,75.83858778625954,910.0630534351144,Low Value,Repeat Customer
13821.0,1379.08,6,477,229.84666666666666,6,559,18.63,1379.08,Medium Value,18.363994743758212,75.09695026833631,901.1634032200358,Low Value,Repeat Customer
13822.0,632.0,2,611,316.0,2,34,1.13,632.0,Medium Value,1.1169513797634691,565.8258823529412,6789.910588235294,High Value,Repeat Customer
13823.0,3403.4500000000003,7,1564,486.2071428571429,7,705,23.5,3403.4500000000003,High Value,23.160315374507228,146.9517985815603,1763.4215829787236,Medium Value,Repeat Customer
13824.0,3314.76,12,1442,276.23,12,604,20.13,3314.76,High Value,19.842312746386334,167.05512317880795,2004.6614781456954,Medium Value,Repeat Customer
13825.0,255.59,2,182,127.795,2,108,3.6,255.59,Low Value,3.54796320630749,72.03851481481482,864.4621777777778,Low Value,Repeat Customer
13826.0,189.5,1,82,189.5,1,0,0.0,189.5,Low Value,1.0,189.5,2274.0,Medium Value,Single Purchase
13827.0,409.8,3,138,136.6,3,85,2.83,409.79999999999995,Low Value,2.7923784494086727,146.7566117647059,1761.0793411764707,Medium Value,Repeat Customer
13828.0,209.49,1,311,209.49,1,0,0.0,209.49,Low Value,1.0,209.49,2513.88,Medium Value,Single Purchase
13829.0,102.0,1,12,102.0,1,0,0.0,102.0,Low Value,1.0,102.0,1224.0,Low Value,Single Purchase
13830.0,156.85000000000002,1,47,156.85000000000002,1,0,0.0,156.85000000000002,Low Value,1.0,156.85000000000002,1882.2000000000003,Medium Value,Single Purchase
13831.0,6585.54,18,2393,365.86333333333334,18,713,23.77,6585.54,High Value,23.423127463863338,281.15545245441797,3373.8654294530156,Medium Value,Repeat Customer
13832.0,609.89,2,420,304.945,2,403,13.43,609.89,Medium Value,13.23915900131406,46.067125558312654,552.8055066997518,Low Value,Repeat Customer
13833.0,700.41,2,243,350.205,2,244,8.13,700.41,Medium Value,8.015768725361367,87.37901803278687,1048.5482163934425,Low Value,Repeat Customer
13834.0,324.19,2,221,162.095,2,92,3.07,324.19,Low Value,3.0223390275952693,107.2646043478261,1287.1752521739131,Low Value,Repeat Customer
13835.0,1095.27,7,520,156.46714285714285,7,620,20.67,1095.27,Medium Value,20.367936925098554,53.77422387096774,645.2906864516128,Low Value,Repeat Customer
13836.0,620.37,2,273,310.185,2,15,0.5,620.37,Medium Value,1.0,620.37,7444.4400000000005,High Value,Repeat Customer
13837.0,266.59000000000003,2,182,133.29500000000002,2,105,3.5,266.59000000000003,Low Value,3.4494086727989486,77.28571047619049,927.4285257142858,Low Value,Repeat Customer
13838.0,1690.07,10,694,169.007,10,573,19.1,1690.0700000000002,High Value,18.823915900131404,89.78312530541012,1077.3975036649215,Low Value,Repeat Customer
13839.0,139.95000000000002,1,25,139.95000000000002,1,0,0.0,139.95000000000002,Low Value,1.0,139.95000000000002,1679.4,Medium Value,Single Purchase
13840.0,651.4,1,358,651.4,1,0,0.0,651.4,Medium Value,1.0,651.4,7816.799999999999,High Value,Single Purchase
13841.0,85.0,1,100,85.0,1,0,0.0,85.0,Low Value,1.0,85.0,1020.0,Low Value,Single Purchase
13842.0,5319.34,18,2716,295.5188888888889,18,602,20.07,5319.34,High Value,19.776609724047304,268.9712784053157,3227.6553408637883,Medium Value,Repeat Customer
13843.0,319.75,1,145,319.75,1,0,0.0,319.75,Low Value,1.0,319.75,3837.0,High Value,Single Purchase
13844.0,361.62,1,196,361.62,1,0,0.0,361.62,Low Value,1.0,361.62,4339.4400000000005,High Value,Single Purchase
13845.0,312.98,1,182,312.98,1,0,0.0,312.98,Low Value,1.0,312.98,3755.76,High Value,Single Purchase
13846.0,1307.79,4,705,326.9475,4,375,12.5,1307.79,Medium Value,12.319316688567673,106.15767360000001,1273.8920832000001,Low Value,Repeat Customer
13847.0,310.72,1,96,310.72,1,0,0.0,310.72,Low Value,1.0,310.72,3728.6400000000003,High Value,Single Purchase
13848.0,3015.0,8,9200,376.875,8,637,21.23,3015.0,High Value,20.92641261498029,144.07629513343798,1728.9155416012559,Medium Value,Repeat Customer
13849.0,3469.3,5,1883,693.86,5,572,19.07,3469.3,High Value,18.791064388961892,184.62498601398602,2215.499832167832,Medium Value,Repeat Customer
13850.0,1595.48,1,944,1595.48,1,0,0.0,1595.48,High Value,1.0,1595.48,19145.760000000002,High Value,Single Purchase
13851.0,4606.46,8,2525,575.8075,8,584,19.47,4606.46,High Value,19.185282522996058,240.1038397260274,2881.2460767123284,Medium Value,Repeat Customer
13852.0,187.35000000000002,1,85,187.35000000000002,1,0,0.0,187.35000000000002,Low Value,1.0,187.35000000000002,2248.2000000000003,Medium Value,Single Purchase
13853.0,1090.14,1,312,1090.14,1,0,0.0,1090.14,Medium Value,1.0,1090.14,13081.68,High Value,Single Purchase
13854.0,11944.56,39,3642,306.2707692307692,39,691,23.03,11944.559999999998,High Value,22.700394218134033,526.182932561505,6314.195190738061,High Value,Repeat Customer
13855.0,1310.3400000000001,4,575,327.58500000000004,4,230,7.67,1310.3400000000001,Medium Value,7.555847568988173,173.42065043478263,2081.0478052173917,Medium Value,Repeat Customer
13856.0,1142.03,11,1105,103.82090909090908,11,450,15.0,1142.03,Medium Value,14.783180026281208,77.25198488888888,927.0238186666666,Low Value,Repeat Customer
13857.0,1001.01,6,782,166.835,6,177,5.9,1001.01,Medium Value,5.814717477003942,172.15109830508476,2065.813179661017,Medium Value,Repeat Customer
13858.0,216.17,1,75,216.17,1,0,0.0,216.17,Low Value,1.0,216.17,2594.04,Medium Value,Single Purchase
13859.0,515.86,2,167,257.93,2,203,6.77,515.86,Medium Value,6.668856767411301,77.3535881773399,928.2430581280788,Low Value,Repeat Customer
13860.0,1245.9,5,591,249.18,5,85,2.83,1245.9,Medium Value,2.7923784494086727,446.1787764705883,5354.1453176470595,High Value,Repeat Customer
13861.0,273.26,2,225,136.63,2,101,3.37,273.26,Low Value,3.3180026281208934,82.35677623762376,988.2813148514851,Low Value,Repeat Customer
13862.0,2556.09,9,1927,284.01,9,371,12.37,2556.09,High Value,12.187910643889618,209.72339514824802,2516.680741778976,Medium Value,Repeat Customer
13863.0,1239.55,4,553,309.8875,4,345,11.5,1239.55,Medium Value,11.333771353482259,109.36783188405798,1312.4139826086957,Low Value,Repeat Customer
13864.0,662.4000000000001,1,192,662.4000000000001,1,0,0.0,662.4000000000001,Medium Value,1.0,662.4000000000001,7948.800000000001,High Value,Single Purchase
13865.0,501.56,4,204,125.39,4,231,7.7,501.56,Medium Value,7.588699080157687,66.09301471861473,793.1161766233768,Low Value,Repeat Customer
13866.0,145.67000000000002,1,57,145.67000000000002,1,0,0.0,145.67000000000002,Low Value,1.0,145.67000000000002,1748.0400000000002,Medium Value,Single Purchase
13867.0,1005.09,3,501,335.03000000000003,3,186,6.2,1005.0900000000001,Medium Value,6.110381077529566,164.48892258064518,1973.8670709677422,Medium Value,Repeat Customer
13868.0,3192.54,2,1964,1596.27,2,31,1.03,3192.54,High Value,1.0183968462549278,3134.8683096774193,37618.419716129036,High Value,Repeat Customer
13869.0,7996.87,10,4302,799.687,10,567,18.9,7996.87,High Value,18.626806833114323,429.3204987654321,5151.845985185185,High Value,Repeat Customer
13870.0,5712.08,15,3449,380.80533333333335,15,667,22.23,5712.08,High Value,21.911957950065702,260.6832311844078,3128.198774212894,Medium Value,Repeat Customer
13871.0,7885.85,17,3502,463.8735294117647,17,696,23.2,7885.85,High Value,22.864651773981603,344.8926350574713,4138.711620689655,High Value,Repeat Customer
13872.0,919.57,3,339,306.52333333333337,3,198,6.6,919.5700000000002,Medium Value,6.504599211563732,141.3722767676768,1696.4673212121215,Medium Value,Repeat Customer
13873.0,1038.92,8,472,129.865,8,526,17.53,1038.92,Medium Value,17.279894875164256,60.12305095057035,721.4766114068442,Low Value,Repeat Customer
13874.0,2049.15,7,864,292.7357142857143,7,314,10.47,2049.15,High Value,10.315374507227332,198.6500828025478,2383.8009936305734,Medium Value,Repeat Customer
13875.0,4814.37,14,3072,343.88357142857143,14,668,22.27,4814.37,High Value,21.944809461235216,219.3853634730539,2632.624361676647,Medium Value,Repeat Customer
13876.0,122.7,1,36,122.7,1,0,0.0,122.7,Low Value,1.0,122.7,1472.4,Medium Value,Single Purchase
13877.0,449.68,3,478,149.89333333333335,3,603,20.1,449.68000000000006,Low Value,19.80946123521682,22.700264013267,272.403168159204,Low Value,Repeat Customer
13878.0,2416.9,4,927,604.225,4,549,18.3,2416.9,High Value,18.035479632063073,134.0080801457195,1608.096961748634,Medium Value,Repeat Customer
13879.0,395.5,1,204,395.5,1,0,0.0,395.5,Low Value,1.0,395.5,4746.0,High Value,Single Purchase
13880.0,4293.86,17,2535,252.57999999999998,17,540,18.0,4293.86,High Value,17.73981603153745,242.04647851851848,2904.557742222222,Medium Value,Repeat Customer
13881.0,45179.1,43,29760,1050.6767441860466,43,641,21.37,45179.100000000006,High Value,21.057818659658345,2145.4786333853353,25745.743600624024,High Value,Repeat Customer
13882.0,1191.13,5,953,238.22600000000003,5,61,2.03,1191.13,Medium Value,2.0039421813403417,594.3933967213115,7132.720760655739,High Value,Repeat Customer
13883.0,6560.02,15,3584,437.3346666666667,15,720,24.0,6560.02,High Value,23.653088042049934,277.3430677777778,3328.116813333333,Medium Value,Repeat Customer
13884.0,1825.03,10,752,182.503,10,462,15.4,1825.0299999999997,High Value,15.177398160315374,120.24656536796537,1442.9587844155844,Low Value,Repeat Customer
13885.0,506.8,2,182,253.4,2,11,0.37,506.8,Medium Value,1.0,506.8,6081.6,High Value,Repeat Customer
13886.0,243.56,1,126,243.56,1,0,0.0,243.56,Low Value,1.0,243.56,2922.7200000000003,Medium Value,Single Purchase
13887.0,349.55,1,147,349.55,1,0,0.0,349.55,Low Value,1.0,349.55,4194.6,High Value,Single Purchase
13888.0,2001.59,7,795,285.94142857142856,7,455,15.17,2001.59,High Value,14.947437582128778,133.90857054945053,1606.9028465934064,Medium Value,Repeat Customer
13889.0,1991.23,6,979,331.87166666666667,6,593,19.77,1991.23,High Value,19.48094612352168,102.21423473861722,1226.5708168634067,Low Value,Repeat Customer
13890.0,2927.38,14,1392,209.09857142857143,14,732,24.4,2927.38,High Value,24.0473061760841,121.7342174863388,1460.8106098360656,Medium Value,Repeat Customer
13891.0,859.21,3,476,286.40333333333336,3,203,6.77,859.21,Medium Value,6.668856767411301,128.83917438423646,1546.0700926108375,Medium Value,Repeat Customer
13892.0,1267.6499999999999,6,3125,211.27499999999998,6,549,18.3,1267.6499999999999,Medium Value,18.035479632063073,70.28645901639345,843.4375081967214,Low Value,Repeat Customer
13893.0,821.1,1,190,821.1,1,0,0.0,821.1,Medium Value,1.0,821.1,9853.2,High Value,Single Purchase
13894.0,564.62,3,354,188.20666666666668,3,286,9.53,564.62,Medium Value,9.395532194480946,60.09452027972028,721.1342433566433,Low Value,Repeat Customer
13895.0,4008.52,6,2060,668.0866666666667,6,708,23.6,4008.5200000000004,High Value,23.258869908015768,172.34371299435028,2068.1245559322033,Medium Value,Repeat Customer
13896.0,388.55,1,149,388.55,1,0,0.0,388.55,Low Value,1.0,388.55,4662.6,High Value,Single Purchase
13897.0,1160.72,3,820,386.9066666666667,3,627,20.9,1160.72,Medium Value,20.59789750328515,56.35138245614036,676.2165894736843,Low Value,Repeat Customer
13898.0,686.4,2,544,343.2,2,85,2.83,686.4,Medium Value,2.7923784494086727,245.81195294117646,2949.7434352941173,Medium Value,Repeat Customer
13899.0,388.52,2,156,194.26,2,258,8.6,388.52,Low Value,8.47568988173456,45.839336434108525,550.0720372093023,Low Value,Repeat Customer
13900.0,1610.59,6,938,268.4316666666667,6,441,14.7,1610.5900000000001,High Value,14.487516425755585,111.17088344671201,1334.050601360544,Low Value,Repeat Customer
13901.0,5676.34,15,3344,378.42266666666666,15,631,21.03,5676.34,High Value,20.729303547963205,273.83167923930273,3285.9801508716328,Medium Value,Repeat Customer
13902.0,34095.26,5,220600,6819.052000000001,5,92,3.07,34095.26,High Value,3.0223390275952693,11281.083852173913,135373.00622608696,High Value,Repeat Customer
13903.0,165.45000000000002,1,103,165.45000000000002,1,0,0.0,165.45000000000002,Low Value,1.0,165.45000000000002,1985.4,Medium Value,Single Purchase
13904.0,332.64,2,332,166.32,2,257,8.57,332.64,Low Value,8.442838370565045,39.39907237354086,472.78886848249033,Low Value,Repeat Customer
13905.0,312.65,1,135,312.65,1,0,0.0,312.65,Low Value,1.0,312.65,3751.7999999999997,High Value,Single Purchase
13906.0,42.0,1,100,42.0,1,0,0.0,42.0,Low Value,1.0,42.0,504.0,Low Value,Single Purchase
13907.0,136.8,1,68,136.8,1,0,0.0,136.8,Low Value,1.0,136.8,1641.6000000000001,Medium Value,Single Purchase
13908.0,2369.55,4,1478,592.3875,4,196,6.53,2369.55,High Value,6.438896189224704,368.00562244897964,4416.067469387755,High Value,Repeat Customer
13909.0,282.85,2,301,141.425,2,98,3.27,282.85,Low Value,3.219448094612352,87.85667346938777,1054.2800816326533,Low Value,Repeat Customer
13911.0,4234.99,20,4487,211.74949999999998,20,590,19.67,4234.99,High Value,19.38239159001314,218.49677220338984,2621.961266440678,Medium Value,Repeat Customer
13912.0,124.95,1,29,124.95,1,0,0.0,124.95,Low Value,1.0,124.95,1499.4,Medium Value,Single Purchase
13913.0,42.22,1,10,42.22,1,0,0.0,42.22,Low Value,1.0,42.22,506.64,Low Value,Single Purchase
13914.0,626.45,2,380,313.225,2,24,0.8,626.45,Medium Value,1.0,626.45,7517.400000000001,High Value,Repeat Customer
13915.0,70.80000000000001,1,24,70.80000000000001,1,0,0.0,70.80000000000001,Low Value,1.0,70.80000000000001,849.6000000000001,Low Value,Single Purchase
13916.0,1275.81,4,673,318.9525,4,211,7.03,1275.81,Medium Value,6.931668856767411,184.05524360189574,2208.6629232227488,Medium Value,Repeat Customer
13917.0,272.04,2,228,136.02,2,141,4.7,272.04,Low Value,4.6320630749014455,58.72977021276596,704.7572425531915,Low Value,Repeat Customer
13918.0,1212.8400000000001,2,1140,606.4200000000001,2,203,6.77,1212.8400000000001,Medium Value,6.668856767411301,181.86625418719214,2182.395050246306,Medium Value,Repeat Customer
13919.0,1360.68,4,1133,340.17,4,481,16.03,1360.68,Medium Value,15.801576872536137,86.11039334719335,1033.3247201663203,Low Value,Repeat Customer
13920.0,1774.68,4,1772,443.67,4,130,4.33,1774.68,High Value,4.270696452036794,415.5481476923077,4986.577772307692,High Value,Repeat Customer
13921.0,730.7,4,210,182.675,4,319,10.63,730.7,Medium Value,10.4796320630749,69.72573040752353,836.7087648902823,Low Value,Repeat Customer
13922.0,865.2,3,467,288.40000000000003,3,115,3.83,865.2,Medium Value,3.7779237844940865,229.0146782608696,2748.1761391304353,Medium Value,Repeat Customer
13923.0,351.13,1,185,351.13,1,0,0.0,351.13,Low Value,1.0,351.13,4213.5599999999995,High Value,Single Purchase
13924.0,1838.8500000000001,6,1575,306.475,6,70,2.33,1838.8500000000001,High Value,2.299605781865966,799.6370571428572,9595.644685714287,High Value,Repeat Customer
13925.0,678.25,4,331,169.5625,4,42,1.4,678.25,Medium Value,1.3797634691195795,491.5697619047619,5898.837142857143,High Value,Repeat Customer
13926.0,223.85000000000002,1,104,223.85000000000002,1,0,0.0,223.85000000000002,Low Value,1.0,223.85000000000002,2686.2000000000003,Medium Value,Single Purchase
13927.0,708.26,2,463,354.13,2,362,12.07,708.26,Medium Value,11.892247043363994,59.55644861878453,714.6773834254143,Low Value,Repeat Customer
13928.0,464.57,4,129,116.1425,4,122,4.07,464.57,Medium Value,4.0078843626806835,115.91402295081967,1390.968275409836,Low Value,Repeat Customer
13929.0,3494.1,11,1566,317.6454545454545,11,525,17.5,3494.1,High Value,17.24704336399474,202.59124571428575,2431.094948571429,Medium Value,Repeat Customer
13930.0,337.34,2,274,168.67,2,78,2.6,337.34,Low Value,2.562417871222076,131.64909743589743,1579.7891692307692,Medium Value,Repeat Customer
13931.0,5257.38,11,3488,477.94363636363636,11,640,21.33,5257.38,High Value,21.02496714848883,250.05413625,3000.6496349999998,Medium Value,Repeat Customer
13932.0,307.4,1,72,307.4,1,0,0.0,307.4,Low Value,1.0,307.4,3688.7999999999997,High Value,Single Purchase
13933.0,608.7900000000001,2,205,304.39500000000004,2,39,1.3,608.7900000000001,Medium Value,1.281208935611038,475.1684000000001,5702.020800000001,High Value,Repeat Customer
13934.0,922.1,1,390,922.1,1,0,0.0,922.1,Medium Value,1.0,922.1,11065.2,High Value,Single Purchase
13935.0,6116.92,3,2252,2038.9733333333334,3,55,1.83,6116.92,High Value,1.8068331143232588,3385.4371781818186,40625.24613818182,High Value,Repeat Customer
13936.0,939.66,3,661,313.21999999999997,3,234,7.8,939.6599999999999,Medium Value,7.687253613666228,122.23611282051283,1466.8333538461538,Medium Value,Repeat Customer
13937.0,880.13,2,587,440.065,2,233,7.77,880.13,Medium Value,7.654402102496714,114.98350729613735,1379.802087553648,Low Value,Repeat Customer
13938.0,71.66,1,70,71.66,1,0,0.0,71.66,Low Value,1.0,71.66,859.92,Low Value,Single Purchase
13939.0,1560.96,7,1608,222.99428571428572,7,589,19.63,1560.96,Medium Value,19.349540078843624,80.67168488964347,968.0602186757217,Low Value,Repeat Customer
13940.0,839.14,4,516,209.785,4,126,4.2,839.14,Medium Value,4.139290407358739,202.72556825396825,2432.706819047619,Medium Value,Repeat Customer
13941.0,10027.18,15,4782,668.4786666666666,15,701,23.37,10027.18,High Value,23.028909329829172,435.4170601997147,5225.004722396576,High Value,Repeat Customer
13942.0,320.0,1,1000,320.0,1,0,0.0,320.0,Low Value,1.0,320.0,3840.0,High Value,Single Purchase
13943.0,246.54,1,94,246.54,1,0,0.0,246.54,Low Value,1.0,246.54,2958.48,Medium Value,Single Purchase
13944.0,200.43,1,153,200.43,1,0,0.0,200.43,Low Value,1.0,200.43,2405.16,Medium Value,Single Purchase
13945.0,854.15,2,413,427.075,2,85,2.83,854.15,Medium Value,2.7923784494086727,305.8861882352941,3670.6342588235293,High Value,Repeat Customer
13946.0,1876.23,6,2847,312.705,6,656,21.87,1876.23,High Value,21.55059132720105,87.06164817073171,1044.7397780487806,Low Value,Repeat Customer
13947.0,90.6,1,44,90.6,1,0,0.0,90.6,Low Value,1.0,90.6,1087.1999999999998,Low Value,Single Purchase
13948.0,548.76,4,248,137.19,4,374,12.47,548.76,Medium Value,12.28646517739816,44.66378181818182,535.9653818181819,Low Value,Repeat Customer
13949.0,2427.32,6,2474,404.55333333333334,6,91,3.03,2427.32,High Value,2.9894875164257555,811.951876923077,9743.422523076923,High Value,Repeat Customer
13950.0,745.06,4,323,186.265,4,235,7.83,745.06,Medium Value,7.720105124835742,96.5090485106383,1158.1085821276595,Low Value,Repeat Customer
13951.0,674.45,3,459,224.8166666666667,3,118,3.93,674.45,Medium Value,3.876478318002628,173.9852372881356,2087.822847457627,Medium Value,Repeat Customer
13952.0,12823.521,14,5947,915.9657857142857,14,505,16.83,12823.521,High Value,16.590013140604466,772.9662955247526,9275.59554629703,High Value,Repeat Customer
13953.0,6640.68,12,5224,553.39,12,721,24.03,6640.68,High Value,23.68593955321945,280.3637991678225,3364.36559001387,Medium Value,Repeat Customer
13954.0,439.92,2,150,219.96,2,69,2.3,439.92,Low Value,2.266754270696452,194.07485217391306,2328.8982260869566,Medium Value,Repeat Customer
13955.0,544.0699999999999,3,272,181.35666666666665,3,220,7.33,544.0699999999999,Medium Value,7.227332457293035,75.27950363636363,903.3540436363635,Low Value,Repeat Customer
13956.0,1019.27,5,486,203.85399999999998,5,266,8.87,1019.27,Medium Value,8.73850197109067,116.64127368421052,1399.695284210526,Low Value,Repeat Customer
13957.0,458.25,3,157,152.75,3,240,8.0,458.25,Low Value,7.884362680683311,58.121375,697.4565,Low Value,Repeat Customer
13958.0,4709.2300000000005,8,2264,588.6537500000001,8,354,11.8,4709.2300000000005,High Value,11.629434954007884,404.940568361582,4859.286820338984,High Value,Repeat Customer
13959.0,1064.77,6,694,177.46166666666667,6,431,14.37,1064.77,Medium Value,14.159001314060447,75.20092529002319,902.4111034802784,Low Value,Repeat Customer
13960.0,230.22,2,142,115.11,2,50,1.67,230.22,Low Value,1.6425755584756898,140.157936,1681.895232,Medium Value,Repeat Customer
13961.0,538.4,1,226,538.4,1,0,0.0,538.4,Medium Value,1.0,538.4,6460.799999999999,High Value,Single Purchase
13962.0,362.8,3,160,120.93333333333334,3,413,13.77,362.8,Low Value,13.567674113009199,26.740029055690073,320.8803486682809,Low Value,Repeat Customer
13963.0,2860.57,17,2007,168.26882352941178,17,288,9.6,2860.57,High Value,9.461235216819974,302.34635694444444,3628.1562833333332,High Value,Repeat Customer
13964.0,438.9,2,228,219.45,2,43,1.43,438.9,Low Value,1.4126149802890933,310.70037209302325,3728.404465116279,High Value,Repeat Customer
13965.0,996.61,3,425,332.2033333333333,3,226,7.53,996.6099999999999,Medium Value,7.424441524310118,134.23366548672567,1610.803985840708,Medium Value,Repeat Customer
13966.0,384.26,1,760,384.26,1,0,0.0,384.26,Low Value,1.0,384.26,4611.12,High Value,Single Purchase
13967.0,166.3,2,66,83.15,2,250,8.33,166.3,Low Value,8.21287779237845,20.248688,242.98425600000002,Low Value,Repeat Customer
13968.0,123.66,1,174,123.66,1,0,0.0,123.66,Low Value,1.0,123.66,1483.92,Medium Value,Single Purchase
13969.0,12973.460000000001,35,6640,370.67028571428574,35,617,20.57,12973.460000000001,High Value,20.269382391590014,640.0520622366289,7680.624746839547,High Value,Repeat Customer
13970.0,846.55,2,469,423.275,2,51,1.7,846.55,Medium Value,1.6754270696452036,505.2741568627451,6063.289882352941,High Value,Repeat Customer
13971.0,4667.57,14,3084,333.3978571428571,14,664,22.13,4667.57,High Value,21.81340341655716,213.9771548192771,2567.7258578313254,Medium Value,Repeat Customer
13972.0,190.25,2,187,95.125,2,131,4.37,190.25,Low Value,4.303547963206308,44.20770992366412,530.4925190839695,Low Value,Repeat Customer
13973.0,264.7,1,109,264.7,1,0,0.0,264.7,Low Value,1.0,264.7,3176.3999999999996,Medium Value,Single Purchase
13974.0,677.72,2,356,338.86,2,532,17.73,677.72,Medium Value,17.47700394218134,38.77781353383459,465.33376240601507,Low Value,Repeat Customer
13975.0,5256.4,12,3884,438.0333333333333,12,644,21.47,5256.4,High Value,21.156373193166885,248.45468322981364,2981.4561987577636,Medium Value,Repeat Customer
13976.0,1192.36,4,452,298.09,4,461,15.37,1192.36,Medium Value,15.14454664914586,78.7319704989154,944.7836459869848,Low Value,Repeat Customer
13977.0,519.8100000000001,1,303,519.8100000000001,1,0,0.0,519.8100000000001,Medium Value,1.0,519.8100000000001,6237.720000000001,High Value,Single Purchase
13978.0,196.79000000000002,2,315,98.39500000000001,2,30,1.0,196.79000000000002,Low Value,1.0,196.79000000000002,2361.4800000000005,Medium Value,Repeat Customer
13979.0,3379.93,7,2270,482.84714285714284,7,663,22.1,3379.93,High Value,21.780551905387647,155.18109984917044,1862.1731981900452,Medium Value,Repeat Customer
13980.0,768.82,5,463,153.764,5,595,19.83,768.82,Medium Value,19.54664914586071,39.33257277310925,471.990873277311,Low Value,Repeat Customer
13981.0,331.14,1,234,331.14,1,0,0.0,331.14,Low Value,1.0,331.14,3973.68,High Value,Single Purchase
13982.0,3954.29,9,2478,439.36555555555555,9,649,21.63,3954.29,High Value,21.320630749014455,185.46777750385206,2225.6133300462247,Medium Value,Repeat Customer
13983.0,6753.89,21,3925,321.61380952380955,21,700,23.33,6753.89,High Value,22.996057818659658,293.69773085714286,3524.372770285714,High Value,Repeat Customer
13984.0,1893.8,12,1301,157.81666666666666,12,706,23.53,1893.8,High Value,23.19316688567674,81.65335977337111,979.8403172804533,Low Value,Repeat Customer
13985.0,10020.86,22,4936,455.49363636363637,22,664,22.13,10020.86,High Value,21.81340341655716,459.3900277108434,5512.680332530121,High Value,Repeat Customer
13986.0,320.46,1,430,320.46,1,0,0.0,320.46,Low Value,1.0,320.46,3845.5199999999995,High Value,Single Purchase
13987.0,682.54,2,492,341.27,2,21,0.7,682.54,Medium Value,1.0,682.54,8190.48,High Value,Repeat Customer
13988.0,4757.8,8,3385,594.725,8,605,20.17,4757.8,High Value,19.87516425755585,239.38418512396694,2872.610221487603,Medium Value,Repeat Customer
13989.0,2026.06,5,2207,405.212,5,497,16.57,2026.06,High Value,16.327201051248355,124.09107927565394,1489.0929513078472,Medium Value,Repeat Customer
13990.0,311.3,1,190,311.3,1,0,0.0,311.3,Low Value,1.0,311.3,3735.6000000000004,High Value,Single Purchase
13991.0,852.88,6,995,142.14666666666668,6,131,4.37,852.8800000000001,Medium Value,4.303547963206308,198.18066564885495,2378.1679877862593,Medium Value,Repeat Customer
13992.0,219.5,3,154,73.16666666666667,3,432,14.4,219.5,Low Value,14.19185282522996,15.466620370370372,185.59944444444446,Low Value,Repeat Customer
13993.0,6775.71,19,2135,356.6163157894737,19,693,23.1,6775.71,High Value,22.766097240473062,297.6228173160173,3571.4738077922075,High Value,Repeat Customer
13994.0,2274.14,6,932,379.0233333333333,6,144,4.8,2274.14,High Value,4.730617608409987,480.7279277777777,5768.735133333333,High Value,Repeat Customer
13995.0,3902.01,14,2359,278.71500000000003,14,706,23.53,3902.01,High Value,23.19316688567674,168.23963796033996,2018.8756555240795,Medium Value,Repeat Customer
13996.0,895.76,2,613,447.88,2,13,0.43,895.76,Medium Value,1.0,895.76,10749.119999999999,High Value,Repeat Customer
13997.0,376.46,3,143,125.48666666666666,3,31,1.03,376.46,Low Value,1.0183968462549278,369.6594322580645,4435.913187096774,High Value,Repeat Customer
13998.0,566.7,3,204,188.9,3,129,4.3,566.7,Medium Value,4.23784494086728,133.72362790697676,1604.6835348837212,Medium Value,Repeat Customer
13999.0,9502.26,29,5043,327.6641379310345,29,724,24.13,9502.26,High Value,23.78449408672799,399.5149093922652,4794.1789127071825,High Value,Repeat Customer
14000.0,2046.3400000000001,5,1838,409.26800000000003,5,526,17.53,2046.3400000000001,High Value,17.279894875164256,118.42317414448671,1421.0780897338404,Low Value,Repeat Customer
14001.0,4228.85,9,1779,469.87222222222226,9,447,14.9,4228.85,High Value,14.684625492772668,287.9780626398211,3455.736751677853,High Value,Repeat Customer
14002.0,529.73,2,877,264.865,2,22,0.73,529.73,Medium Value,1.0,529.73,6356.76,High Value,Repeat Customer
14003.0,209.41,1,149,209.41,1,0,0.0,209.41,Low Value,1.0,209.41,2512.92,Medium Value,Single Purchase
14004.0,6258.45,11,3425,568.9499999999999,11,392,13.07,6258.449999999999,High Value,12.877792378449408,485.98780102040814,5831.853612244898,High Value,Repeat Customer
14005.0,2874.72,5,2478,574.944,5,206,6.87,2874.72,High Value,6.767411300919842,424.7887223300971,5097.464667961165,High Value,Repeat Customer
14006.0,2196.67,7,2181,313.81,7,536,17.87,2196.67,High Value,17.608409986859396,124.7511843283582,1497.0142119402985,Medium Value,Repeat Customer
14007.0,79.48,1,16,79.48,1,0,0.0,79.48,Low Value,1.0,79.48,953.76,Low Value,Single Purchase
14008.0,509.04,1,326,509.04,1,0,0.0,509.04,Medium Value,1.0,509.04,6108.4800000000005,High Value,Single Purchase
14009.0,1099.91,3,951,366.6366666666667,3,264,8.8,1099.91,Medium Value,8.672798948751643,126.82295606060606,1521.8754727272726,Medium Value,Repeat Customer
14010.0,445.15,2,177,222.575,2,0,0.0,445.15,Low Value,1.0,445.15,5341.799999999999,High Value,Repeat Customer
14011.0,457.82,2,644,228.91,2,127,4.23,457.82,Low Value,4.1721419185282524,109.73260472440944,1316.7912566929133,Low Value,Repeat Customer
14012.0,328.8,1,160,328.8,1,0,0.0,328.8,Low Value,1.0,328.8,3945.6000000000004,High Value,Single Purchase
14013.0,1084.57,5,775,216.914,5,513,17.1,1084.57,Medium Value,16.852825229960576,64.35538167641326,772.2645801169591,Low Value,Repeat Customer
14014.0,1948.21,3,2004,649.4033333333333,3,499,16.63,1948.21,High Value,16.392904073587385,118.84471422845692,1426.136570741483,Low Value,Repeat Customer
14015.0,917.34,1,378,917.34,1,0,0.0,917.34,Medium Value,1.0,917.34,11008.08,High Value,Single Purchase
14016.0,11403.41,11,5722,1036.6736363636364,11,538,17.93,11403.41,High Value,17.67411300919842,645.2040899628253,7742.449079553903,High Value,Repeat Customer
14017.0,229.75,1,73,229.75,1,0,0.0,229.75,Low Value,1.0,229.75,2757.0,Medium Value,Single Purchase
14018.0,367.15000000000003,1,224,367.15000000000003,1,0,0.0,367.15000000000003,Low Value,1.0,367.15000000000003,4405.8,High Value,Single Purchase
14019.0,1421.61,3,1037,473.86999999999995,3,91,3.03,1421.61,Medium Value,2.9894875164257555,475.536356043956,5706.436272527472,High Value,Repeat Customer
14020.0,1249.01,4,648,312.2525,4,512,17.07,1249.01,Medium Value,16.819973718791065,74.25754765625,891.090571875,Low Value,Repeat Customer
14021.0,1716.58,7,878,245.22571428571428,7,437,14.57,1716.58,High Value,14.35611038107753,119.57138489702517,1434.856618764302,Low Value,Repeat Customer
14022.0,792.15,2,681,396.075,2,261,8.7,792.15,Medium Value,8.5742444152431,92.38714942528736,1108.6457931034483,Low Value,Repeat Customer
14023.0,584.07,2,345,292.035,2,242,8.07,584.07,Medium Value,7.9500657030223385,73.46731735537192,881.6078082644631,Low Value,Repeat Customer
14024.0,645.74,3,238,215.24666666666667,3,269,8.97,645.74,Medium Value,8.83705650459921,73.07184237918216,876.8621085501859,Low Value,Repeat Customer
14025.0,4057.9,8,1914,507.2375,8,119,3.97,4057.9,High Value,3.9093298291721417,1038.0040000000001,12456.048000000003,High Value,Repeat Customer
14026.0,713.11,2,427,356.555,2,154,5.13,713.11,Medium Value,5.059132720105125,140.95498961038962,1691.4598753246755,Medium Value,Repeat Customer
14027.0,104.82,1,62,104.82,1,0,0.0,104.82,Low Value,1.0,104.82,1257.84,Low Value,Single Purchase
14028.0,10396.5,3,7170,3465.5,3,0,0.0,10396.5,High Value,1.0,10396.5,124758.0,High Value,Repeat Customer
14029.0,467.66,2,198,233.83,2,80,2.67,467.66,Medium Value,2.628120893561104,177.94463000000002,2135.3355600000004,Medium Value,Repeat Customer
14030.0,7521.8,20,4215,376.09000000000003,20,710,23.67,7521.800000000001,High Value,23.324572930354794,322.48393239436626,3869.807188732395,High Value,Repeat Customer
14031.0,39019.51,44,13783,886.8070454545455,44,729,24.3,39019.51,High Value,23.94875164257556,1629.2920224965708,19551.50426995885,High Value,Repeat Customer
14032.0,4546.41,16,3740,284.150625,16,723,24.1,4546.41,High Value,23.751642575558474,191.4145510373444,2296.974612448133,Medium Value,Repeat Customer
14033.0,109.44,1,576,109.44,1,0,0.0,109.44,Low Value,1.0,109.44,1313.28,Low Value,Single Purchase
14034.0,648.89,3,420,216.29666666666665,3,135,4.5,648.89,Medium Value,4.434954007884363,146.3126785185185,1755.7521422222221,Medium Value,Repeat Customer
14035.0,2794.75,9,1405,310.52777777777777,9,583,19.43,2794.75,High Value,19.152431011826543,145.92142367066896,1751.0570840480275,Medium Value,Repeat Customer
14036.0,626.65,1,268,626.65,1,0,0.0,626.65,Medium Value,1.0,626.65,7519.799999999999,High Value,Single Purchase
14037.0,836.95,6,590,139.49166666666667,6,556,18.53,836.95,Medium Value,18.265440210249672,45.8215071942446,549.8580863309353,Low Value,Repeat Customer
14038.0,3069.88,5,1708,613.976,5,595,19.83,3069.88,High Value,19.54664914586071,157.05402890756304,1884.6483468907563,Medium Value,Repeat Customer
14039.0,267.28000000000003,2,192,133.64000000000001,2,542,18.07,267.28000000000003,Low Value,17.805519053876477,15.01107601476015,180.1329121771218,Low Value,Repeat Customer
14040.0,12523.81,35,4972,357.82314285714284,35,698,23.27,12523.81,High Value,22.93035479632063,546.1673014326648,6554.007617191977,High Value,Repeat Customer
14041.0,141.41,1,94,141.41,1,0,0.0,141.41,Low Value,1.0,141.41,1696.92,Medium Value,Single Purchase
14042.0,431.98,1,180,431.98,1,0,0.0,431.98,Low Value,1.0,431.98,5183.76,High Value,Single Purchase
14043.0,302.6,2,152,151.3,2,238,7.93,302.6,Low Value,7.818659658344283,38.70228571428572,464.42742857142866,Low Value,Repeat Customer
14044.0,3077.7,10,2100,307.77,10,657,21.9,3077.7,High Value,21.583442838370566,142.59541552511413,1711.1449863013695,Medium Value,Repeat Customer
14045.0,10986.63,16,4459,686.664375,16,591,19.7,10986.63,High Value,19.415243101182654,565.87650964467,6790.51811573604,High Value,Repeat Customer
14046.0,154.99,1,460,154.99,1,0,0.0,154.99,Low Value,1.0,154.99,1859.88,Medium Value,Single Purchase
14047.0,3968.11,14,1541,283.43642857142856,14,668,22.27,3968.1099999999997,High Value,21.944809461235216,180.82225808383234,2169.867097005988,Medium Value,Repeat Customer
14048.0,748.69,3,467,249.56333333333336,3,77,2.57,748.69,Medium Value,2.5295663600525624,295.97563116883117,3551.7075740259743,High Value,Repeat Customer
14049.0,13023.4,13,8480,1001.8,13,600,20.0,13023.4,High Value,19.71090670170828,660.7204933333334,7928.645920000001,High Value,Repeat Customer
14050.0,746.36,2,689,373.18,2,74,2.47,746.36,Medium Value,2.431011826544021,307.0161945945946,3684.194335135135,High Value,Repeat Customer
14051.0,21770.98,37,5709,588.4048648648649,37,735,24.5,21770.98,High Value,24.14586070959264,901.6443961904762,10819.732754285715,High Value,Repeat Customer
14052.0,466.66,2,174,233.33,2,371,12.37,466.66,Medium Value,12.187910643889618,38.28876118598383,459.46513423180596,Low Value,Repeat Customer
14053.0,572.3,4,490,143.075,4,362,12.07,572.3,Medium Value,11.892247043363994,48.12379005524862,577.4854806629835,Low Value,Repeat Customer
14054.0,92.46,1,62,92.46,1,0,0.0,92.46,Low Value,1.0,92.46,1109.52,Low Value,Single Purchase
14055.0,1520.96,3,720,506.9866666666667,3,616,20.53,1520.96,Medium Value,20.2365308804205,75.15912727272728,901.9095272727272,Low Value,Repeat Customer
14056.0,8152.71,23,4252,354.46565217391304,23,282,9.4,8152.71,High Value,9.264126149802891,880.030114893617,10560.361378723404,High Value,Repeat Customer
14057.0,8346.66,22,6438,379.39363636363635,22,712,23.73,8346.66,High Value,23.390275952693823,356.84316067415733,4282.117928089888,High Value,Repeat Customer
14058.0,469.19,2,211,234.595,2,67,2.23,469.19,Medium Value,2.2010512483574245,213.16632238805968,2557.995868656716,Medium Value,Repeat Customer
14059.0,183.6,1,128,183.6,1,0,0.0,183.6,Low Value,1.0,183.6,2203.2,Medium Value,Single Purchase
14060.0,8898.24,30,7419,296.608,30,634,21.13,8898.24,High Value,20.827858081471746,427.2278006309148,5126.733607570978,High Value,Repeat Customer
14061.0,917.4300000000001,3,133,305.81,3,230,7.67,917.4300000000001,Medium Value,7.555847568988173,121.41986608695653,1457.0383930434784,Medium Value,Repeat Customer
14062.0,25585.65,24,12794,1066.0687500000001,24,719,23.97,25585.65,High Value,23.62023653088042,1083.2088817802505,12998.506581363006,High Value,Repeat Customer
14063.0,22710.2,9,3850,2523.355555555556,9,293,9.77,22710.200000000004,High Value,9.625492772667542,2359.380505119454,28312.56606143345,High Value,Repeat Customer
14064.0,3260.24,15,3911,217.3493333333333,15,657,21.9,3260.24,High Value,21.583442838370566,151.05282435312023,1812.6338922374428,Medium Value,Repeat Customer
14065.0,891.02,3,582,297.00666666666666,3,42,1.4,891.02,Medium Value,1.3797634691195795,645.7773523809524,7749.328228571429,High Value,Repeat Customer
14066.0,152.55,1,45,152.55,1,0,0.0,152.55,Low Value,1.0,152.55,1830.6000000000001,Medium Value,Single Purchase
14067.0,374.7,2,361,187.35,2,32,1.07,374.7,Low Value,1.0512483574244416,356.43337499999996,4277.200499999999,High Value,Repeat Customer
14068.0,1516.72,4,510,379.18,4,357,11.9,1516.72,Medium Value,11.727989487516425,129.32480896358544,1551.8977075630253,Medium Value,Repeat Customer
14069.0,225.81,2,58,112.905,2,46,1.53,225.81,Low Value,1.5111695137976346,149.42731304347828,1793.1277565217392,Medium Value,Repeat Customer
14070.0,321.6,1,85,321.6,1,0,0.0,321.6,Low Value,1.0,321.6,3859.2000000000003,High Value,Single Purchase
14071.0,1437.57,8,994,179.69625,8,261,8.7,1437.57,Medium Value,8.5742444152431,167.6614206896552,2011.9370482758623,Medium Value,Repeat Customer
14072.0,390.85,1,65,390.85,1,0,0.0,390.85,Low Value,1.0,390.85,4690.200000000001,High Value,Single Purchase
14073.0,151.04,1,130,151.04,1,0,0.0,151.04,Low Value,1.0,151.04,1812.48,Medium Value,Single Purchase
14074.0,219.39999999999998,1,228,219.39999999999998,1,0,0.0,219.39999999999998,Low Value,1.0,219.39999999999998,2632.7999999999997,Medium Value,Single Purchase
14075.0,1734.87,6,1494,289.145,6,536,17.87,1734.87,High Value,17.608409986859396,98.52507985074627,1182.3009582089553,Low Value,Repeat Customer
14076.0,118.67,1,79,118.67,1,0,0.0,118.67,Low Value,1.0,118.67,1424.04,Low Value,Single Purchase
14077.0,615.0799999999999,6,376,102.51333333333332,6,354,11.8,615.0799999999999,Medium Value,11.629434954007884,52.88992994350282,634.6791593220339,Low Value,Repeat Customer
14078.0,1553.47,9,586,172.60777777777778,9,519,17.3,1553.47,Medium Value,17.04993429697766,91.11296107899808,1093.355532947977,Low Value,Repeat Customer
14079.0,618.73,2,302,309.365,2,557,18.57,618.73,Medium Value,18.298291721419183,33.81353895870737,405.7624675044884,Low Value,Repeat Customer
14080.0,1115.68,5,268,223.13600000000002,5,704,23.47,1115.68,Medium Value,23.127463863337713,48.24048181818182,578.8857818181818,Low Value,Repeat Customer
14081.0,4867.57,10,3381,486.75699999999995,10,426,14.2,4867.57,High Value,13.994743758212877,347.8141568075117,4173.769881690141,High Value,Repeat Customer
14082.0,413.36,2,246,206.68,2,27,0.9,413.36,Low Value,1.0,413.36,4960.32,High Value,Repeat Customer
14083.0,1082.19,11,760,98.3809090909091,11,717,23.9,1082.19,Medium Value,23.554533508541393,45.944021757322176,551.3282610878662,Low Value,Repeat Customer
14084.0,150.5,1,306,150.5,1,0,0.0,150.5,Low Value,1.0,150.5,1806.0,Medium Value,Single Purchase
14085.0,9720.67,33,6434,294.5657575757576,33,729,24.3,9720.67,High Value,23.94875164257556,405.8946430727023,4870.7357168724275,High Value,Repeat Customer
14086.0,39.95,1,1,39.95,1,0,0.0,39.95,Low Value,1.0,39.95,479.40000000000003,Low Value,Single Purchase
14087.0,829.47,3,718,276.49,3,732,24.4,829.47,Medium Value,24.0473061760841,34.49326065573771,413.91912786885246,Low Value,Repeat Customer
14088.0,64036.8,16,15276,4002.3,16,410,13.67,64036.8,High Value,13.469119579500656,4754.341931707318,57052.103180487815,High Value,Repeat Customer
14089.0,158.75,1,133,158.75,1,0,0.0,158.75,Low Value,1.0,158.75,1905.0,Medium Value,Single Purchase
14090.0,76.32000000000001,1,72,76.32000000000001,1,0,0.0,76.32000000000001,Low Value,1.0,76.32000000000001,915.8400000000001,Low Value,Single Purchase
14091.0,9530.08,2,3316,4765.04,2,44,1.47,9530.08,High Value,1.445466491458607,6593.082618181818,79116.99141818182,High Value,Repeat Customer
14092.0,7229.45,24,3606,301.2270833333333,24,715,23.83,7229.45,High Value,23.488830486202364,307.7824587412588,3693.3895048951053,High Value,Repeat Customer
14093.0,433.86,1,391,433.86,1,0,0.0,433.86,Low Value,1.0,433.86,5206.32,High Value,Single Purchase
14094.0,311.77,1,158,311.77,1,0,0.0,311.77,Low Value,1.0,311.77,3741.24,High Value,Single Purchase
14095.0,2.95,1,1,2.95,1,0,0.0,2.95,Low Value,1.0,2.95,35.400000000000006,Low Value,Single Purchase
14096.0,65164.79,17,16352,3833.2229411764706,17,97,3.23,65164.79,High Value,3.1865965834428382,20449.65162474227,245395.81949690724,High Value,Repeat Customer
14097.0,422.85999999999996,2,352,211.42999999999998,2,164,5.47,422.85999999999996,Low Value,5.387647831800263,78.48694146341462,941.8432975609755,Low Value,Repeat Customer
14098.0,147.35,1,104,147.35,1,0,0.0,147.35,Low Value,1.0,147.35,1768.1999999999998,Medium Value,Single Purchase
14099.0,5750.91,20,3666,287.5455,20,713,23.77,5750.91,High Value,23.423127463863338,245.5227214586255,2946.2726575035063,Medium Value,Repeat Customer
14100.0,191.95000000000002,1,63,191.95000000000002,1,0,0.0,191.95000000000002,Low Value,1.0,191.95000000000002,2303.4,Medium Value,Single Purchase
14101.0,9961.93,13,10542,766.3023076923077,13,547,18.23,9961.93,High Value,17.969776609724047,554.3713879341865,6652.456655210238,High Value,Repeat Customer
14102.0,1105.8799999999999,5,769,221.176,5,39,1.3,1105.8799999999999,Medium Value,1.281208935611038,863.1535179487179,10357.842215384615,High Value,Repeat Customer
14104.0,743.53,5,496,148.706,5,405,13.5,743.53,Medium Value,13.304862023653088,55.88408197530864,670.6089837037036,Low Value,Repeat Customer
14105.0,5988.83,5,3534,1197.766,5,482,16.07,5988.83,High Value,15.83442838370565,378.2157369294606,4538.588843153528,High Value,Repeat Customer
14106.0,214.79999999999998,1,24,214.79999999999998,1,0,0.0,214.79999999999998,Low Value,1.0,214.79999999999998,2577.6,Medium Value,Single Purchase
14107.0,4877.3,11,3489,443.39090909090913,11,678,22.6,4877.3,High Value,22.273324572930353,218.9749439528024,2627.6993274336287,Medium Value,Repeat Customer
14108.0,1044.96,4,660,261.24,4,707,23.57,1044.96,Medium Value,23.226018396846253,44.99092277227723,539.8910732673268,Low Value,Repeat Customer
14109.0,144.2,1,88,144.2,1,0,0.0,144.2,Low Value,1.0,144.2,1730.3999999999999,Medium Value,Single Purchase
14110.0,12987.95,33,5825,393.57424242424247,33,735,24.5,12987.95,High Value,24.14586070959264,537.8955074829933,6454.746089795919,High Value,Repeat Customer
14111.0,692.85,4,458,173.2125,4,227,7.57,692.85,Medium Value,7.457293035479632,92.90904845814978,1114.9085814977975,Low Value,Repeat Customer
14112.0,5834.59,13,3539,448.8146153846154,13,631,21.03,5834.59,High Value,20.729303547963205,281.4657996830428,3377.5895961965134,High Value,Repeat Customer
14113.0,7092.610000000001,16,3439,443.28812500000004,16,728,24.27,7092.610000000001,High Value,23.915900131406044,296.56462692307696,3558.7755230769235,High Value,Repeat Customer
14114.0,1364.09,7,650,194.86999999999998,7,332,11.07,1364.09,Medium Value,10.90670170827858,125.06897469879517,1500.8276963855421,Medium Value,Repeat Customer
14115.0,622.6700000000001,2,509,311.33500000000004,2,165,5.5,622.6700000000001,Medium Value,5.4204993429697765,114.87318060606061,1378.4781672727274,Low Value,Repeat Customer
14116.0,1382.74,5,707,276.548,5,101,3.37,1382.74,Medium Value,3.3180026281208934,416.7386693069307,5000.864031683169,High Value,Repeat Customer
14117.0,90.0,1,72,90.0,1,0,0.0,90.0,Low Value,1.0,90.0,1080.0,Low Value,Single Purchase
14118.0,458.45,1,97,458.45,1,0,0.0,458.45,Low Value,1.0,458.45,5501.4,High Value,Single Purchase
14119.0,183.37,2,177,91.685,2,342,11.4,183.37,Low Value,11.235216819973719,16.321002339181288,195.85202807017544,Low Value,Repeat Customer
14121.0,2780.15,4,2082,695.0375,4,56,1.87,2780.15,High Value,1.8396846254927726,1511.2101071428572,18134.521285714287,High Value,Repeat Customer
14122.0,362.42,3,114,120.80666666666667,3,331,11.03,362.42,Low Value,10.873850197109066,33.329500906344414,399.954010876133,Low Value,Repeat Customer
14123.0,436.18,1,234,436.18,1,0,0.0,436.18,Low Value,1.0,436.18,5234.16,High Value,Single Purchase
14124.0,419.58000000000004,1,1618,419.58000000000004,1,0,0.0,419.58000000000004,Low Value,1.0,419.58000000000004,5034.960000000001,High Value,Single Purchase
14125.0,2720.63,3,1628,906.8766666666667,3,67,2.23,2720.63,High Value,2.2010512483574245,1236.0593611940299,14832.712334328358,High Value,Repeat Customer
14126.0,1172.46,4,887,293.115,4,436,14.53,1172.46,Medium Value,14.323258869908015,81.85706972477065,982.2848366972478,Low Value,Repeat Customer
14127.0,1900.0800000000002,6,828,316.68,6,302,10.07,1900.08,High Value,9.921156373193167,191.5179973509934,2298.215968211921,Medium Value,Repeat Customer
14128.0,924.21,3,814,308.07,3,490,16.33,924.21,Medium Value,16.09724047306176,57.414188571428575,688.9702628571429,Low Value,Repeat Customer
14129.0,2591.34,9,1414,287.9266666666667,9,577,19.23,2591.34,High Value,18.95532194480946,136.70778093587523,1640.4933712305028,Medium Value,Repeat Customer
14130.0,1858.77,4,1215,464.6925,4,408,13.6,1858.77,High Value,13.403416557161629,138.6788205882353,1664.1458470588236,Medium Value,Repeat Customer
14131.0,168.22,1,105,168.22,1,0,0.0,168.22,Low Value,1.0,168.22,2018.6399999999999,Medium Value,Single Purchase
14132.0,3586.0299999999997,11,3368,326.00272727272727,11,181,6.03,3586.0299999999997,High Value,5.946123521681997,603.0870342541436,7237.044411049724,High Value,Repeat Customer
14133.0,911.14,4,398,227.785,4,603,20.1,911.14,Medium Value,19.80946123521682,45.99519336650083,551.94232039801,Low Value,Repeat Customer
14134.0,11123.35,15,5814,741.5566666666667,15,347,11.57,11123.35,High Value,11.399474375821287,975.7774466858791,11709.32936023055,High Value,Repeat Customer
14135.0,8839.67,24,8534,368.31958333333336,24,736,24.53,8839.67,High Value,24.178712220762154,365.5972211956522,4387.166654347826,High Value,Repeat Customer
14136.0,1570.81,5,1148,314.162,5,331,11.03,1570.81,Medium Value,10.873850197109066,144.45757220543808,1733.490866465257,Medium Value,Repeat Customer
14137.0,332.7,1,462,332.7,1,0,0.0,332.7,Low Value,1.0,332.7,3992.3999999999996,High Value,Single Purchase
14138.0,965.8800000000001,2,600,482.94000000000005,2,62,2.07,965.8800000000001,Medium Value,2.0367936925098555,474.2159225806452,5690.591070967743,High Value,Repeat Customer
14139.0,1086.8,4,1049,271.7,4,496,16.53,1086.8,Medium Value,16.294349540078844,66.69796774193547,800.3756129032256,Low Value,Repeat Customer
14140.0,935.05,2,811,467.525,2,27,0.9,935.05,Medium Value,1.0,935.05,11220.599999999999,High Value,Repeat Customer
14141.0,915.13,4,355,228.7825,4,102,3.4,915.13,Medium Value,3.350854139290407,273.10350196078434,3277.242023529412,Medium Value,Repeat Customer
14142.0,671.34,2,518,335.67,2,273,9.1,671.34,Medium Value,8.968462549277266,74.85563956043957,898.2676747252749,Low Value,Repeat Customer
14143.0,115.8,1,30,115.8,1,0,0.0,115.8,Low Value,1.0,115.8,1389.6,Low Value,Single Purchase
14144.0,30.599999999999998,1,12,30.599999999999998,1,0,0.0,30.599999999999998,Low Value,1.0,30.599999999999998,367.2,Low Value,Single Purchase
14145.0,7600.05,7,1655,1085.7214285714285,7,564,18.8,7600.049999999999,High Value,18.528252299605782,410.18709574468085,4922.24514893617,High Value,Repeat Customer
14146.0,9450.3,12,5780,787.525,12,686,22.87,9450.3,High Value,22.536136662286463,419.3398425655977,5032.078110787172,High Value,Repeat Customer
14147.0,2590.2,9,995,287.79999999999995,9,562,18.73,2590.2,High Value,18.462549277266753,140.29481850533807,1683.5378220640569,Medium Value,Repeat Customer
14148.0,466.29,2,223,233.145,2,180,6.0,466.29,Medium Value,5.913272010512483,78.85482,946.25784,Low Value,Repeat Customer
14149.0,446.62,1,218,446.62,1,0,0.0,446.62,Low Value,1.0,446.62,5359.4400000000005,High Value,Single Purchase
14150.0,658.64,2,496,329.32,2,324,10.8,658.64,Medium Value,10.64388961892247,61.879634567901235,742.5556148148148,Low Value,Repeat Customer
14151.0,679.45,2,405,339.725,2,43,1.43,679.45,Medium Value,1.4126149802890933,480.98739534883725,5771.848744186047,High Value,Repeat Customer
14152.0,1997.3400000000001,7,1844,285.3342857142857,7,583,19.43,1997.3400000000001,High Value,19.152431011826543,104.2865001715266,1251.4380020583192,Low Value,Repeat Customer
14153.0,233.4,1,312,233.4,1,0,0.0,233.4,Low Value,1.0,233.4,2800.8,Medium Value,Single Purchase
14154.0,6460.7,8,3222,807.5875,8,456,15.2,6460.7,High Value,14.98028909329829,431.2800614035088,5175.360736842105,High Value,Repeat Customer
14155.0,118.75,1,25,118.75,1,0,0.0,118.75,Low Value,1.0,118.75,1425.0,Low Value,Single Purchase
14156.0,313437.62,156,164325,2009.2155128205127,156,728,24.27,313437.62,High Value,23.915900131406044,13105.82575934066,157269.90911208792,High Value,Repeat Customer
14157.0,978.69,5,521,195.738,5,626,20.87,978.69,Medium Value,20.565045992115635,47.58997380191694,571.0796856230033,Low Value,Repeat Customer
14158.0,507.66,1,781,507.66,1,0,0.0,507.66,Medium Value,1.0,507.66,6091.92,High Value,Single Purchase
14159.0,7860.8,20,6520,393.04,20,717,23.9,7860.8,High Value,23.554533508541393,333.72768758716876,4004.7322510460253,High Value,Repeat Customer
14160.0,8421.47,7,4661,1203.0671428571427,7,88,2.93,8421.47,High Value,2.890932982917214,2913.0630318181816,34956.75638181818,High Value,Repeat Customer
14161.0,2996.93,7,1480,428.1328571428571,7,510,17.0,2996.93,High Value,16.754270696452036,178.87558666666666,2146.50704,Medium Value,Repeat Customer
14162.0,289.36,2,142,144.68,2,118,3.93,289.36,Low Value,3.876478318002628,74.64507118644069,895.7408542372882,Low Value,Repeat Customer
14163.0,2594.62,5,950,518.924,5,374,12.47,2594.62,High Value,12.28646517739816,211.17709304812834,2534.12511657754,Medium Value,Repeat Customer
14164.0,1631.77,2,1033,815.885,2,10,0.33,1631.77,High Value,1.0,1631.77,19581.239999999998,High Value,Repeat Customer
14165.0,120.44,1,53,120.44,1,0,0.0,120.44,Low Value,1.0,120.44,1445.28,Low Value,Single Purchase
14166.0,251.15,2,82,125.575,2,121,4.03,251.15,Low Value,3.9750328515111693,63.18186776859505,758.1824132231405,Low Value,Repeat Customer
14167.0,1274.29,8,340,159.28625,8,641,21.37,1274.29,Medium Value,21.057818659658345,60.51386521060842,726.166382527301,Low Value,Repeat Customer
14168.0,370.45,2,147,185.225,2,143,4.77,370.45,Low Value,4.697766097240473,78.85662937062936,946.2795524475523,Low Value,Repeat Customer
14169.0,621.51,2,205,310.755,2,13,0.43,621.51,Medium Value,1.0,621.51,7458.12,High Value,Repeat Customer
14170.0,570.18,3,270,190.05999999999997,3,19,0.63,570.18,Medium Value,1.0,570.18,6842.16,High Value,Repeat Customer
14171.0,498.79,2,211,249.395,2,632,21.07,498.79,Medium Value,20.76215505913272,24.02399936708861,288.28799240506333,Low Value,Repeat Customer
14172.0,369.02,3,78,123.00666666666666,3,37,1.23,369.02,Low Value,1.2155059132720105,303.59375135135133,3643.125016216216,High Value,Repeat Customer
14173.0,586.0,6,194,97.66666666666667,6,719,23.97,586.0,Medium Value,23.62023653088042,24.809235048678723,297.7108205841447,Low Value,Repeat Customer
14174.0,134.46,1,94,134.46,1,0,0.0,134.46,Low Value,1.0,134.46,1613.52,Medium Value,Single Purchase
14175.0,7678.88,8,3009,959.86,8,568,18.93,7678.88,High Value,18.659658344283837,411.523076056338,4938.276912676056,High Value,Repeat Customer
14176.0,756.46,5,265,151.292,5,83,2.77,756.46,Medium Value,2.726675427069645,277.42942650602413,3329.1531180722895,Medium Value,Repeat Customer
14177.0,2209.69,13,1043,169.97615384615386,13,565,18.83,2209.69,High Value,18.561103810775293,119.04949309734515,1428.5939171681418,Low Value,Repeat Customer
14178.0,1600.26,7,1494,228.60857142857142,7,173,5.77,1600.26,High Value,5.683311432325887,281.57175953757223,3378.861114450867,High Value,Repeat Customer
14179.0,701.57,2,319,350.785,2,11,0.37,701.57,Medium Value,1.0,701.57,8418.84,High Value,Repeat Customer
14180.0,6117.5,33,847,185.37878787878788,33,537,17.9,6117.5,High Value,17.641261498028907,346.77225325884547,4161.267039106146,High Value,Repeat Customer
14181.0,308.35,2,120,154.175,2,151,5.03,308.35,Low Value,4.9605781865965834,62.16009271523179,745.9211125827815,Low Value,Repeat Customer
14182.0,678.77,4,174,169.6925,4,152,5.07,678.77,Medium Value,4.993429697766097,135.9326236842105,1631.1914842105261,Medium Value,Repeat Customer
14183.0,278.34000000000003,2,60,139.17000000000002,2,69,2.3,278.34000000000003,Low Value,2.266754270696452,122.79231304347827,1473.5077565217393,Medium Value,Repeat Customer
14184.0,452.89,1,127,452.89,1,0,0.0,452.89,Low Value,1.0,452.89,5434.68,High Value,Single Purchase
14185.0,197.65,1,6,197.65,1,0,0.0,197.65,Low Value,1.0,197.65,2371.8,Medium Value,Single Purchase
14186.0,1550.63,5,1550,310.12600000000003,5,217,7.23,1550.63,Medium Value,7.128777923784494,217.51694562211983,2610.203347465438,Medium Value,Repeat Customer
14187.0,123.5,1,50,123.5,1,0,0.0,123.5,Low Value,1.0,123.5,1482.0,Medium Value,Single Purchase
14188.0,2054.36,6,1162,342.3933333333334,6,279,9.3,2054.36,High Value,9.165571616294349,224.13877562724016,2689.665307526882,Medium Value,Repeat Customer
14189.0,5503.15,16,4392,343.946875,16,386,12.87,5503.15,High Value,12.680683311432325,433.9789792746114,5207.7477512953365,High Value,Repeat Customer
14190.0,79.9,1,2,79.9,1,0,0.0,79.9,Low Value,1.0,79.9,958.8000000000001,Low Value,Single Purchase
14191.0,4817.66,15,3724,321.1773333333333,15,726,24.2,4817.66,High Value,23.850197109067015,201.99665344352618,2423.9598413223143,Medium Value,Repeat Customer
14192.0,293.74,1,218,293.74,1,0,0.0,293.74,Low Value,1.0,293.74,3524.88,High Value,Single Purchase
14193.0,1210.19,3,653,403.3966666666667,3,328,10.93,1210.19,Medium Value,10.775295663600525,112.31153536585367,1347.738424390244,Low Value,Repeat Customer
14194.0,18670.59,36,10037,518.6275,36,697,23.23,18670.590000000004,High Value,22.897503285151117,815.3985073170732,9784.782087804877,High Value,Repeat Customer
14195.0,2615.6,6,2144,435.93333333333334,6,432,14.4,2615.6,High Value,14.19185282522996,184.30292592592593,2211.635111111111,Medium Value,Repeat Customer
14196.0,335.52,1,142,335.52,1,0,0.0,335.52,Low Value,1.0,335.52,4026.24,High Value,Single Purchase
14197.0,390.05,1,143,390.05,1,0,0.0,390.05,Low Value,1.0,390.05,4680.6,High Value,Single Purchase
14198.0,1569.73,9,623,174.41444444444446,9,685,22.83,1569.73,Medium Value,22.503285151116952,69.75559299270073,837.0671159124088,Low Value,Repeat Customer
14199.0,1091.7,4,254,272.925,4,312,10.4,1091.7,Medium Value,10.249671484888305,106.51073076923078,1278.1287692307692,Low Value,Repeat Customer
14200.0,379.2,1,140,379.2,1,0,0.0,379.2,Low Value,1.0,379.2,4550.4,High Value,Single Purchase
14201.0,1193.54,10,806,119.354,10,528,17.6,1193.54,Medium Value,17.345597897503286,68.80938939393938,825.7126727272725,Low Value,Repeat Customer
14202.0,847.76,3,166,282.58666666666664,3,243,8.1,847.76,Medium Value,7.982917214191852,106.19676707818931,1274.3612049382718,Low Value,Repeat Customer
14203.0,339.34,1,80,339.34,1,0,0.0,339.34,Low Value,1.0,339.34,4072.08,High Value,Single Purchase
14204.0,1024.83,4,469,256.2075,4,735,24.5,1024.83,Medium Value,24.14586070959264,42.443299591836734,509.3195951020408,Low Value,Repeat Customer
14205.0,2414.2,9,1342,268.2444444444444,9,625,20.83,2414.2,High Value,20.532194480946124,117.58119679999999,1410.9743615999998,Low Value,Repeat Customer
14206.0,1185.01,3,930,395.00333333333333,3,163,5.43,1185.01,Medium Value,5.354796320630749,221.2988,2655.5856,Medium Value,Repeat Customer
14207.0,157.8,1,36,157.8,1,0,0.0,157.8,Low Value,1.0,157.8,1893.6000000000001,Medium Value,Single Purchase
14208.0,567.05,2,529,283.525,2,456,15.2,567.05,Medium Value,14.98028909329829,37.85307456140351,454.23689473684215,Low Value,Repeat Customer
14209.0,4993.27,15,1739,332.8846666666667,15,675,22.5,4993.27,High Value,22.174770039421812,225.17798340740745,2702.135800888889,Medium Value,Repeat Customer
14210.0,5556.570000000001,16,2511,347.28562500000004,16,597,19.9,5556.570000000001,High Value,19.612352168199735,283.31991758793976,3399.8390110552773,High Value,Repeat Customer
14211.0,4402.29,18,2575,244.57166666666666,18,677,22.57,4402.29,High Value,22.24047306176084,197.94048389955685,2375.2858067946822,Medium Value,Repeat Customer
14212.0,2190.14,2,2046,1095.07,2,356,11.87,2190.14,High Value,11.695137976346912,187.26927415730336,2247.2312898876403,Medium Value,Repeat Customer
14213.0,1192.2,1,244,1192.2,1,0,0.0,1192.2,Medium Value,1.0,1192.2,14306.400000000001,High Value,Single Purchase
14214.0,1004.38,5,751,200.876,5,246,8.2,1004.38,Medium Value,8.081471747700395,124.28181788617886,1491.3818146341464,Medium Value,Repeat Customer
14215.0,3250.33,9,2181,361.1477777777778,9,720,24.0,3250.33,High Value,23.653088042049934,137.41672944444446,1649.0007533333335,Medium Value,Repeat Customer
14216.0,2150.04,5,712,430.008,5,410,13.67,2150.04,High Value,13.469119579500656,159.62736,1915.5283200000001,Medium Value,Repeat Customer
14217.0,3298.59,23,1230,143.41695652173914,23,525,17.5,3298.59,High Value,17.24704336399474,191.25538971428574,2295.064676571429,Medium Value,Repeat Customer
14218.0,169.48000000000002,1,160,169.48000000000002,1,0,0.0,169.48000000000002,Low Value,1.0,169.48000000000002,2033.7600000000002,Medium Value,Single Purchase
14219.0,633.83,3,363,211.27666666666667,3,489,16.3,633.83,Medium Value,16.064388961892245,39.45559345603273,473.46712147239276,Low Value,Repeat Customer
14220.0,1515.0,4,468,378.75,4,321,10.7,1515.0,Medium Value,10.545335085413928,143.6654205607477,1723.9850467289723,Medium Value,Repeat Customer
14221.0,6517.49,17,3808,383.38176470588235,17,569,18.97,6517.49,High Value,18.69250985545335,348.6685335676626,4184.022402811952,High Value,Repeat Customer
14222.0,683.17,1,607,683.17,1,0,0.0,683.17,Medium Value,1.0,683.17,8198.039999999999,High Value,Single Purchase
14223.0,991.13,3,585,330.37666666666667,3,171,5.7,991.13,Medium Value,5.617608409986859,176.43273216374268,2117.192785964912,Medium Value,Repeat Customer
14224.0,1841.71,9,826,204.63444444444445,9,433,14.43,1841.71,High Value,14.224704336399475,129.47263833718245,1553.6716600461893,Medium Value,Repeat Customer
14225.0,2031.07,4,1167,507.7675,4,261,8.7,2031.07,High Value,8.5742444152431,236.88034789272032,2842.5641747126438,Medium Value,Repeat Customer
14226.0,2985.13,6,1714,497.5216666666667,6,412,13.73,2985.13,High Value,13.534822601839684,220.5518378640777,2646.6220543689324,Medium Value,Repeat Customer
14227.0,6368.71,15,4048,424.5806666666667,15,643,21.43,6368.71,High Value,21.12352168199737,301.49849517884917,3617.98194214619,High Value,Repeat Customer
14228.0,745.5,3,260,248.5,3,108,3.6,745.5,Medium Value,3.54796320630749,210.12055555555557,2521.4466666666667,Medium Value,Repeat Customer
14229.0,2594.04,7,934,370.57714285714286,7,419,13.97,2594.04,High Value,13.764783180026281,188.45483914081146,2261.4580696897374,Medium Value,Repeat Customer
14230.0,979.8000000000001,3,246,326.6,3,112,3.73,979.8000000000001,Medium Value,3.679369250985545,266.29564285714287,3195.5477142857144,Medium Value,Repeat Customer
14231.0,1235.6200000000001,4,610,308.90500000000003,4,267,8.9,1235.6200000000001,Medium Value,8.771353482260183,140.86993558052436,1690.4392269662922,Medium Value,Repeat Customer
14232.0,2048.07,5,1941,409.61400000000003,5,221,7.37,2048.07,High Value,7.260183968462549,282.0961574660634,3385.1538895927606,High Value,Repeat Customer
14233.0,2904.27,7,1261,414.8957142857143,7,594,19.8,2904.27,High Value,19.513797634691194,148.83161414141415,1785.9793696969698,Medium Value,Repeat Customer
14234.0,754.12,4,951,188.53,4,35,1.17,754.12,Medium Value,1.149802890932983,655.8689371428571,7870.427245714285,High Value,Repeat Customer
14235.0,4717.99,9,3014,524.2211111111111,9,544,18.13,4717.99,High Value,17.871222076215506,263.9992933823529,3167.991520588235,Medium Value,Repeat Customer
14236.0,1555.34,5,774,311.068,5,424,14.13,1555.34,Medium Value,13.92904073587385,111.66167358490566,1339.9400830188679,Low Value,Repeat Customer
14237.0,471.14,2,238,235.57,2,217,7.23,471.14,Medium Value,7.128777923784494,66.08986912442397,793.0784294930877,Low Value,Repeat Customer
14238.0,434.23,3,189,144.74333333333334,3,408,13.6,434.23,Low Value,13.403416557161629,32.396963725490195,388.76356470588235,Low Value,Repeat Customer
14239.0,4263.17,21,1729,203.00809523809525,21,691,23.03,4263.17,High Value,22.700394218134033,187.80158437047757,2253.6190124457307,Medium Value,Repeat Customer
14240.0,1247.49,3,655,415.83,3,393,13.1,1247.49,Medium Value,12.910643889618921,96.6249251908397,1159.4991022900765,Low Value,Repeat Customer
14241.0,333.70000000000005,2,242,166.85000000000002,2,512,17.07,333.70000000000005,Low Value,16.819973718791065,19.839507812500003,238.07409375000003,Low Value,Repeat Customer
14242.0,280.55,2,123,140.275,2,91,3.03,280.55,Low Value,2.9894875164257555,93.84551648351649,1126.146197802198,Low Value,Repeat Customer
14243.0,7217.75,17,3631,424.5735294117647,17,467,15.57,7217.75,High Value,15.341655716162943,470.4674732334047,5645.609678800856,High Value,Repeat Customer
14244.0,366.41999999999996,1,814,366.41999999999996,1,0,0.0,366.41999999999996,Low Value,1.0,366.41999999999996,4397.039999999999,High Value,Single Purchase
14245.0,1693.45,2,976,846.725,2,43,1.43,1693.45,High Value,1.4126149802890933,1198.8050697674419,14385.660837209303,High Value,Repeat Customer
14246.0,1474.06,3,804,491.3533333333333,3,135,4.5,1474.06,Medium Value,4.434954007884363,332.37323259259256,3988.4787911111107,High Value,Repeat Customer
14247.0,753.56,5,378,150.712,5,273,9.1,753.56,Medium Value,8.968462549277266,84.02332014652015,1008.2798417582418,Low Value,Repeat Customer
14248.0,1032.95,3,692,344.31666666666666,3,197,6.57,1032.95,Medium Value,6.471747700394218,159.60912690355332,1915.3095228426398,Medium Value,Repeat Customer
14249.0,5400.461,12,2383,450.0384166666667,12,268,8.93,5400.461,High Value,8.804204993429698,613.3956449253732,7360.747739104478,High Value,Repeat Customer
14250.0,1904.05,3,1200,634.6833333333333,3,82,2.73,1904.0499999999997,High Value,2.6938239159001314,706.820512195122,8481.846146341464,High Value,Repeat Customer
14251.0,2879.7000000000003,5,1674,575.94,5,55,1.83,2879.7000000000003,High Value,1.8068331143232588,1593.783054545455,19125.39665454546,High Value,Repeat Customer
14252.0,350.99,1,111,350.99,1,0,0.0,350.99,Low Value,1.0,350.99,4211.88,High Value,Single Purchase
14253.0,363.40000000000003,2,88,181.70000000000002,2,129,4.3,363.40000000000003,Low Value,4.23784494086728,85.75113178294575,1029.0135813953489,Low Value,Repeat Customer
14254.0,601.03,1,263,601.03,1,0,0.0,601.03,Medium Value,1.0,601.03,7212.36,High Value,Single Purchase
14255.0,1000.63,1,1,1000.63,1,0,0.0,1000.63,Medium Value,1.0,1000.63,12007.56,High Value,Single Purchase
14256.0,2460.79,5,1147,492.158,5,434,14.47,2460.79,High Value,14.257555847568987,172.5955013824885,2071.146016589862,Medium Value,Repeat Customer
14257.0,5954.45,9,3332,661.6055555555555,9,584,19.47,5954.45,High Value,19.185282522996058,310.3655102739726,3724.3861232876707,High Value,Repeat Customer
14258.0,32051.34,25,17488,1282.0536,25,726,24.2,32051.34,High Value,23.850197109067015,1343.8605917355374,16126.32710082645,High Value,Repeat Customer
14259.0,120.0,1,68,120.0,1,0,0.0,120.0,Low Value,1.0,120.0,1440.0,Low Value,Single Purchase
14260.0,824.28,3,544,274.76,3,77,2.57,824.28,Medium Value,2.5295663600525624,325.85822337662336,3910.2986805194805,High Value,Repeat Customer
14261.0,1163.45,2,406,581.725,2,27,0.9,1163.45,Medium Value,1.0,1163.45,13961.400000000001,High Value,Repeat Customer
14262.0,2618.23,8,1645,327.27875,8,232,7.73,2618.23,High Value,7.621550591327201,343.5298327586207,4122.357993103449,High Value,Repeat Customer
14263.0,322.93,1,171,322.93,1,0,0.0,322.93,Low Value,1.0,322.93,3875.16,High Value,Single Purchase
14264.0,1517.3600000000001,6,553,252.89333333333335,6,456,15.2,1517.3600000000001,Medium Value,14.98028909329829,101.29043508771932,1215.485221052632,Low Value,Repeat Customer
14265.0,1373.35,4,715,343.3375,4,502,16.73,1373.35,Medium Value,16.491458607095925,83.27644223107569,999.3173067729083,Low Value,Repeat Customer
14266.0,40.56,1,24,40.56,1,0,0.0,40.56,Low Value,1.0,40.56,486.72,Low Value,Single Purchase
14267.0,1516.24,3,530,505.41333333333336,3,97,3.23,1516.24,Medium Value,3.1865965834428382,475.8179958762887,5709.8159505154645,High Value,Repeat Customer
14268.0,354.85,1,147,354.85,1,0,0.0,354.85,Low Value,1.0,354.85,4258.200000000001,High Value,Single Purchase
14269.0,295.73,1,123,295.73,1,0,0.0,295.73,Low Value,1.0,295.73,3548.76,High Value,Single Purchase
14270.0,492.65000000000003,1,197,492.65000000000003,1,0,0.0,492.65000000000003,Medium Value,1.0,492.65000000000003,5911.8,High Value,Single Purchase
14271.0,214.18,2,148,107.09,2,183,6.1,214.18,Low Value,6.011826544021025,35.626443715846996,427.517324590164,Low Value,Repeat Customer
14272.0,920.81,4,1097,230.2025,4,508,16.93,920.81,Medium Value,16.68856767411301,55.17609527559055,662.1131433070866,Low Value,Repeat Customer
14273.0,559.97,4,264,139.9925,4,190,6.33,559.97,Medium Value,6.241787122207621,89.71308842105265,1076.5570610526318,Low Value,Repeat Customer
14274.0,256.6,1,178,256.6,1,0,0.0,256.6,Low Value,1.0,256.6,3079.2000000000003,Medium Value,Single Purchase
14275.0,1189.3799999999999,6,538,198.23,6,211,7.03,1189.3799999999999,Medium Value,6.931668856767411,171.5863848341232,2059.0366180094784,Medium Value,Repeat Customer
14276.0,2102.68,7,1406,300.3828571428571,7,561,18.7,2102.68,High Value,18.429697766097238,114.09194153297683,1369.103298395722,Low Value,Repeat Customer
14277.0,17197.61,9,89806,1910.8455555555556,9,710,23.67,17197.61,High Value,23.324572930354794,737.3172512676057,8847.807015211269,High Value,Repeat Customer
14278.0,205.83,1,131,205.83,1,0,0.0,205.83,Low Value,1.0,205.83,2469.96,Medium Value,Single Purchase
14279.0,191.86,2,46,95.93,2,160,5.33,191.86,Low Value,5.256241787122208,36.501365,438.01638,Low Value,Repeat Customer
14280.0,134.04,1,52,134.04,1,0,0.0,134.04,Low Value,1.0,134.04,1608.48,Medium Value,Single Purchase
14281.0,245.15,1,45,245.15,1,0,0.0,245.15,Low Value,1.0,245.15,2941.8,Medium Value,Single Purchase
14282.0,7250.76,25,5166,290.0304,25,659,21.97,7250.759999999999,High Value,21.64914586070959,334.92129650986345,4019.0555581183617,High Value,Repeat Customer
14283.0,628.4399999999999,4,550,157.10999999999999,4,106,3.53,628.4399999999999,Medium Value,3.4822601839684624,180.46899622641507,2165.6279547169806,Medium Value,Repeat Customer
14284.0,1299.65,3,510,433.2166666666667,3,622,20.73,1299.65,Medium Value,20.43363994743758,63.603450160771715,763.2414019292605,Low Value,Repeat Customer
14285.0,3284.42,8,954,410.5525,8,710,23.67,3284.42,High Value,23.324572930354794,140.81372507042255,1689.7647008450706,Medium Value,Repeat Customer
14286.0,8479.76,7,8795,1211.3942857142858,7,712,23.73,8479.76,High Value,23.390275952693823,362.5335595505618,4350.402714606742,High Value,Repeat Customer
14287.0,176.63,3,261,58.876666666666665,3,190,6.33,176.63,Low Value,6.241787122207621,28.297985263157894,339.5758231578947,Low Value,Repeat Customer
14288.0,426.6,1,188,426.6,1,0,0.0,426.6,Low Value,1.0,426.6,5119.200000000001,High Value,Single Purchase
14289.0,911.26,6,292,151.87666666666667,6,280,9.33,911.26,Medium Value,9.198423127463863,99.06698,1188.80376,Low Value,Repeat Customer
14290.0,4516.56,8,1600,564.57,8,720,24.0,4516.56,High Value,23.653088042049934,190.95012000000003,2291.4014400000005,Medium Value,Repeat Customer
14291.0,7904.1,23,6146,343.6565217391304,23,728,24.27,7904.099999999999,High Value,23.915900131406044,330.4956098901099,3965.947318681319,High Value,Repeat Customer
14292.0,9226.25,16,3429,576.640625,16,623,20.77,9226.25,High Value,20.466491458607095,450.7978330658106,5409.573996789727,High Value,Repeat Customer
14293.0,2903.01,9,1558,322.5566666666667,9,726,24.2,2903.01,High Value,23.850197109067015,121.71849090909093,1460.6218909090912,Medium Value,Repeat Customer
14294.0,375.34,1,190,375.34,1,0,0.0,375.34,Low Value,1.0,375.34,4504.08,High Value,Single Purchase
14295.0,2362.91,5,1029,472.582,5,691,23.03,2362.91,High Value,22.700394218134033,104.09114384949349,1249.0937261939218,Low Value,Repeat Customer
14296.0,456.40000000000003,2,314,228.20000000000002,2,152,5.07,456.40000000000003,Low Value,4.993429697766097,91.4001052631579,1096.8012631578947,Low Value,Repeat Customer
14297.0,1305.33,4,865,326.3325,4,257,8.57,1305.33,Medium Value,8.442838370565045,154.6079579766537,1855.2954957198444,Medium Value,Repeat Customer
14298.0,91194.49,82,100272,1112.1279268292683,82,719,23.97,91194.49,High Value,23.62023653088042,3860.862692072323,46330.352304867876,High Value,Repeat Customer
14299.0,14070.25,27,8136,521.1203703703703,27,729,24.3,14070.249999999998,High Value,23.94875164257556,587.5149657064471,7050.1795884773655,High Value,Repeat Customer
14300.0,43.2,1,32,43.2,1,0,0.0,43.2,Low Value,1.0,43.2,518.4000000000001,Low Value,Single Purchase
14301.0,1992.18,4,1686,498.045,4,549,18.3,1992.18,High Value,18.035479632063073,110.45894207650275,1325.507304918033,Low Value,Repeat Customer
14302.0,742.9000000000001,3,298,247.63333333333335,3,306,10.2,742.9000000000001,Medium Value,10.052562417871222,73.90155555555556,886.8186666666668,Low Value,Repeat Customer
14303.0,277.94,2,218,138.97,2,27,0.9,277.94,Low Value,1.0,277.94,3335.2799999999997,Medium Value,Repeat Customer
14304.0,1725.01,3,775,575.0033333333333,3,348,11.6,1725.01,High Value,11.432325886990801,150.88880574712644,1810.6656689655174,Medium Value,Repeat Customer
14305.0,1858.96,3,1089,619.6533333333333,3,64,2.13,1858.96,High Value,2.102496714848883,884.16785,10610.014200000001,High Value,Repeat Customer
14306.0,3151.4,6,2065,525.2333333333333,6,625,20.83,3151.4,High Value,20.532194480946124,153.48578559999999,1841.8294271999998,Medium Value,Repeat Customer
14307.0,4287.92,10,2816,428.79200000000003,10,643,21.43,4287.92,High Value,21.12352168199737,202.992666874028,2435.912002488336,Medium Value,Repeat Customer
14308.0,1147.02,2,2,573.51,2,0,0.0,1147.02,Medium Value,1.0,1147.02,13764.24,High Value,Repeat Customer
14309.0,3780.81,11,2583,343.71,11,542,18.07,3780.81,High Value,17.805519053876477,212.33921845018452,2548.0706214022143,Medium Value,Repeat Customer
14310.0,492.1,1,230,492.1,1,0,0.0,492.1,Medium Value,1.0,492.1,5905.200000000001,High Value,Single Purchase
14311.0,516.45,2,235,258.225,2,324,10.8,516.45,Medium Value,10.64388961892247,48.520796296296304,582.2495555555556,Low Value,Repeat Customer
14312.0,3090.29,11,1904,280.93545454545455,11,457,15.23,3090.29,High Value,15.013140604467806,205.8390100656455,2470.068120787746,Medium Value,Repeat Customer
14314.0,229.8,2,332,114.9,2,324,10.8,229.8,Low Value,10.64388961892247,21.589851851851854,259.0782222222223,Low Value,Repeat Customer
14315.0,3197.82,8,1344,399.7275,8,589,19.63,3197.82,High Value,19.349540078843624,165.26594363327678,1983.1913235993213,Medium Value,Repeat Customer
14316.0,1370.34,5,4494,274.068,5,208,6.93,1370.34,Medium Value,6.83311432325887,200.54398846153845,2406.5278615384614,Medium Value,Repeat Customer
14317.0,508.58000000000004,1,255,508.58000000000004,1,0,0.0,508.58000000000004,Medium Value,1.0,508.58000000000004,6102.960000000001,High Value,Single Purchase
14318.0,158.02,1,152,158.02,1,0,0.0,158.02,Low Value,1.0,158.02,1896.2400000000002,Medium Value,Single Purchase
14319.0,494.85,1,329,494.85,1,0,0.0,494.85,Medium Value,1.0,494.85,5938.200000000001,High Value,Single Purchase
14320.0,1346.75,5,713,269.35,5,480,16.0,1346.75,Medium Value,15.768725361366622,85.40639583333333,1024.87675,Low Value,Repeat Customer
14321.0,2218.06,7,3275,316.86571428571426,7,462,15.4,2218.06,High Value,15.177398160315374,146.14230822510822,1753.7076987012988,Medium Value,Repeat Customer
14322.0,474.1,4,158,118.525,4,230,7.67,474.1,Medium Value,7.555847568988173,62.74610434782609,752.9532521739131,Low Value,Repeat Customer
14323.0,605.0600000000001,2,350,302.53000000000003,2,123,4.1,605.0600000000001,Medium Value,4.040735873850197,149.74005203252034,1796.880624390244,Medium Value,Repeat Customer
14324.0,701.61,2,402,350.805,2,283,9.43,701.61,Medium Value,9.296977660972404,75.46646077738517,905.5975293286219,Low Value,Repeat Customer
14325.0,245.48000000000002,1,320,245.48000000000002,1,0,0.0,245.48000000000002,Low Value,1.0,245.48000000000002,2945.76,Medium Value,Single Purchase
14326.0,940.98,3,572,313.66,3,290,9.67,940.98,Medium Value,9.526938239159001,98.77045241379311,1185.2454289655172,Low Value,Repeat Customer
14327.0,1894.93,6,1296,315.82166666666666,6,536,17.87,1894.9299999999998,High Value,17.608409986859396,107.61505447761193,1291.3806537313433,Low Value,Repeat Customer
14328.0,445.05,1,1,445.05,1,0,0.0,445.05,Low Value,1.0,445.05,5340.6,High Value,Single Purchase
14329.0,9887.62,15,5913,659.1746666666667,15,706,23.53,9887.62,High Value,23.19316688567674,426.3160804532579,5115.792965439095,High Value,Repeat Customer
14330.0,200.63,1,103,200.63,1,0,0.0,200.63,Low Value,1.0,200.63,2407.56,Medium Value,Single Purchase
14331.0,462.65999999999997,2,252,231.32999999999998,2,10,0.33,462.65999999999997,Medium Value,1.0,462.65999999999997,5551.92,High Value,Repeat Customer
14332.0,1917.41,5,875,383.482,5,393,13.1,1917.41,High Value,12.910643889618921,148.51389414758273,1782.1667297709928,Medium Value,Repeat Customer
14333.0,415.2,1,58,415.2,1,0,0.0,415.2,Low Value,1.0,415.2,4982.4,High Value,Single Purchase
14334.0,4318.48,12,2986,359.8733333333333,12,551,18.37,4318.48,High Value,18.101182654402102,238.5744667876588,2862.8936014519054,Medium Value,Repeat Customer
14335.0,454.86,2,375,227.43,2,80,2.67,454.86,Low Value,2.628120893561104,173.07423,2076.8907600000002,Medium Value,Repeat Customer
14336.0,1614.91,4,1759,403.7275,4,259,8.63,1614.91,High Value,8.508541392904073,189.79868880308882,2277.584265637066,Medium Value,Repeat Customer
14338.0,928.1,3,622,309.3666666666667,3,375,12.5,928.1,Medium Value,12.319316688567673,75.33697066666667,904.0436480000001,Low Value,Repeat Customer
14339.0,620.27,2,456,310.135,2,186,6.2,620.27,Medium Value,6.110381077529566,101.51085376344086,1218.1302451612903,Low Value,Repeat Customer
14340.0,134.7,1,58,134.7,1,0,0.0,134.7,Low Value,1.0,134.7,1616.3999999999999,Medium Value,Single Purchase
14341.0,4452.02,18,2813,247.33444444444447,18,693,23.1,4452.02,High Value,22.766097240473062,195.55481789321792,2346.657814718615,Medium Value,Repeat Customer
14342.0,918.44,6,521,153.07333333333335,6,451,15.03,918.44,Medium Value,14.816031537450723,61.989608869179605,743.8753064301552,Low Value,Repeat Customer
14343.0,1079.66,4,626,269.915,4,268,8.93,1079.66,Medium Value,8.804204993429698,122.63003880597016,1471.5604656716419,Medium Value,Repeat Customer
14344.0,2993.05,20,1546,149.6525,20,498,16.6,2993.05,High Value,16.36005256241787,182.94867871485945,2195.3841445783137,Medium Value,Repeat Customer
14345.0,108.97999999999999,1,50,108.97999999999999,1,0,0.0,108.97999999999999,Low Value,1.0,108.97999999999999,1307.7599999999998,Low Value,Single Purchase
14346.0,2315.75,5,1878,463.15,5,376,12.53,2315.75,High Value,12.352168199737187,187.4772074468085,2249.726489361702,Medium Value,Repeat Customer
14347.0,82.6,1,48,82.6,1,0,0.0,82.6,Low Value,1.0,82.6,991.1999999999999,Low Value,Single Purchase
14348.0,409.57,1,183,409.57,1,0,0.0,409.57,Low Value,1.0,409.57,4914.84,High Value,Single Purchase
14349.0,133.5,1,86,133.5,1,0,0.0,133.5,Low Value,1.0,133.5,1602.0,Medium Value,Single Purchase
14350.0,972.03,3,543,324.01,3,155,5.17,972.03,Medium Value,5.091984231274639,190.89414967741936,2290.7297961290324,Medium Value,Repeat Customer
14351.0,51.0,1,12,51.0,1,0,0.0,51.0,Low Value,1.0,51.0,612.0,Low Value,Single Purchase
14352.0,1078.96,4,538,269.74,4,116,3.87,1078.96,Medium Value,3.8107752956636003,283.13398620689657,3397.607834482759,High Value,Repeat Customer
14353.0,376.5,3,344,125.5,3,216,7.2,376.5,Low Value,7.09592641261498,53.05861111111111,636.7033333333334,Low Value,Repeat Customer
14354.0,163.62,2,210,81.81,2,24,0.8,163.62,Low Value,1.0,163.62,1963.44,Medium Value,Repeat Customer
14355.0,840.0500000000001,3,617,280.0166666666667,3,261,8.7,840.0500000000002,Medium Value,8.5742444152431,97.97364750957856,1175.6837701149427,Low Value,Repeat Customer
14356.0,701.23,2,277,350.615,2,1,0.03,701.23,Medium Value,1.0,701.23,8414.76,High Value,Repeat Customer
14357.0,225.12,1,147,225.12,1,0,0.0,225.12,Low Value,1.0,225.12,2701.44,Medium Value,Single Purchase
14358.0,400.06,2,338,200.03,2,38,1.27,400.06,Low Value,1.2483574244415243,320.4691157894737,3845.629389473684,High Value,Repeat Customer
14359.0,912.18,3,371,304.06,3,68,2.27,912.1800000000001,Medium Value,2.2339027595269383,408.334694117647,4900.016329411765,High Value,Repeat Customer
14360.0,2118.03,4,1139,529.5075,4,62,2.07,2118.03,High Value,2.0367936925098555,1039.884406451613,12478.612877419355,High Value,Repeat Customer
14361.0,214.70999999999998,1,251,214.70999999999998,1,0,0.0,214.70999999999998,Low Value,1.0,214.70999999999998,2576.5199999999995,Medium Value,Single Purchase
14362.0,151.5,1,96,151.5,1,0,0.0,151.5,Low Value,1.0,151.5,1818.0,Medium Value,Single Purchase
14363.0,227.47000000000003,2,105,113.73500000000001,2,49,1.63,227.47000000000003,Low Value,1.609724047306176,141.30993469387758,1695.7192163265308,Medium Value,Repeat Customer
14364.0,3717.35,8,1967,464.66875,8,102,3.4,3717.35,High Value,3.350854139290407,1109.373862745098,13312.486352941176,High Value,Repeat Customer
14365.0,634.68,2,557,317.34,2,287,9.57,634.68,Medium Value,9.42838370565046,67.31588571428571,807.7906285714286,Low Value,Repeat Customer
14366.0,136.0,1,16,136.0,1,0,0.0,136.0,Low Value,1.0,136.0,1632.0,Medium Value,Single Purchase
14367.0,9227.82,16,4426,576.73875,16,267,8.9,9227.82,High Value,8.771353482260183,1052.0406022471911,12624.487226966294,High Value,Repeat Customer
14368.0,155.0,1,36,155.0,1,0,0.0,155.0,Low Value,1.0,155.0,1860.0,Medium Value,Single Purchase
14369.0,469.13,2,255,234.565,2,19,0.63,469.13,Medium Value,1.0,469.13,5629.5599999999995,High Value,Repeat Customer
14370.0,1175.78,6,266,195.96333333333334,6,226,7.53,1175.78,Medium Value,7.424441524310118,158.3661203539823,1900.3934442477876,Medium Value,Repeat Customer
14371.0,100.5,1,34,100.5,1,0,0.0,100.5,Low Value,1.0,100.5,1206.0,Low Value,Single Purchase
14372.0,860.08,2,378,430.04,2,156,5.2,860.08,Medium Value,5.124835742444152,167.82586666666668,2013.9104000000002,Medium Value,Repeat Customer
14373.0,76.55,1,17,76.55,1,0,0.0,76.55,Low Value,1.0,76.55,918.5999999999999,Low Value,Single Purchase
14374.0,108.0,1,20,108.0,1,0,0.0,108.0,Low Value,1.0,108.0,1296.0,Low Value,Single Purchase
14375.0,1106.82,3,647,368.94,3,355,11.83,1106.82,Medium Value,11.662286465177397,94.90591774647888,1138.8710129577466,Low Value,Repeat Customer
14376.0,215.46,1,50,215.46,1,0,0.0,215.46,Low Value,1.0,215.46,2585.52,Medium Value,Single Purchase
14377.0,617.05,2,219,308.525,2,70,2.33,617.05,Medium Value,2.299605781865966,268.3286,3219.9431999999997,Medium Value,Repeat Customer
14378.0,131.25,1,57,131.25,1,0,0.0,131.25,Low Value,1.0,131.25,1575.0,Medium Value,Single Purchase
14379.0,1265.16,4,712,316.29,4,436,14.53,1265.16,Medium Value,14.323258869908015,88.32906055045872,1059.9487266055046,Low Value,Repeat Customer
14380.0,48.96,1,1,48.96,1,0,0.0,48.96,Low Value,1.0,48.96,587.52,Low Value,Single Purchase
14381.0,625.9399999999999,2,449,312.96999999999997,2,399,13.3,625.9399999999999,Medium Value,13.107752956636006,47.75341754385964,573.0410105263156,Low Value,Repeat Customer
14382.0,1193.6299999999999,2,1667,596.8149999999999,2,363,12.1,1193.6299999999999,Medium Value,11.925098554533507,100.09393168044078,1201.1271801652892,Low Value,Repeat Customer
14383.0,1247.69,3,817,415.8966666666667,3,125,4.17,1247.69,Medium Value,4.106438896189225,303.8374688,3646.0496256,High Value,Repeat Customer
14384.0,58.5,1,30,58.5,1,0,0.0,58.5,Low Value,1.0,58.5,702.0,Low Value,Single Purchase
14385.0,202.11,3,159,67.37,3,14,0.47,202.11,Low Value,1.0,202.11,2425.32,Medium Value,Repeat Customer
14386.0,142.4,1,54,142.4,1,0,0.0,142.4,Low Value,1.0,142.4,1708.8000000000002,Medium Value,Single Purchase
14387.0,1727.6,3,795,575.8666666666667,3,76,2.53,1727.6,High Value,2.4967148488830486,691.9492631578947,8303.391157894737,High Value,Repeat Customer
14388.0,6388.2,16,4190,399.2625,16,678,22.6,6388.2,High Value,22.273324572930353,286.80945132743364,3441.7134159292036,High Value,Repeat Customer
14389.0,1898.01,5,1388,379.602,5,525,17.5,1898.0099999999998,High Value,17.24704336399474,110.04842742857144,1320.5811291428572,Low Value,Repeat Customer
14390.0,6150.03,13,2830,473.0792307692308,13,414,13.8,6150.03,High Value,13.600525624178712,452.1906115942029,5426.287339130435,High Value,Repeat Customer
14391.0,135.6,1,168,135.6,1,0,0.0,135.6,Low Value,1.0,135.6,1627.1999999999998,Medium Value,Single Purchase
14392.0,266.4,1,114,266.4,1,0,0.0,266.4,Low Value,1.0,266.4,3196.7999999999997,Medium Value,Single Purchase
14393.0,67.95,1,13,67.95,1,0,0.0,67.95,Low Value,1.0,67.95,815.4000000000001,Low Value,Single Purchase
14394.0,93.8,1,58,93.8,1,0,0.0,93.8,Low Value,1.0,93.8,1125.6,Low Value,Single Purchase
14395.0,7801.93,20,3872,390.0965,20,598,19.93,7801.93,High Value,19.64520367936925,397.14172107023415,4765.70065284281,High Value,Repeat Customer
14396.0,1969.38,7,959,281.34000000000003,7,672,22.4,1969.38,High Value,22.07621550591327,89.20822500000001,1070.4987,Low Value,Repeat Customer
14397.0,2612.96,19,1890,137.52421052631578,19,210,7.0,2612.96,High Value,6.898817345597897,378.75477333333333,4545.05728,High Value,Repeat Customer
14398.0,707.79,2,267,353.895,2,126,4.2,707.79,Medium Value,4.139290407358739,170.9930761904762,2051.9169142857145,Medium Value,Repeat Customer
14399.0,2108.21,8,965,263.52625,8,280,9.33,2108.21,High Value,9.198423127463863,229.1925442857143,2750.3105314285713,Medium Value,Repeat Customer
14400.0,1732.47,3,1706,577.49,3,482,16.07,1732.47,High Value,15.83442838370565,109.4115908713693,1312.9390904564316,Low Value,Repeat Customer
14401.0,6795.9,22,6401,308.9045454545454,22,721,24.03,6795.9,High Value,23.68593955321945,286.9170540915395,3443.004649098474,High Value,Repeat Customer
14402.0,285.6,1,240,285.6,1,0,0.0,285.6,Low Value,1.0,285.6,3427.2000000000003,High Value,Single Purchase
14403.0,1880.51,6,737,313.41833333333335,6,508,16.93,1880.5100000000002,High Value,16.68856767411301,112.68252834645669,1352.1903401574803,Low Value,Repeat Customer
14404.0,2724.13,13,1577,209.54846153846154,13,685,22.83,2724.13,High Value,22.503285151116952,121.0547696350365,1452.6572356204379,Medium Value,Repeat Customer
14405.0,195.0,1,100,195.0,1,0,0.0,195.0,Low Value,1.0,195.0,2340.0,Medium Value,Single Purchase
14406.0,156.75,1,77,156.75,1,0,0.0,156.75,Low Value,1.0,156.75,1881.0,Medium Value,Single Purchase
14407.0,2157.73,6,1415,359.62166666666667,6,169,5.63,2157.73,High Value,5.551905387647832,388.6467526627219,4663.761031952663,High Value,Repeat Customer
14408.0,4102.27,11,2438,372.9336363636364,11,721,24.03,4102.27,High Value,23.68593955321945,173.1943117891817,2078.3317414701805,Medium Value,Repeat Customer
14409.0,3427.29,9,2233,380.81,9,496,16.53,3427.29,High Value,16.294349540078844,210.33610403225805,2524.0332483870966,Medium Value,Repeat Customer
14410.0,2631.9,11,1369,239.26363636363638,11,344,11.47,2631.9,High Value,11.300919842312746,232.89254651162793,2794.7105581395354,Medium Value,Repeat Customer
14411.0,1063.0,1,196,1063.0,1,0,0.0,1063.0,Medium Value,1.0,1063.0,12756.0,High Value,Single Purchase
14412.0,1426.19,3,1428,475.3966666666667,3,381,12.7,1426.19,Medium Value,12.516425755584756,113.94546876640422,1367.3456251968505,Low Value,Repeat Customer
14413.0,764.52,4,277,191.13,4,326,10.87,764.52,Medium Value,10.709592641261498,71.38646871165643,856.6376245398772,Low Value,Repeat Customer
14414.0,2399.33,8,2877,299.91625,8,283,9.43,2399.33,High Value,9.296977660972404,258.0763434628975,3096.91612155477,Medium Value,Repeat Customer
14415.0,11980.09,23,6263,520.8734782608695,23,722,24.07,11980.09,High Value,23.71879106438896,505.0885590027701,6061.0627080332415,High Value,Repeat Customer
14416.0,490.22,2,326,245.11,2,20,0.67,490.22,Medium Value,1.0,490.22,5882.64,High Value,Repeat Customer
14417.0,524.65,1,543,524.65,1,0,0.0,524.65,Medium Value,1.0,524.65,6295.799999999999,High Value,Single Purchase
14418.0,1937.25,3,1711,645.75,3,104,3.47,1937.25,High Value,3.416557161629435,567.0181730769231,6804.218076923076,High Value,Repeat Customer
14419.0,1254.64,7,552,179.23428571428573,7,372,12.4,1254.64,Medium Value,12.220762155059132,102.66462795698926,1231.9755354838712,Low Value,Repeat Customer
14420.0,1639.17,4,1120,409.7925,4,592,19.73,1639.17,High Value,19.44809461235217,84.28434932432432,1011.4121918918919,Low Value,Repeat Customer
14421.0,2469.37,6,1342,411.56166666666667,6,634,21.13,2469.37,High Value,20.827858081471746,118.56091924290222,1422.7310309148265,Low Value,Repeat Customer
14422.0,10271.52,19,6067,540.6063157894737,19,721,24.03,10271.52,High Value,23.68593955321945,433.6547417475728,5203.8569009708735,High Value,Repeat Customer
14423.0,916.6099999999999,3,419,305.53666666666663,3,476,15.87,916.6099999999999,Medium Value,15.637319316688567,58.616824369747896,703.4018924369748,Low Value,Repeat Customer
14424.0,322.08,1,48,322.08,1,0,0.0,322.08,Low Value,1.0,322.08,3864.96,High Value,Single Purchase
14425.0,661.39,3,325,220.46333333333334,3,302,10.07,661.39,Medium Value,9.921156373193167,66.66460794701986,799.9752953642383,Low Value,Repeat Customer
14426.0,11727.94,17,7023,689.8788235294118,17,621,20.7,11727.94,High Value,20.40078843626807,574.8768012882448,6898.521615458938,High Value,Repeat Customer
14427.0,1263.52,4,538,315.88,4,581,19.37,1263.52,Medium Value,19.086727989487514,66.19887917383822,794.3865500860586,Low Value,Repeat Customer
14428.0,1224.06,5,428,244.81199999999998,5,317,10.57,1224.06,Medium Value,10.413929040735873,117.54065110410095,1410.4878132492113,Low Value,Repeat Customer
14429.0,516.28,1,286,516.28,1,0,0.0,516.28,Medium Value,1.0,516.28,6195.36,High Value,Single Purchase
14430.0,1220.9,3,446,406.9666666666667,3,95,3.17,1220.9,Medium Value,3.1208935611038107,391.20206315789477,4694.424757894737,High Value,Repeat Customer
14431.0,2614.2,4,1202,653.55,4,384,12.8,2614.2,High Value,12.614980289093298,207.22981249999998,2486.7577499999998,Medium Value,Repeat Customer
14432.0,2248.5,6,2013,374.75,6,79,2.63,2248.5,High Value,2.59526938239159,866.3840506329115,10396.608607594937,High Value,Repeat Customer
14433.0,280.7,1,131,280.7,1,0,0.0,280.7,Low Value,1.0,280.7,3368.3999999999996,Medium Value,Single Purchase
14434.0,1372.8,6,368,228.79999999999998,6,50,1.67,1372.8,Medium Value,1.6425755584756898,835.76064,10029.12768,High Value,Repeat Customer
14435.0,90.42,1,282,90.42,1,0,0.0,90.42,Low Value,1.0,90.42,1085.04,Low Value,Single Purchase
14436.0,271.70000000000005,2,297,135.85000000000002,2,454,15.13,271.70000000000005,Low Value,14.914586070959263,18.217066079295158,218.6047929515419,Low Value,Repeat Customer
14437.0,873.34,5,420,174.668,5,217,7.23,873.34,Medium Value,7.128777923784494,122.50907649769586,1470.1089179723504,Medium Value,Repeat Customer
14438.0,131.9,1,82,131.9,1,0,0.0,131.9,Low Value,1.0,131.9,1582.8000000000002,Medium Value,Single Purchase
14439.0,9443.04,5,2244,1888.6080000000002,5,367,12.23,9443.04,High Value,12.056504599211562,783.2319825613081,9398.783790735697,High Value,Repeat Customer
14440.0,5982.03,13,1605,460.1561538461538,13,729,24.3,5982.03,High Value,23.94875164257556,249.7846271604938,2997.415525925926,Medium Value,Repeat Customer
14441.0,4611.6900000000005,11,1260,419.2445454545455,11,689,22.97,4611.6900000000005,High Value,22.634691195795007,203.74433033381715,2444.9319640058056,Medium Value,Repeat Customer
14442.0,5367.0199999999995,7,1431,766.7171428571428,7,485,16.17,5367.0199999999995,High Value,15.932982917214192,336.849667628866,4042.1960115463917,High Value,Repeat Customer
14443.0,2082.97,5,1357,416.59399999999994,5,325,10.83,2082.97,High Value,10.676741130091983,195.09417476923076,2341.130097230769,Medium Value,Repeat Customer
14444.0,120.44,1,172,120.44,1,0,0.0,120.44,Low Value,1.0,120.44,1445.28,Low Value,Single Purchase
14445.0,221.65,1,83,221.65,1,0,0.0,221.65,Low Value,1.0,221.65,2659.8,Medium Value,Single Purchase
14446.0,1200.28,5,1091,240.05599999999998,5,385,12.83,1200.28,Medium Value,12.64783180026281,94.90006025974027,1138.8007231168833,Low Value,Repeat Customer
14447.0,1711.73,6,913,285.28833333333336,6,381,12.7,1711.73,High Value,12.516425755584756,136.75869081364831,1641.10428976378,Medium Value,Repeat Customer
14448.0,375.35,2,104,187.675,2,354,11.8,375.35,Low Value,11.629434954007884,32.27585875706215,387.31030508474583,Low Value,Repeat Customer
14449.0,2230.96,8,1604,278.87,8,417,13.9,2230.96,High Value,13.699080157687254,162.85472997601917,1954.2567597122302,Medium Value,Repeat Customer
14450.0,1128.44,7,522,161.2057142857143,7,429,14.3,1128.44,Medium Value,14.09329829172142,80.06926247086247,960.8311496503496,Low Value,Repeat Customer
14451.0,3258.68,12,1737,271.5566666666667,12,631,21.03,3258.6800000000003,High Value,20.729303547963205,157.20161521394613,1886.4193825673535,Medium Value,Repeat Customer
14452.0,658.95,4,285,164.7375,4,510,17.0,658.95,Medium Value,16.754270696452036,39.3302705882353,471.96324705882364,Low Value,Repeat Customer
14453.0,119.93,1,49,119.93,1,0,0.0,119.93,Low Value,1.0,119.93,1439.16,Low Value,Single Purchase
14454.0,977.3,5,400,195.45999999999998,5,357,11.9,977.3,Medium Value,11.727989487516425,83.33056582633054,999.9667899159665,Low Value,Repeat Customer
14455.0,617.72,4,706,154.43,4,63,2.1,617.72,Medium Value,2.0696452036793693,298.4666158730159,3581.599390476191,High Value,Repeat Customer
14456.0,3017.28,9,2885,335.25333333333333,9,137,4.57,3017.2799999999997,High Value,4.50065703022339,670.4087824817518,8044.905389781022,High Value,Repeat Customer
14457.0,113.64,1,88,113.64,1,0,0.0,113.64,Low Value,1.0,113.64,1363.68,Low Value,Single Purchase
14458.0,228.07,1,317,228.07,1,0,0.0,228.07,Low Value,1.0,228.07,2736.84,Medium Value,Single Purchase
14459.0,5375.741,2,2303,2687.8705,2,496,16.53,5375.741,High Value,16.294349540078844,329.9144275,3958.97313,High Value,Repeat Customer
14460.0,1093.5,9,1879,121.5,9,613,20.43,1093.5,Medium Value,20.13797634691196,54.30039151712887,651.6046982055465,Low Value,Repeat Customer
14461.0,6676.91,13,3005,513.6084615384615,13,542,18.07,6676.909999999999,High Value,17.805519053876477,374.9910339483395,4499.8924073800745,High Value,Repeat Customer
14462.0,2242.81,12,1063,186.90083333333334,12,366,12.2,2242.81,High Value,12.02365308804205,186.53315956284152,2238.397914754098,Medium Value,Repeat Customer
14463.0,786.5699999999999,4,210,196.64249999999998,4,401,13.37,786.5699999999999,Medium Value,13.173455978975033,59.708705236907726,716.5044628428927,Low Value,Repeat Customer
14464.0,111.0,2,62,55.5,2,59,1.97,111.0,Low Value,1.938239159001314,57.26847457627119,687.2216949152543,Low Value,Repeat Customer
14465.0,3925.85,11,2539,356.8954545454545,11,454,15.13,3925.85,High Value,14.914586070959263,263.2221894273128,3158.666273127754,Medium Value,Repeat Customer
14466.0,4267.15,13,2507,328.2423076923077,13,696,23.2,4267.15,High Value,22.864651773981603,186.6265028735632,2239.5180344827586,Medium Value,Repeat Customer
14467.0,2203.2400000000002,12,1187,183.60333333333335,12,720,24.0,2203.2400000000002,High Value,23.653088042049934,93.14809111111113,1117.7770933333336,Low Value,Repeat Customer
14468.0,204.24,1,164,204.24,1,0,0.0,204.24,Low Value,1.0,204.24,2450.88,Medium Value,Single Purchase
14469.0,2093.46,4,973,523.365,4,263,8.77,2093.46,High Value,8.639947437582128,242.3000851711027,2907.6010220532326,Medium Value,Repeat Customer
14470.0,712.04,3,282,237.34666666666666,3,418,13.93,712.04,Medium Value,13.731931668856767,51.85286507177033,622.234380861244,Low Value,Repeat Customer
14471.0,400.95,2,187,200.475,2,141,4.7,400.95,Low Value,4.6320630749014455,86.55970212765958,1038.7164255319149,Low Value,Repeat Customer
14472.0,2118.72,9,1271,235.4133333333333,9,585,19.5,2118.72,High Value,19.21813403416557,110.24587487179488,1322.9504984615387,Low Value,Repeat Customer
14473.0,234.34000000000003,2,88,117.17000000000002,2,208,6.93,234.34000000000003,Low Value,6.83311432325887,34.2947576923077,411.5370923076924,Low Value,Repeat Customer
14474.0,1258.8899999999999,2,448,629.4449999999999,2,533,17.77,1258.8899999999999,Medium Value,17.509855453350852,71.8960818011257,862.7529816135084,Low Value,Repeat Customer
14475.0,1151.15,4,541,287.7875,4,337,11.23,1151.15,Medium Value,11.070959264126149,103.9792462908012,1247.7509554896144,Low Value,Repeat Customer
14476.0,193.0,1,110,193.0,1,0,0.0,193.0,Low Value,1.0,193.0,2316.0,Medium Value,Single Purchase
14477.0,1969.6,7,1120,281.37142857142857,7,684,22.8,1969.6,High Value,22.470433639947437,87.65295906432749,1051.8355087719299,Low Value,Repeat Customer
14478.0,1276.66,4,1226,319.165,4,356,11.87,1276.66,Medium Value,11.695137976346912,109.16160224719103,1309.9392269662924,Low Value,Repeat Customer
14479.0,1124.71,4,562,281.1775,4,479,15.97,1124.71,Medium Value,15.735873850197109,71.47426388308978,857.6911665970773,Low Value,Repeat Customer
14480.0,1299.52,4,670,324.88,4,707,23.57,1299.52,Medium Value,23.226018396846253,55.95104497878359,671.4125397454031,Low Value,Repeat Customer
14481.0,2284.69,5,1568,456.938,5,512,17.07,2284.69,High Value,16.819973718791065,135.83196015625,1629.983521875,Medium Value,Repeat Customer
14482.0,4306.72,12,2869,358.8933333333334,12,451,15.03,4306.72,High Value,14.816031537450723,290.6797268292683,3488.15672195122,High Value,Repeat Customer
14483.0,257.1,2,193,128.55,2,455,15.17,257.1,Low Value,14.947437582128778,17.200272527472528,206.40327032967033,Low Value,Repeat Customer
14484.0,1070.98,4,744,267.745,4,672,22.4,1070.98,Medium Value,22.07621550591327,48.51284404761905,582.1541285714286,Low Value,Repeat Customer
14485.0,162.8,1,70,162.8,1,0,0.0,162.8,Low Value,1.0,162.8,1953.6000000000001,Medium Value,Single Purchase
14486.0,175.5,2,90,87.75,2,41,1.37,175.5,Low Value,1.3469119579500657,130.29804878048782,1563.5765853658538,Medium Value,Repeat Customer
14487.0,1266.27,7,761,180.8957142857143,7,352,11.73,1266.27,Medium Value,11.563731931668856,109.50357613636363,1314.0429136363637,Low Value,Repeat Customer
14488.0,1064.28,1,799,1064.28,1,0,0.0,1064.28,Medium Value,1.0,1064.28,12771.36,High Value,Single Purchase
14489.0,1574.93,4,1011,393.7325,4,405,13.5,1574.93,Medium Value,13.304862023653088,118.37251654320988,1420.4701985185186,Low Value,Repeat Customer
14490.0,1273.47,2,933,636.735,2,22,0.73,1273.47,Medium Value,1.0,1273.47,15281.64,High Value,Repeat Customer
14491.0,340.93,2,139,170.465,2,197,6.57,340.93,Low Value,6.471747700394218,52.6797421319797,632.1569055837564,Low Value,Repeat Customer
14492.0,1921.91,7,751,274.55857142857144,7,188,6.27,1921.91,High Value,6.176084099868594,311.1858531914894,3734.230238297873,High Value,Repeat Customer
14493.0,5087.86,10,3148,508.78599999999994,10,634,21.13,5087.86,High Value,20.827858081471746,244.28148012618297,2931.3777615141958,Medium Value,Repeat Customer
14494.0,401.46,3,210,133.82,3,705,23.5,401.46,Low Value,23.160315374507228,17.33396085106383,208.00753021276594,Low Value,Repeat Customer
14495.0,174.8,3,68,58.26666666666667,3,609,20.3,174.8,Low Value,20.006570302233904,8.73712972085386,104.84555665024632,Low Value,Repeat Customer
14496.0,2363.89,7,905,337.6985714285714,7,321,10.7,2363.89,High Value,10.545335085413928,224.16452211838006,2689.9742654205606,Medium Value,Repeat Customer
14497.0,697.0600000000001,2,332,348.53000000000003,2,364,12.13,697.0600000000001,Medium Value,11.957950065703022,58.29260000000001,699.5112000000001,Low Value,Repeat Customer
14498.0,3900.83,10,2120,390.08299999999997,10,507,16.9,3900.83,High Value,16.655716162943495,234.2036788954635,2810.4441467455617,Medium Value,Repeat Customer
14499.0,2101.79,7,1231,300.2557142857143,7,443,14.77,2101.79,High Value,14.553219448094612,144.4209652370203,1733.0515828442437,Medium Value,Repeat Customer
14500.0,356.85,3,117,118.95,3,101,3.37,356.85,Low Value,3.3180026281208934,107.54964356435644,1290.5957227722774,Low Value,Repeat Customer
14501.0,251.21,2,161,125.605,2,136,4.53,251.21,Low Value,4.467805519053877,56.226708823529414,674.720505882353,Low Value,Repeat Customer
14502.0,2429.83,11,1480,220.89363636363635,11,293,9.77,2429.83,High Value,9.625492772667542,252.43694607508533,3029.243352901024,Medium Value,Repeat Customer
14503.0,3543.26,6,2004,590.5433333333334,6,175,5.83,3543.26,High Value,5.7490144546649145,616.3247680000001,7395.897216000001,High Value,Repeat Customer
14504.0,673.26,4,308,168.315,4,231,7.7,673.26,Medium Value,7.588699080157687,88.71876363636365,1064.6251636363638,Low Value,Repeat Customer
14505.0,11879.08,19,5325,625.2147368421053,19,713,23.77,11879.08,High Value,23.423127463863338,507.15174642356243,6085.820957082749,High Value,Repeat Customer
14506.0,2960.25,7,936,422.89285714285717,7,582,19.4,2960.25,High Value,19.11957950065703,154.82819587628867,1857.9383505154642,Medium Value,Repeat Customer
14507.0,3216.7400000000002,11,1491,292.4309090909091,11,705,23.5,3216.7400000000002,High Value,23.160315374507228,138.8901639716312,1666.6819676595746,Medium Value,Repeat Customer
14508.0,822.92,5,347,164.584,5,518,17.27,822.9200000000001,Medium Value,17.017082785808146,48.358464864864864,580.3015783783784,Low Value,Repeat Customer
14509.0,110.95,1,38,110.95,1,0,0.0,110.95,Low Value,1.0,110.95,1331.4,Low Value,Single Purchase
14510.0,979.85,3,793,326.6166666666667,3,60,2.0,979.85,Medium Value,1.9710906701708277,497.1105666666667,5965.326800000001,High Value,Repeat Customer
14511.0,1314.81,5,784,262.962,5,122,4.07,1314.81,Medium Value,4.0078843626806835,328.0558721311475,3936.6704655737703,High Value,Repeat Customer
14512.0,1215.97,7,736,173.71,7,544,18.13,1215.97,Medium Value,17.871222076215506,68.04067426470588,816.4880911764706,Low Value,Repeat Customer
14513.0,788.01,6,593,131.335,6,467,15.57,788.01,Medium Value,15.341655716162943,51.36407794432548,616.3689353319057,Low Value,Repeat Customer
14514.0,4380.04,9,2362,486.6711111111111,9,665,22.17,4380.04,High Value,21.846254927726676,200.49386105263156,2405.9263326315786,Medium Value,Repeat Customer
14515.0,3724.06,12,1893,310.3383333333333,12,532,17.73,3724.0599999999995,High Value,17.47700394218134,213.08343308270676,2557.0011969924813,Medium Value,Repeat Customer
14516.0,151.17,1,63,151.17,1,0,0.0,151.17,Low Value,1.0,151.17,1814.04,Medium Value,Single Purchase
14517.0,330.45,2,91,165.225,2,108,3.6,330.45,Low Value,3.54796320630749,93.13794444444444,1117.6553333333334,Low Value,Repeat Customer
14518.0,174.37,1,278,174.37,1,0,0.0,174.37,Low Value,1.0,174.37,2092.44,Medium Value,Single Purchase
14519.0,203.14,2,81,101.57,2,45,1.5,203.14,Low Value,1.4783180026281209,137.41292444444443,1648.955093333333,Medium Value,Repeat Customer
14520.0,270.6,2,146,135.3,2,289,9.63,270.6,Low Value,9.494086727989487,28.50195155709343,342.02341868512116,Low Value,Repeat Customer
14521.0,199.45000000000002,1,211,199.45000000000002,1,0,0.0,199.45000000000002,Low Value,1.0,199.45000000000002,2393.4,Medium Value,Single Purchase
14522.0,1748.42,8,956,218.5525,8,659,21.97,1748.42,High Value,21.64914586070959,80.76161578148711,969.1393893778453,Low Value,Repeat Customer
14523.0,241.09,1,251,241.09,1,0,0.0,241.09,Low Value,1.0,241.09,2893.08,Medium Value,Single Purchase
14524.0,2909.86,13,1169,223.8353846153846,13,385,12.83,2909.86,High Value,12.64783180026281,230.067891948052,2760.814703376624,Medium Value,Repeat Customer
14525.0,8026.54,17,5106,472.14941176470586,17,706,23.53,8026.54,High Value,23.19316688567674,346.07348101983007,4152.881772237961,High Value,Repeat Customer
14526.0,258.65,1,178,258.65,1,0,0.0,258.65,Low Value,1.0,258.65,3103.7999999999997,Medium Value,Single Purchase
14527.0,27246.88,122,6647,223.3350819672131,122,735,24.5,27246.88,High Value,24.14586070959264,1128.4286084353744,13541.143301224492,High Value,Repeat Customer
14528.0,364.21999999999997,1,278,364.21999999999997,1,0,0.0,364.21999999999997,Low Value,1.0,364.21999999999997,4370.639999999999,High Value,Single Purchase
14529.0,578.61,3,325,192.87,3,50,1.67,578.61,Medium Value,1.6425755584756898,352.257768,4227.093216,High Value,Repeat Customer
14530.0,6088.87,16,2989,380.554375,16,661,22.03,6088.87,High Value,21.71484888304862,280.4012145234493,3364.8145742813917,Medium Value,Repeat Customer
14531.0,376.34,1,260,376.34,1,0,0.0,376.34,Low Value,1.0,376.34,4516.08,High Value,Single Purchase
14532.0,3845.78,11,1111,349.61636363636364,11,462,15.4,3845.78,High Value,15.177398160315374,253.3886216450217,3040.6634597402604,Medium Value,Repeat Customer
14533.0,3466.37,11,6038,315.12454545454545,11,585,19.5,3466.37,High Value,19.21813403416557,180.3697483760684,2164.436980512821,Medium Value,Repeat Customer
14534.0,6187.66,26,2822,237.98692307692306,26,631,21.03,6187.66,High Value,20.729303547963205,298.49820982567354,3581.9785179080827,High Value,Repeat Customer
14535.0,5973.2300000000005,9,3214,663.6922222222223,9,593,19.77,5973.2300000000005,High Value,19.48094612352168,306.6190913996628,3679.4290967959537,High Value,Repeat Customer
14536.0,170.95,1,39,170.95,1,0,0.0,170.95,Low Value,1.0,170.95,2051.3999999999996,Medium Value,Single Purchase
14537.0,641.4,2,228,320.7,2,565,18.83,641.4,Medium Value,18.561103810775293,34.55613451327434,414.673614159292,Low Value,Repeat Customer
14538.0,1370.8400000000001,5,284,274.168,5,618,20.6,1370.8400000000001,Medium Value,20.302233902759525,67.52163365695795,810.2596038834954,Low Value,Repeat Customer
14539.0,537.48,2,428,268.74,2,28,0.93,537.48,Medium Value,1.0,537.48,6449.76,High Value,Repeat Customer
14540.0,3709.64,11,1595,337.24,11,722,24.07,3709.6400000000003,High Value,23.71879106438896,156.40088864265928,1876.8106637119113,Medium Value,Repeat Customer
14541.0,2491.38,14,1123,177.9557142857143,14,642,21.4,2491.38,High Value,21.090670170827856,118.1271140186916,1417.5253682242992,Low Value,Repeat Customer
14542.0,103.25,1,19,103.25,1,0,0.0,103.25,Low Value,1.0,103.25,1239.0,Low Value,Single Purchase
14543.0,14587.87,39,2639,374.0479487179487,39,709,23.63,14587.869999999999,High Value,23.291721419185283,626.3113720733428,7515.736464880114,High Value,Repeat Customer
14544.0,2938.53,3,2412,979.5100000000001,3,445,14.83,2938.53,High Value,14.61892247043364,201.0086588764045,2412.103906516854,Medium Value,Repeat Customer
14545.0,349.25,1,236,349.25,1,0,0.0,349.25,Low Value,1.0,349.25,4191.0,High Value,Single Purchase
14546.0,5184.84,11,2688,471.34909090909093,11,727,24.23,5184.84,High Value,23.88304862023653,217.0928880330124,2605.114656396149,Medium Value,Repeat Customer
14547.0,3974.75,8,2639,496.84375,8,50,1.67,3974.75,High Value,1.6425755584756898,2419.8278,29037.9336,High Value,Repeat Customer
14548.0,2541.29,9,986,282.36555555555555,9,582,19.4,2541.29,High Value,19.11957950065703,132.91558006872853,1594.9869608247423,Medium Value,Repeat Customer
14549.0,913.6,4,394,228.4,4,425,14.17,913.6,Medium Value,13.961892247043364,65.43525647058824,785.223077647059,Low Value,Repeat Customer
14550.0,1345.06,4,771,336.265,4,473,15.77,1345.06,Medium Value,15.538764783180026,86.56157801268499,1038.7389361522198,Low Value,Repeat Customer
14551.0,878.09,7,486,125.44142857142857,7,663,22.1,878.09,Medium Value,21.780551905387647,40.31532368024133,483.7838841628959,Low Value,Repeat Customer
14552.0,507.93,3,258,169.31,3,440,14.67,507.93,Medium Value,14.45466491458607,35.13952090909091,421.6742509090909,Low Value,Repeat Customer
14553.0,1818.6,9,1118,202.06666666666666,9,490,16.33,1818.6,High Value,16.09724047306176,112.97588571428571,1355.7106285714285,Low Value,Repeat Customer
14554.0,2279.4900000000002,4,1443,569.8725000000001,4,42,1.4,2279.4900000000002,High Value,1.3797634691195795,1652.0875142857144,19825.05017142857,High Value,Repeat Customer
14555.0,2304.03,6,842,384.00500000000005,6,664,22.13,2304.03,High Value,21.81340341655716,105.62450783132532,1267.4940939759038,Low Value,Repeat Customer
14556.0,815.69,3,323,271.8966666666667,3,92,3.07,815.69,Medium Value,3.0223390275952693,269.88699565217394,3238.6439478260872,Medium Value,Repeat Customer
14557.0,788.38,1,510,788.38,1,0,0.0,788.38,Medium Value,1.0,788.38,9460.56,High Value,Single Purchase
14558.0,655.5,3,162,218.5,3,77,2.57,655.5,Medium Value,2.5295663600525624,259.1353246753247,3109.623896103896,Medium Value,Repeat Customer
14559.0,75.6,1,72,75.6,1,0,0.0,75.6,Low Value,1.0,75.6,907.1999999999999,Low Value,Single Purchase
14560.0,6114.03,44,4580,138.95522727272726,44,730,24.33,6114.029999999999,High Value,23.98160315374507,254.94667561643837,3059.3601073972604,Medium Value,Repeat Customer
14561.0,1080.76,3,1014,360.25333333333333,3,108,3.6,1080.76,Medium Value,3.54796320630749,304.61420740740743,3655.370488888889,High Value,Repeat Customer
14562.0,6638.150000000001,26,2574,255.31346153846155,26,666,22.2,6638.150000000001,High Value,21.879106438896187,303.4013303303304,3640.8159639639644,High Value,Repeat Customer
14563.0,640.54,2,279,320.27,2,82,2.73,640.54,Medium Value,2.6938239159001314,237.7809463414634,2853.3713560975607,Medium Value,Repeat Customer
14564.0,2605.62,2,1295,1302.81,2,300,10.0,2605.62,High Value,9.85545335085414,264.383576,3172.6029120000003,Medium Value,Repeat Customer
14565.0,3859.2200000000003,5,1940,771.844,5,377,12.57,3859.2200000000003,High Value,12.3850197109067,311.6038641909815,3739.2463702917776,High Value,Repeat Customer
14566.0,4092.0,4,2400,1023.0,4,423,14.1,4092.0,High Value,13.896189224704337,294.469219858156,3533.630638297872,High Value,Repeat Customer
14567.0,1530.3600000000001,2,412,765.1800000000001,2,73,2.43,1530.3600000000001,Medium Value,2.3981603153745072,638.1391561643836,7657.669873972603,High Value,Repeat Customer
14568.0,919.7,1,645,919.7,1,0,0.0,919.7,Medium Value,1.0,919.7,11036.400000000001,High Value,Single Purchase
14569.0,597.3299999999999,4,257,149.33249999999998,4,602,20.07,597.3299999999999,Medium Value,19.776609724047304,30.20386245847176,362.44634950166113,Low Value,Repeat Customer
14570.0,613.75,3,431,204.58333333333334,3,162,5.4,613.75,Medium Value,5.321944809461235,115.32438271604939,1383.8925925925926,Low Value,Repeat Customer
14571.0,160.0,1,56,160.0,1,0,0.0,160.0,Low Value,1.0,160.0,1920.0,Medium Value,Single Purchase
14572.0,5526.88,11,2878,502.44363636363636,11,618,20.6,5526.88,High Value,20.302233902759525,272.23014110032364,3266.7616932038836,Medium Value,Repeat Customer
14573.0,2163.12,13,683,166.39384615384614,13,520,17.33,2163.12,High Value,17.082785808147175,126.62571692307691,1519.508603076923,Medium Value,Repeat Customer
14574.0,143.70000000000002,1,63,143.70000000000002,1,0,0.0,143.70000000000002,Low Value,1.0,143.70000000000002,1724.4,Medium Value,Single Purchase
14575.0,420.22,1,163,420.22,1,0,0.0,420.22,Low Value,1.0,420.22,5042.64,High Value,Single Purchase
14576.0,35.400000000000006,1,12,35.400000000000006,1,0,0.0,35.400000000000006,Low Value,1.0,35.400000000000006,424.80000000000007,Low Value,Single Purchase
14577.0,1364.15,7,569,194.87857142857143,7,716,23.87,1364.15,Medium Value,23.52168199737188,57.995427374301684,695.9451284916202,Low Value,Repeat Customer
14578.0,168.63,1,240,168.63,1,0,0.0,168.63,Low Value,1.0,168.63,2023.56,Medium Value,Single Purchase
14579.0,105.56,1,56,105.56,1,0,0.0,105.56,Low Value,1.0,105.56,1266.72,Low Value,Single Purchase
14580.0,14.850000000000001,1,3,14.850000000000001,1,0,0.0,14.850000000000001,Low Value,1.0,14.850000000000001,178.20000000000002,Low Value,Single Purchase
14581.0,409.65,2,304,204.825,2,527,17.57,409.65,Low Value,17.31274638633377,23.661757115749523,283.9410853889943,Low Value,Repeat Customer
14582.0,114.11,1,73,114.11,1,0,0.0,114.11,Low Value,1.0,114.11,1369.32,Low Value,Single Purchase
14583.0,1660.29,8,1071,207.53625,8,615,20.5,1660.29,High Value,20.203679369250985,82.17760585365853,986.1312702439025,Low Value,Repeat Customer
14584.0,1738.16,8,960,217.27,8,491,16.37,1738.16,High Value,16.130091984231274,107.75883991853361,1293.1060790224033,Low Value,Repeat Customer
14585.0,1143.27,5,630,228.654,5,366,12.2,1143.27,Medium Value,12.02365308804205,95.08507868852459,1141.020944262295,Low Value,Repeat Customer
14586.0,237.36,1,444,237.36,1,0,0.0,237.36,Low Value,1.0,237.36,2848.32,Medium Value,Single Purchase
14587.0,1580.29,9,749,175.58777777777777,9,312,10.4,1580.29,Medium Value,10.249671484888305,154.17957564102565,1850.154907692308,Medium Value,Repeat Customer
14588.0,135.39,1,62,135.39,1,0,0.0,135.39,Low Value,1.0,135.39,1624.6799999999998,Medium Value,Single Purchase
14589.0,39.75,1,5,39.75,1,0,0.0,39.75,Low Value,1.0,39.75,477.0,Low Value,Single Purchase
14590.0,2993.37,20,901,149.6685,20,307,10.23,2993.37,High Value,10.085413929040735,296.80189837133554,3561.6227804560267,High Value,Repeat Customer
14591.0,1320.21,4,1228,330.0525,4,197,6.57,1320.21,Medium Value,6.471747700394218,203.99590050761424,2447.950806091371,Medium Value,Repeat Customer
14592.0,557.94,3,407,185.98000000000002,3,28,0.93,557.94,Medium Value,1.0,557.94,6695.280000000001,High Value,Repeat Customer
14593.0,3665.5299999999997,12,1848,305.4608333333333,12,708,23.6,3665.5299999999997,High Value,23.258869908015768,157.59708079096043,1891.1649694915252,Medium Value,Repeat Customer
14594.0,363.33,2,183,181.665,2,365,12.17,363.33,Low Value,11.990801576872535,30.300726575342466,363.6087189041096,Low Value,Repeat Customer
14595.0,2164.45,8,1228,270.55625,8,668,22.27,2164.45,High Value,21.944809461235216,98.6315239520958,1183.5782874251497,Low Value,Repeat Customer
14596.0,222.22000000000003,1,75,222.22000000000003,1,0,0.0,222.22000000000003,Low Value,1.0,222.22000000000003,2666.6400000000003,Medium Value,Single Purchase
14597.0,2184.63,6,1436,364.105,6,425,14.17,2184.63,High Value,13.961892247043364,156.47091105882353,1877.6509327058825,Medium Value,Repeat Customer
14598.0,384.04,2,354,192.02,2,525,17.5,384.04,Low Value,17.24704336399474,22.267004952380958,267.2040594285715,Low Value,Repeat Customer
14599.0,457.89,2,292,228.945,2,118,3.93,457.89,Low Value,3.876478318002628,118.12009830508475,1417.441179661017,Low Value,Repeat Customer
14600.0,865.1700000000001,2,487,432.58500000000004,2,87,2.9,865.1700000000001,Medium Value,2.8580814717477003,302.71005517241383,3632.520662068966,High Value,Repeat Customer
14601.0,213.96,1,168,213.96,1,0,0.0,213.96,Low Value,1.0,213.96,2567.52,Medium Value,Single Purchase
14602.0,205.35999999999999,1,80,205.35999999999999,1,0,0.0,205.35999999999999,Low Value,1.0,205.35999999999999,2464.3199999999997,Medium Value,Single Purchase
14603.0,660.0,1,400,660.0,1,0,0.0,660.0,Medium Value,1.0,660.0,7920.0,High Value,Single Purchase
14604.0,143.85999999999999,1,88,143.85999999999999,1,0,0.0,143.85999999999999,Low Value,1.0,143.85999999999999,1726.3199999999997,Medium Value,Single Purchase
14605.0,921.5600000000001,4,416,230.39000000000001,4,357,11.9,921.5600000000001,Medium Value,11.727989487516425,78.5778330532213,942.9339966386556,Low Value,Repeat Customer
14606.0,29951.37,192,15217,155.99671874999999,192,735,24.5,29951.369999999995,High Value,24.14586070959264,1240.4349697959185,14885.219637551021,High Value,Repeat Customer
14607.0,23763.13,22,15335,1080.1422727272727,22,708,23.6,23763.13,High Value,23.258869908015768,1021.6803350282487,12260.164020338983,High Value,Repeat Customer
14608.0,3352.94,11,927,304.8127272727273,11,729,24.3,3352.94,High Value,23.94875164257556,140.00479231824417,1680.05750781893,Medium Value,Repeat Customer
14609.0,1486.2,10,12720,148.62,10,596,19.87,1486.2,Medium Value,19.579500657030223,75.90591946308724,910.871033557047,Low Value,Repeat Customer
14610.0,24.35,2,15,12.175,2,118,3.93,24.35,Low Value,3.876478318002628,6.281474576271187,75.37769491525425,Low Value,Repeat Customer
14611.0,604.3299999999999,2,582,302.16499999999996,2,154,5.13,604.3299999999999,Medium Value,5.059132720105125,119.4532805194805,1433.4393662337661,Low Value,Repeat Customer
14612.0,877.7,1,134,877.7,1,0,0.0,877.7,Medium Value,1.0,877.7,10532.400000000001,High Value,Single Purchase
14613.0,76.32000000000001,1,72,76.32000000000001,1,0,0.0,76.32000000000001,Low Value,1.0,76.32000000000001,915.8400000000001,Low Value,Single Purchase
14614.0,295.13,1,189,295.13,1,0,0.0,295.13,Low Value,1.0,295.13,3541.56,High Value,Single Purchase
14615.0,951.76,5,495,190.352,5,153,5.1,951.76,Medium Value,5.026281208935611,189.3566954248366,2272.280345098039,Medium Value,Repeat Customer
14616.0,527.78,5,170,105.556,5,306,10.2,527.78,Medium Value,10.052562417871222,52.50203660130719,630.0244392156862,Low Value,Repeat Customer
14617.0,190.47000000000003,2,81,95.23500000000001,2,13,0.43,190.47000000000003,Low Value,1.0,190.47000000000003,2285.6400000000003,Medium Value,Repeat Customer
14618.0,1342.32,7,704,191.76,7,537,17.9,1342.32,Medium Value,17.641261498028907,76.0897966480447,913.0775597765364,Low Value,Repeat Customer
14619.0,1291.24,2,594,645.62,2,295,9.83,1291.24,Medium Value,9.69119579500657,133.23845966101698,1598.8615159322037,Medium Value,Repeat Customer
14620.0,412.78000000000003,2,214,206.39000000000001,2,78,2.6,412.78000000000003,Low Value,2.562417871222076,161.09004102564103,1933.0804923076923,Medium Value,Repeat Customer
14621.0,3000.57,9,1706,333.3966666666667,9,682,22.73,3000.57,High Value,22.404730617608408,133.92573431085046,1607.1088117302056,Medium Value,Repeat Customer
14622.0,320.58000000000004,1,146,320.58000000000004,1,0,0.0,320.58000000000004,Low Value,1.0,320.58000000000004,3846.9600000000005,High Value,Single Purchase
14623.0,2016.98,10,1025,201.698,10,569,18.97,2016.98,High Value,18.69250985545335,107.9031128295255,1294.8373539543059,Low Value,Repeat Customer
14624.0,814.07,6,645,135.67833333333334,6,547,18.23,814.07,Medium Value,17.969776609724047,45.30217696526508,543.626123583181,Low Value,Repeat Customer
14625.0,4497.88,11,2155,408.89818181818185,11,527,17.57,4497.88,High Value,17.31274638633377,259.801645540797,3117.619746489564,Medium Value,Repeat Customer
14626.0,5410.92,11,3135,491.9018181818182,11,705,23.5,5410.92,High Value,23.160315374507228,233.62894297872342,2803.547315744681,Medium Value,Repeat Customer
14627.0,462.75,1,284,462.75,1,0,0.0,462.75,Medium Value,1.0,462.75,5553.0,High Value,Single Purchase
14628.0,1998.0,5,1147,399.6,5,592,19.73,1998.0,High Value,19.44809461235217,102.735,1232.82,Low Value,Repeat Customer
14629.0,955.26,2,378,477.63,2,43,1.43,955.26,Medium Value,1.4126149802890933,676.2352186046512,8114.8226232558145,High Value,Repeat Customer
14630.0,338.65,1,111,338.65,1,0,0.0,338.65,Low Value,1.0,338.65,4063.7999999999997,High Value,Single Purchase
14631.0,2025.69,6,1407,337.615,6,436,14.53,2025.69,High Value,14.323258869908015,141.4266137614679,1697.1193651376147,Medium Value,Repeat Customer
14632.0,114.56,1,96,114.56,1,0,0.0,114.56,Low Value,1.0,114.56,1374.72,Low Value,Single Purchase
14633.0,344.90000000000003,1,96,344.90000000000003,1,0,0.0,344.90000000000003,Low Value,1.0,344.90000000000003,4138.8,High Value,Single Purchase
14634.0,2124.46,4,1906,531.115,4,104,3.47,2124.46,High Value,3.416557161629435,621.8131000000001,7461.757200000001,High Value,Repeat Customer
14635.0,215.22,1,118,215.22,1,0,0.0,215.22,Low Value,1.0,215.22,2582.64,Medium Value,Single Purchase
14636.0,609.85,2,241,304.925,2,232,7.73,609.85,Medium Value,7.621550591327201,80.01652586206897,960.1983103448276,Low Value,Repeat Customer
14637.0,106.67999999999999,1,100,106.67999999999999,1,0,0.0,106.67999999999999,Low Value,1.0,106.67999999999999,1280.1599999999999,Low Value,Single Purchase
14638.0,443.6,1,166,443.6,1,0,0.0,443.6,Low Value,1.0,443.6,5323.200000000001,High Value,Single Purchase
14639.0,4978.96,9,2410,553.2177777777778,9,609,20.3,4978.96,High Value,20.006570302233904,248.8662436781609,2986.394924137931,Medium Value,Repeat Customer
14640.0,3649.36,10,1645,364.93600000000004,10,661,22.03,3649.3600000000006,High Value,21.71484888304862,168.05827291981845,2016.6992750378213,Medium Value,Repeat Customer
14641.0,110.46,1,90,110.46,1,0,0.0,110.46,Low Value,1.0,110.46,1325.52,Low Value,Single Purchase
14642.0,96.12,1,76,96.12,1,0,0.0,96.12,Low Value,1.0,96.12,1153.44,Low Value,Single Purchase
14643.0,1679.89,5,1377,335.978,5,558,18.6,1679.89,High Value,18.331143232588698,91.64131111111112,1099.6957333333335,Low Value,Repeat Customer
14644.0,2247.72,7,770,321.1028571428571,7,668,22.27,2247.72,High Value,21.944809461235216,102.42604311377245,1229.1125173652695,Low Value,Repeat Customer
14645.0,876.89,3,587,292.2966666666667,3,477,15.9,876.8900000000001,Medium Value,15.670170827858081,55.9591857442348,671.5102289308177,Low Value,Repeat Customer
14646.0,528602.52,151,367193,3500.678940397351,151,735,24.5,528602.52,High Value,24.14586070959264,21892.05538612245,262704.6646334694,High Value,Repeat Customer
14647.0,506.04,2,175,253.02,2,322,10.73,506.04,Medium Value,10.578186596583443,47.83806708074535,574.0568049689441,Low Value,Repeat Customer
14648.0,4466.65,15,3265,297.77666666666664,15,312,10.4,4466.65,High Value,10.249671484888305,435.7846987179487,5229.416384615384,High Value,Repeat Customer
14649.0,3651.19,9,2415,405.6877777777778,9,683,22.77,3651.19,High Value,22.437582128777922,162.72653528550515,1952.7184234260617,Medium Value,Repeat Customer
14650.0,62.5,1,22,62.5,1,0,0.0,62.5,Low Value,1.0,62.5,750.0,Low Value,Single Purchase
14651.0,2025.52,9,880,225.05777777777777,9,564,18.8,2025.52,High Value,18.528252299605782,109.32061843971631,1311.8474212765957,Low Value,Repeat Customer
14652.0,114.18,1,53,114.18,1,0,0.0,114.18,Low Value,1.0,114.18,1370.16,Low Value,Single Purchase
14653.0,3593.06,12,1969,299.4216666666667,12,736,24.53,3593.0600000000004,High Value,24.178712220762154,148.604275,1783.2513,Medium Value,Repeat Customer
14654.0,246.86,1,273,246.86,1,0,0.0,246.86,Low Value,1.0,246.86,2962.32,Medium Value,Single Purchase
14655.0,3878.51,7,2341,554.0728571428572,7,588,19.6,3878.51,High Value,19.316688567674113,200.78544965986396,2409.4253959183675,Medium Value,Repeat Customer
14656.0,790.0,5,309,158.0,5,434,14.47,790.0,Medium Value,14.257555847568987,55.40921658986176,664.9105990783411,Low Value,Repeat Customer
14657.0,1450.19,6,879,241.69833333333335,6,417,13.9,1450.19,Medium Value,13.699080157687254,105.86039232613909,1270.324707913669,Low Value,Repeat Customer
14658.0,247.15,2,47,123.575,2,111,3.7,247.15,Low Value,3.6465177398160313,67.776990990991,813.3238918918919,Low Value,Repeat Customer
14659.0,2529.93,9,1195,281.1033333333333,9,306,10.2,2529.93,High Value,10.052562417871222,251.6701607843137,3020.0419294117646,Medium Value,Repeat Customer
14660.0,285.74,2,228,142.87,2,14,0.47,285.74,Low Value,1.0,285.74,3428.88,High Value,Repeat Customer
14661.0,107.95,1,35,107.95,1,0,0.0,107.95,Low Value,1.0,107.95,1295.4,Low Value,Single Purchase
14662.0,1376.43,7,907,196.63285714285715,7,707,23.57,1376.43,Medium Value,23.226018396846253,59.262417538896756,711.1490104667611,Low Value,Repeat Customer
14663.0,490.6,2,397,245.3,2,0,0.0,490.6,Medium Value,1.0,490.6,5887.200000000001,High Value,Repeat Customer
14664.0,636.24,2,465,318.12,2,13,0.43,636.24,Medium Value,1.0,636.24,7634.88,High Value,Repeat Customer
14665.0,2749.65,7,1144,392.8071428571429,7,531,17.7,2749.65,High Value,17.444152431011826,157.62588700564973,1891.5106440677969,Medium Value,Repeat Customer
14666.0,195.25,1,161,195.25,1,0,0.0,195.25,Low Value,1.0,195.25,2343.0,Medium Value,Single Purchase
14667.0,20395.34,54,11939,377.6914814814815,54,726,24.2,20395.34,High Value,23.850197109067015,855.1434567493114,10261.721480991737,High Value,Repeat Customer
14668.0,111.63,1,49,111.63,1,0,0.0,111.63,Low Value,1.0,111.63,1339.56,Low Value,Single Purchase
14669.0,3216.78,7,2043,459.54,7,495,16.5,3216.78,High Value,16.26149802890933,197.81572363636366,2373.788683636364,Medium Value,Repeat Customer
14670.0,583.33,3,423,194.44333333333336,3,452,15.07,583.33,Medium Value,14.848883048620236,39.28443628318585,471.4132353982302,Low Value,Repeat Customer
14671.0,1127.45,2,571,563.725,2,18,0.6,1127.45,Medium Value,1.0,1127.45,13529.400000000001,High Value,Repeat Customer
14672.0,1113.14,4,646,278.285,4,445,14.83,1113.14,Medium Value,14.61892247043364,76.1437788764045,913.725346516854,Low Value,Repeat Customer
14673.0,3037.32,7,1822,433.90285714285716,7,406,13.53,3037.32,High Value,13.337713534822601,227.7241891625616,2732.690269950739,Medium Value,Repeat Customer
14674.0,173.66,1,103,173.66,1,0,0.0,173.66,Low Value,1.0,173.66,2083.92,Medium Value,Single Purchase
14675.0,1015.58,2,660,507.79,2,372,12.4,1015.58,Medium Value,12.220762155059132,83.10283655913979,997.2340387096774,Low Value,Repeat Customer
14676.0,8356.79,12,8792,696.3991666666667,12,608,20.27,8356.79,High Value,19.97371879106439,418.38928881578954,5020.6714657894745,High Value,Repeat Customer
14677.0,184.91,1,139,184.91,1,0,0.0,184.91,Low Value,1.0,184.91,2218.92,Medium Value,Single Purchase
14678.0,403.39,1,179,403.39,1,0,0.0,403.39,Low Value,1.0,403.39,4840.68,High Value,Single Purchase
14679.0,1289.44,3,794,429.81333333333333,3,349,11.63,1289.44,Medium Value,11.465177398160314,112.46576962750719,1349.5892355300862,Low Value,Repeat Customer
14680.0,55688.5,58,26894,960.1465517241379,58,710,23.67,55688.5,High Value,23.324572930354794,2387.5463943661975,28650.55673239437,High Value,Repeat Customer
14681.0,875.1500000000001,6,172,145.85833333333335,6,582,19.4,875.1500000000001,Medium Value,19.11957950065703,45.77245017182131,549.2694020618558,Low Value,Repeat Customer
14682.0,1514.81,6,949,252.46833333333333,6,484,16.13,1514.81,Medium Value,15.900131406044677,95.27028181818181,1143.2433818181817,Low Value,Repeat Customer
14683.0,146.56,1,386,146.56,1,0,0.0,146.56,Low Value,1.0,146.56,1758.72,Medium Value,Single Purchase
14684.0,1430.03,6,1005,238.33833333333334,6,364,12.13,1430.03,Medium Value,11.957950065703022,119.58822307692307,1435.0586769230767,Low Value,Repeat Customer
14685.0,4536.64,8,1969,567.08,8,150,5.0,4536.64,High Value,4.92772667542707,920.6354773333334,11047.625728,High Value,Repeat Customer
14686.0,852.53,5,457,170.506,5,245,8.17,852.53,Medium Value,8.04862023653088,105.92250285714286,1271.0700342857144,Low Value,Repeat Customer
14687.0,1402.06,3,850,467.3533333333333,3,445,14.83,1402.06,Medium Value,14.61892247043364,95.90720539325842,1150.886464719101,Low Value,Repeat Customer
14688.0,7190.42,28,5041,256.80071428571426,28,448,14.93,7190.419999999999,High Value,14.71747700394218,488.56335892857146,5862.7603071428575,High Value,Repeat Customer
14689.0,112.8,1,76,112.8,1,0,0.0,112.8,Low Value,1.0,112.8,1353.6,Low Value,Single Purchase
14690.0,777.68,4,341,194.42,4,366,12.2,777.68,Medium Value,12.02365308804205,64.6791781420765,776.1501377049179,Low Value,Repeat Customer
14691.0,2114.33,5,707,422.866,5,182,6.07,2114.33,High Value,5.978975032851511,353.6275010989011,4243.530013186813,High Value,Repeat Customer
14692.0,1715.1399999999999,12,890,142.9283333333333,12,480,16.0,1715.1399999999999,High Value,15.768725361366622,108.76846166666667,1305.22154,Low Value,Repeat Customer
14693.0,1165.36,7,388,166.48,7,261,8.7,1165.36,Medium Value,8.5742444152431,135.91401685823755,1630.9682022988504,Medium Value,Repeat Customer
14694.0,244.31,1,193,244.31,1,0,0.0,244.31,Low Value,1.0,244.31,2931.7200000000003,Medium Value,Single Purchase
14695.0,1534.22,3,661,511.4066666666667,3,213,7.1,1534.22,Medium Value,6.9973718791064385,219.2566046948357,2631.0792563380282,Medium Value,Repeat Customer
14696.0,2473.28,8,1867,309.16,8,417,13.9,2473.28,High Value,13.699080157687254,180.5435088729017,2166.5221064748202,Medium Value,Repeat Customer
14697.0,188.60999999999999,2,181,94.30499999999999,2,0,0.0,188.60999999999999,Low Value,1.0,188.60999999999999,2263.3199999999997,Medium Value,Repeat Customer
14698.0,1217.27,5,602,243.454,5,49,1.63,1217.27,Medium Value,1.609724047306176,756.1979346938775,9074.37521632653,High Value,Repeat Customer
14699.0,702.6,4,484,175.65,4,311,10.37,702.6,Medium Value,10.21681997371879,68.76895176848875,825.2274212218649,Low Value,Repeat Customer
14700.0,3076.06,5,1606,615.212,5,453,15.1,3076.06,High Value,14.88173455978975,206.70036732891833,2480.40440794702,Medium Value,Repeat Customer
14701.0,4487.11,15,1744,299.1406666666666,15,674,22.47,4487.11,High Value,22.141918528252297,202.65226765578635,2431.8272118694363,Medium Value,Repeat Customer
14702.0,6368.78,29,2878,219.61310344827587,29,727,24.23,6368.78,High Value,23.88304862023653,266.6652863823934,3199.983436588721,Medium Value,Repeat Customer
14703.0,318.17,1,183,318.17,1,0,0.0,318.17,Low Value,1.0,318.17,3818.04,High Value,Single Purchase
14704.0,1752.92,11,1164,159.35636363636365,11,612,20.4,1752.92,High Value,20.105124835742444,87.18772026143792,1046.252643137255,Low Value,Repeat Customer
14705.0,179.0,1,100,179.0,1,0,0.0,179.0,Low Value,1.0,179.0,2148.0,Medium Value,Single Purchase
14706.0,367.54,1,246,367.54,1,0,0.0,367.54,Low Value,1.0,367.54,4410.4800000000005,High Value,Single Purchase
14707.0,139.2,2,96,69.6,2,141,4.7,139.2,Low Value,4.6320630749014455,30.051404255319145,360.61685106382976,Low Value,Repeat Customer
14708.0,1793.22,5,1159,358.644,5,452,15.07,1793.22,High Value,14.848883048620236,120.76463893805311,1449.1756672566373,Medium Value,Repeat Customer
14709.0,8886.33,25,4141,355.4532,25,719,23.97,8886.33,High Value,23.62023653088042,376.21680834492355,4514.601700139083,High Value,Repeat Customer
14710.0,1899.79,13,1135,146.1376923076923,13,721,24.03,1899.79,High Value,23.68593955321945,80.20750013869625,962.490001664355,Low Value,Repeat Customer
14711.0,2839.62,11,966,258.1472727272727,11,252,8.4,2839.62,High Value,8.278580814717477,343.00806666666665,4116.096799999999,High Value,Repeat Customer
14712.0,1328.0700000000002,4,411,332.01750000000004,4,388,12.93,1328.0700000000002,Medium Value,12.746386333771353,104.19188350515465,1250.3026020618559,Low Value,Repeat Customer
14713.0,5115.76,21,3329,243.60761904761907,21,726,24.2,5115.76,High Value,23.850197109067015,214.4955019283747,2573.9460231404964,Medium Value,Repeat Customer
14714.0,906.24,4,642,226.56,4,663,22.1,906.24,Medium Value,21.780551905387647,41.607761085972854,499.29313303167424,Low Value,Repeat Customer
14715.0,1825.45,8,1030,228.18125,8,664,22.13,1825.45,High Value,21.81340341655716,83.68478614457831,1004.2174337349397,Low Value,Repeat Customer
14716.0,543.28,3,643,181.09333333333333,3,401,13.37,543.28,Medium Value,13.173455978975033,41.24050673316708,494.88608079800497,Low Value,Repeat Customer
14717.0,81.3,1,32,81.3,1,0,0.0,81.3,Low Value,1.0,81.3,975.5999999999999,Low Value,Single Purchase
14718.0,226.42,1,202,226.42,1,0,0.0,226.42,Low Value,1.0,226.42,2717.04,Medium Value,Single Purchase
14719.0,1581.84,5,1025,316.368,5,247,8.23,1581.84,Medium Value,8.114323258869907,194.94416842105264,2339.3300210526318,Medium Value,Repeat Customer
14720.0,663.81,3,219,221.26999999999998,3,120,4.0,663.81,Medium Value,3.9421813403416555,168.38647,2020.63764,Medium Value,Repeat Customer
14721.0,109.07,1,57,109.07,1,0,0.0,109.07,Low Value,1.0,109.07,1308.84,Low Value,Single Purchase
14722.0,489.52,3,214,163.17333333333332,3,339,11.3,489.52,Medium Value,11.136662286465176,43.9557191740413,527.4686300884956,Low Value,Repeat Customer
14723.0,1803.06,11,1168,163.91454545454545,11,725,24.17,1803.06,High Value,23.817345597897503,75.70365020689655,908.4438024827587,Low Value,Repeat Customer
14724.0,341.9,1,184,341.9,1,0,0.0,341.9,Low Value,1.0,341.9,4102.799999999999,High Value,Single Purchase
14725.0,1252.74,4,1335,313.185,4,510,17.0,1252.74,Medium Value,16.754270696452036,74.77138352941176,897.2566023529412,Low Value,Repeat Customer
14726.0,116.5,1,82,116.5,1,0,0.0,116.5,Low Value,1.0,116.5,1398.0,Low Value,Single Purchase
14727.0,463.72999999999996,3,458,154.57666666666665,3,272,9.07,463.72999999999996,Medium Value,8.935611038107753,51.89684264705882,622.7621117647059,Low Value,Repeat Customer
14728.0,190.58,1,68,190.58,1,0,0.0,190.58,Low Value,1.0,190.58,2286.96,Medium Value,Single Purchase
14729.0,586.24,3,372,195.41333333333333,3,251,8.37,586.24,Medium Value,8.245729303547963,71.09619760956176,853.1543713147411,Low Value,Repeat Customer
14730.0,1897.57,8,1078,237.19625,8,275,9.17,1897.57,High Value,9.034165571616294,210.04374836363638,2520.5249803636366,Medium Value,Repeat Customer
14731.0,380.02,3,256,126.67333333333333,3,165,5.5,380.02,Low Value,5.4204993429697765,70.10793212121212,841.2951854545454,Low Value,Repeat Customer
14732.0,5517.07,19,2273,290.3721052631579,19,722,24.07,5517.07,High Value,23.71879106438896,232.60333905817177,2791.2400686980614,Medium Value,Repeat Customer
14733.0,14335.15,15,5799,955.6766666666666,15,385,12.83,14335.15,High Value,12.64783180026281,1133.407703896104,13600.892446753249,High Value,Repeat Customer
14734.0,1056.42,4,378,264.105,4,125,4.17,1056.42,Medium Value,4.106438896189225,257.2593984,3087.1127808,Medium Value,Repeat Customer
14735.0,12240.16,56,4513,218.5742857142857,56,732,24.4,12240.16,High Value,24.0473061760841,509.003374863388,6108.040498360656,High Value,Repeat Customer
14736.0,374.05,2,148,187.025,2,0,0.0,374.05,Low Value,1.0,374.05,4488.6,High Value,Repeat Customer
14737.0,3554.17,4,1071,888.5425,4,396,13.2,3554.17,High Value,13.009198423127463,273.2043808080808,3278.45256969697,Medium Value,Repeat Customer
14738.0,1821.9,9,757,202.43333333333334,9,689,22.97,1821.9,High Value,22.634691195795007,80.49148911465893,965.8978693759072,Low Value,Repeat Customer
14739.0,11573.62,25,9696,462.94480000000004,25,733,24.43,11573.62,High Value,24.080157687253614,480.628912414734,5767.5469489768075,High Value,Repeat Customer
14740.0,4161.06,11,2081,378.27818181818185,11,455,15.17,4161.06,High Value,14.947437582128778,278.3794865934066,3340.5538391208793,Medium Value,Repeat Customer
14741.0,1713.09,7,1006,244.72714285714284,7,405,13.5,1713.09,High Value,13.304862023653088,128.75669037037036,1545.0802844444443,Medium Value,Repeat Customer
14742.0,579.85,1,374,579.85,1,0,0.0,579.85,Medium Value,1.0,579.85,6958.200000000001,High Value,Single Purchase
14743.0,50.48,1,40,50.48,1,0,0.0,50.48,Low Value,1.0,50.48,605.76,Low Value,Single Purchase
14744.0,3660.08,14,2399,261.4342857142857,14,553,18.43,3660.08,High Value,18.166885676741128,201.46986473779387,2417.6383768535266,Medium Value,Repeat Customer
14745.0,2551.41,12,1969,212.61749999999998,12,524,17.47,2551.41,High Value,17.21419185282523,148.21549694656488,1778.5859633587786,Medium Value,Repeat Customer
14746.0,593.5,4,398,148.375,4,17,0.57,593.5,Medium Value,1.0,593.5,7122.0,High Value,Repeat Customer
14747.0,328.2,1,84,328.2,1,0,0.0,328.2,Low Value,1.0,328.2,3938.3999999999996,High Value,Single Purchase
14748.0,2681.9,10,2422,268.19,10,616,20.53,2681.9,High Value,20.2365308804205,132.52765584415584,1590.3318701298701,Medium Value,Repeat Customer
14749.0,310.15,1,403,310.15,1,0,0.0,310.15,Low Value,1.0,310.15,3721.7999999999997,High Value,Single Purchase
14750.0,112.03,1,65,112.03,1,0,0.0,112.03,Low Value,1.0,112.03,1344.3600000000001,Low Value,Single Purchase
14751.0,126.45,2,65,63.225,2,41,1.37,126.45,Low Value,1.3469119579500657,93.88141463414634,1126.5769756097561,Low Value,Repeat Customer
14752.0,389.64,1,260,389.64,1,0,0.0,389.64,Low Value,1.0,389.64,4675.68,High Value,Single Purchase
14753.0,869.51,2,412,434.755,2,373,12.43,869.51,Medium Value,12.253613666228645,70.95947560321717,851.513707238606,Low Value,Repeat Customer
14754.0,1547.93,6,1010,257.98833333333334,6,646,21.53,1547.93,Medium Value,21.22207621550591,72.93961176470589,875.2753411764706,Low Value,Repeat Customer
14755.0,9972.550000000001,25,4401,398.90200000000004,25,726,24.2,9972.550000000001,High Value,23.850197109067015,418.1328126721764,5017.593752066116,High Value,Repeat Customer
14756.0,2653.76,3,1423,884.5866666666667,3,409,13.63,2653.76,High Value,13.436268068331144,197.50722347188264,2370.0866816625917,Medium Value,Repeat Customer
14757.0,420.5,1,160,420.5,1,0,0.0,420.5,Low Value,1.0,420.5,5046.0,High Value,Single Purchase
14758.0,2864.97,7,840,409.28142857142853,7,465,15.5,2864.97,High Value,15.275952693823916,187.5477135483871,2250.5725625806454,Medium Value,Repeat Customer
14759.0,1625.97,3,569,541.99,3,228,7.6,1625.97,High Value,7.490144546649145,217.08125789473686,2604.9750947368425,Medium Value,Repeat Customer
14760.0,89.2,1,40,89.2,1,0,0.0,89.2,Low Value,1.0,89.2,1070.4,Low Value,Single Purchase
14761.0,447.92,3,206,149.30666666666667,3,385,12.83,447.92,Low Value,12.64783180026281,35.41476571428572,424.97718857142866,Low Value,Repeat Customer
14762.0,417.57,2,428,208.785,2,362,12.07,417.57,Low Value,11.892247043363994,35.11279226519337,421.3535071823204,Low Value,Repeat Customer
14764.0,278.3,1,190,278.3,1,0,0.0,278.3,Low Value,1.0,278.3,3339.6000000000004,Medium Value,Single Purchase
14765.0,254.11,3,135,84.70333333333333,3,147,4.9,254.11,Low Value,4.829172141918528,52.61978503401361,631.4374204081633,Low Value,Repeat Customer
14766.0,6375.7300000000005,11,3999,579.6118181818182,11,543,18.1,6375.7300000000005,High Value,17.83837056504599,357.41661362799266,4288.9993635359115,High Value,Repeat Customer
14767.0,382.81,1,117,382.81,1,0,0.0,382.81,Low Value,1.0,382.81,4593.72,High Value,Single Purchase
14768.0,192.60000000000002,2,52,96.30000000000001,2,109,3.63,192.60000000000002,Low Value,3.5808147174770038,53.78664220183487,645.4397064220185,Low Value,Repeat Customer
14769.0,15514.11,17,11058,912.594705882353,17,721,24.03,15514.11,High Value,23.68593955321945,654.9923833564494,7859.908600277393,High Value,Repeat Customer
14770.0,3637.64,8,1598,454.705,8,419,13.97,3637.64,High Value,13.764783180026281,264.271507398568,3171.2580887828162,Medium Value,Repeat Customer
14771.0,594.62,2,622,297.31,2,115,3.83,594.62,Medium Value,3.7779237844940865,157.39332869565217,1888.7199443478262,Medium Value,Repeat Customer
14772.0,139.26,1,82,139.26,1,0,0.0,139.26,Low Value,1.0,139.26,1671.12,Medium Value,Single Purchase
14773.0,140.55,1,53,140.55,1,0,0.0,140.55,Low Value,1.0,140.55,1686.6000000000001,Medium Value,Single Purchase
14774.0,241.45,1,99,241.45,1,0,0.0,241.45,Low Value,1.0,241.45,2897.3999999999996,Medium Value,Single Purchase
14775.0,1011.9,3,1174,337.3,3,313,10.43,1011.9000000000001,Medium Value,10.282522996057818,98.4096996805112,1180.9163961661343,Low Value,Repeat Customer
14776.0,3708.3,15,4658,247.22,15,395,13.17,3708.3,High Value,12.976346911957949,285.77380253164563,3429.2856303797475,High Value,Repeat Customer
14777.0,307.56,1,212,307.56,1,0,0.0,307.56,Low Value,1.0,307.56,3690.7200000000003,High Value,Single Purchase
14778.0,730.86,2,306,365.43,2,181,6.03,730.86,Medium Value,5.946123521681997,122.91369281767956,1474.9643138121546,Medium Value,Repeat Customer
14779.0,386.15,3,84,128.71666666666667,3,43,1.43,386.15,Low Value,1.4126149802890933,273.35827906976743,3280.2993488372094,Medium Value,Repeat Customer
14780.0,447.68,2,310,223.84,2,24,0.8,447.68,Low Value,1.0,447.68,5372.16,High Value,Repeat Customer
14782.0,200.10000000000002,1,114,200.10000000000002,1,0,0.0,200.10000000000002,Low Value,1.0,200.10000000000002,2401.2000000000003,Medium Value,Single Purchase
14783.0,307.3,1,262,307.3,1,0,0.0,307.3,Low Value,1.0,307.3,3687.6000000000004,High Value,Single Purchase
14784.0,449.93,3,363,149.97666666666666,3,363,12.1,449.92999999999995,Low Value,11.925098554533507,37.72966721763086,452.75600661157034,Low Value,Repeat Customer
14785.0,77.4,2,84,38.7,2,4,0.13,77.4,Low Value,1.0,77.4,928.8000000000001,Low Value,Repeat Customer
14786.0,90.96,1,112,90.96,1,0,0.0,90.96,Low Value,1.0,90.96,1091.52,Low Value,Single Purchase
14787.0,110.65,1,59,110.65,1,0,0.0,110.65,Low Value,1.0,110.65,1327.8000000000002,Low Value,Single Purchase
14788.0,1156.32,3,719,385.44,3,588,19.6,1156.32,Medium Value,19.316688567674113,59.86119183673469,718.3343020408163,Low Value,Repeat Customer
14789.0,197.64,1,116,197.64,1,0,0.0,197.64,Low Value,1.0,197.64,2371.68,Medium Value,Single Purchase
14790.0,2526.62,10,2642,252.66199999999998,10,711,23.7,2526.62,High Value,23.35742444152431,108.17202925457103,1298.0643510548523,Low Value,Repeat Customer
14791.0,303.63,1,127,303.63,1,0,0.0,303.63,Low Value,1.0,303.63,3643.56,High Value,Single Purchase
14792.0,6.2,1,2,6.2,1,0,0.0,6.2,Low Value,1.0,6.2,74.4,Low Value,Single Purchase
14793.0,625.9,2,361,312.95,2,513,17.1,625.9,Medium Value,16.852825229960576,37.139173489278754,445.670081871345,Low Value,Repeat Customer
14794.0,1953.9,10,783,195.39000000000001,10,484,16.13,1953.9,High Value,15.900131406044677,122.88577685950415,1474.6293223140497,Medium Value,Repeat Customer
14795.0,131.45000000000002,1,17,131.45000000000002,1,0,0.0,131.45000000000002,Low Value,1.0,131.45000000000002,1577.4,Medium Value,Single Purchase
14796.0,10169.33,27,7188,376.64185185185187,27,724,24.13,10169.33,High Value,23.78449408672799,427.5613331491713,5130.735997790055,High Value,Repeat Customer
14797.0,300.31,1,99,300.31,1,0,0.0,300.31,Low Value,1.0,300.31,3603.7200000000003,High Value,Single Purchase
14798.0,724.31,8,601,90.53875,8,596,19.87,724.31,Medium Value,19.579500657030223,36.993282550335564,443.9193906040268,Low Value,Repeat Customer
14799.0,338.15,2,495,169.075,2,686,22.87,338.15,Low Value,22.536136662286463,15.004790087463558,180.05748104956268,Low Value,Repeat Customer
14800.0,7191.33,17,6501,423.01941176470586,17,387,12.9,7191.33,High Value,12.713534822601838,565.643631007752,6787.723572093024,High Value,Repeat Customer
14801.0,189.34,1,173,189.34,1,0,0.0,189.34,Low Value,1.0,189.34,2272.08,Medium Value,Single Purchase
14802.0,1502.98,2,2,751.49,2,0,0.0,1502.98,Medium Value,1.0,1502.98,18035.760000000002,High Value,Repeat Customer
14803.0,845.55,3,370,281.84999999999997,3,130,4.33,845.55,Medium Value,4.270696452036794,197.9887846153846,2375.865415384615,Medium Value,Repeat Customer
14804.0,353.27,1,121,353.27,1,0,0.0,353.27,Low Value,1.0,353.27,4239.24,High Value,Single Purchase
14805.0,1082.55,7,416,154.65,7,606,20.2,1082.55,Medium Value,19.90801576872536,54.37759405940594,652.5311287128714,Low Value,Repeat Customer
14806.0,303.43,2,423,151.715,2,363,12.1,303.43,Low Value,11.925098554533507,25.444653443526175,305.3358413223141,Low Value,Repeat Customer
14807.0,504.14,2,234,252.07,2,259,8.63,504.14,Medium Value,8.508541392904073,59.25104864864865,711.0125837837838,Low Value,Repeat Customer
14808.0,2718.6,8,2120,339.825,8,132,4.4,2718.6,High Value,4.336399474375821,626.9256363636363,7523.107636363635,High Value,Repeat Customer
14809.0,686.76,2,232,343.38,2,0,0.0,686.76,Medium Value,1.0,686.76,8241.119999999999,High Value,Repeat Customer
14810.0,2354.03,13,1162,181.07923076923078,13,388,12.93,2354.03,High Value,12.746386333771353,184.68214742268043,2216.1857690721654,Medium Value,Repeat Customer
14811.0,170.5,1,74,170.5,1,0,0.0,170.5,Low Value,1.0,170.5,2046.0,Medium Value,Single Purchase
14812.0,178.85,1,135,178.85,1,0,0.0,178.85,Low Value,1.0,178.85,2146.2,Medium Value,Single Purchase
14813.0,888.91,4,392,222.2275,4,241,8.03,888.91,Medium Value,7.917214191852825,112.27560331950208,1347.307239834025,Low Value,Repeat Customer
14814.0,154.21,1,93,154.21,1,0,0.0,154.21,Low Value,1.0,154.21,1850.52,Medium Value,Single Purchase
14815.0,778.5,2,744,389.25,2,31,1.03,778.5,Medium Value,1.0183968462549278,764.4367741935483,9173.24129032258,High Value,Repeat Customer
14816.0,271.85,1,5,271.85,1,0,0.0,271.85,Low Value,1.0,271.85,3262.2000000000003,Medium Value,Single Purchase
14817.0,3959.86,7,2462,565.6942857142857,7,427,14.23,3959.8599999999997,High Value,14.027595269382392,282.2907222482436,3387.488666978923,High Value,Repeat Customer
14818.0,1153.56,6,543,192.26,6,573,19.1,1153.56,Medium Value,18.823915900131404,61.281616753926706,735.3794010471205,Low Value,Repeat Customer
14819.0,456.41,4,170,114.1025,4,653,21.77,456.41,Low Value,21.45203679369251,21.275835222052066,255.3100226646248,Low Value,Repeat Customer
14820.0,1274.76,9,724,141.64,9,656,21.87,1274.7599999999998,Medium Value,21.55059132720105,59.15197317073171,709.8236780487805,Low Value,Repeat Customer
14821.0,1230.15,7,459,175.7357142857143,7,309,10.3,1230.15,Medium Value,10.151116951379763,121.1837087378641,1454.2045048543691,Medium Value,Repeat Customer
14822.0,157.70000000000002,1,94,157.70000000000002,1,0,0.0,157.70000000000002,Low Value,1.0,157.70000000000002,1892.4,Medium Value,Single Purchase
14823.0,321.43,3,88,107.14333333333333,3,14,0.47,321.43,Low Value,1.0,321.43,3857.16,High Value,Repeat Customer
14824.0,4022.9100000000003,10,1954,402.29100000000005,10,627,20.9,4022.9100000000008,High Value,20.59789750328515,195.3068267942584,2343.6819215311007,Medium Value,Repeat Customer
14825.0,4735.08,24,2774,197.295,24,608,20.27,4735.08,High Value,19.97371879106439,237.06551842105262,2844.7862210526314,Medium Value,Repeat Customer
14826.0,385.2,2,152,192.6,2,113,3.77,385.2,Low Value,3.712220762155059,103.76538053097346,1245.1845663716815,Low Value,Repeat Customer
14828.0,9839.460000000001,13,9718,756.8815384615385,13,535,17.83,9839.460000000001,High Value,17.57555847568988,559.837686728972,6718.052240747664,High Value,Repeat Customer
14829.0,1455.8700000000001,7,957,207.98142857142858,7,407,13.57,1455.8700000000001,Medium Value,13.370565045992116,108.88619852579853,1306.6343823095824,Low Value,Repeat Customer
14830.0,188.88,1,164,188.88,1,0,0.0,188.88,Low Value,1.0,188.88,2266.56,Medium Value,Single Purchase
14831.0,1676.57,3,885,558.8566666666667,3,57,1.9,1676.5700000000002,High Value,1.8725361366622864,895.3472070175438,10744.166484210526,High Value,Repeat Customer
14832.0,322.69,1,1,322.69,1,0,0.0,322.69,Low Value,1.0,322.69,3872.2799999999997,High Value,Single Purchase
14833.0,94.8,1,58,94.8,1,0,0.0,94.8,Low Value,1.0,94.8,1137.6,Low Value,Single Purchase
14834.0,2206.16,7,872,315.1657142857143,7,389,12.97,2206.16,High Value,12.779237844940866,172.6362735218509,2071.635282262211,Medium Value,Repeat Customer
14835.0,297.0,2,180,148.5,2,88,2.93,297.0,Low Value,2.890932982917214,102.735,1232.82,Low Value,Repeat Customer
14836.0,102.44999999999999,3,45,34.15,3,20,0.67,102.44999999999999,Low Value,1.0,102.44999999999999,1229.3999999999999,Low Value,Repeat Customer
14837.0,3460.32,9,3030,384.48,9,595,19.83,3460.32,High Value,19.54664914586071,177.02880806722692,2124.345696806723,Medium Value,Repeat Customer
14838.0,769.9200000000001,2,361,384.96000000000004,2,313,10.43,769.9200000000001,Medium Value,10.282522996057818,74.87656485623005,898.5187782747605,Low Value,Repeat Customer
14839.0,915.28,3,927,305.0933333333333,3,285,9.5,915.28,Medium Value,9.362680683311432,97.75832701754386,1173.0999242105263,Low Value,Repeat Customer
14840.0,362.71,2,179,181.355,2,271,9.03,362.71,Low Value,8.902759526938238,40.74130036900369,488.8956044280443,Low Value,Repeat Customer
14841.0,7163.0,14,4164,511.64285714285717,14,683,22.77,7163.0,High Value,22.437582128777922,319.2411713030747,3830.894055636896,High Value,Repeat Customer
14842.0,2824.69,4,1166,706.1725,4,264,8.8,2824.69,High Value,8.672798948751643,325.69531666666666,3908.3437999999996,High Value,Repeat Customer
14843.0,211.79999999999998,1,132,211.79999999999998,1,0,0.0,211.79999999999998,Low Value,1.0,211.79999999999998,2541.6,Medium Value,Single Purchase
14844.0,6702.43,10,4369,670.243,10,542,18.07,6702.43,High Value,17.805519053876477,376.42429741697424,4517.091569003691,High Value,Repeat Customer
14845.0,150.0,1,600,150.0,1,0,0.0,150.0,Low Value,1.0,150.0,1800.0,Medium Value,Single Purchase
14846.0,437.4,1,193,437.4,1,0,0.0,437.4,Low Value,1.0,437.4,5248.799999999999,High Value,Single Purchase
14847.0,1348.95,3,533,449.65000000000003,3,415,13.83,1348.95,Medium Value,13.633377135348226,98.94466987951807,1187.3360385542169,Low Value,Repeat Customer
14848.0,310.56,1,260,310.56,1,0,0.0,310.56,Low Value,1.0,310.56,3726.7200000000003,High Value,Single Purchase
14849.0,15407.61,43,11838,358.316511627907,43,676,22.53,15407.61,High Value,22.207621550591327,693.7982964497041,8325.57955739645,High Value,Repeat Customer
14850.0,1770.96,7,1393,252.99428571428572,7,256,8.53,1770.96,High Value,8.409986859395532,210.5782125,2526.93855,Medium Value,Repeat Customer
14851.0,829.4100000000001,3,631,276.47,3,607,20.23,829.4100000000001,Medium Value,19.940867279894874,41.59347677100495,499.1217212520594,Low Value,Repeat Customer
14852.0,6132.43,18,4366,340.6905555555556,18,585,19.5,6132.43,High Value,19.21813403416557,319.0960157264958,3829.1521887179497,High Value,Repeat Customer
14853.0,1376.87,5,345,275.37399999999997,5,581,19.37,1376.87,Medium Value,19.086727989487514,72.13756075731497,865.6507290877796,Low Value,Repeat Customer
14854.0,4303.06,11,2987,391.1872727272728,11,608,20.27,4303.06,High Value,19.97371879106439,215.4360960526316,2585.2331526315793,Medium Value,Repeat Customer
14855.0,6520.3,7,3510,931.4714285714286,7,491,16.37,6520.3,High Value,16.130091984231274,404.23204073319755,4850.78448879837,High Value,Repeat Customer
14856.0,1290.53,3,711,430.1766666666667,3,20,0.67,1290.53,Medium Value,1.0,1290.53,15486.36,High Value,Repeat Customer
14857.0,3651.851,7,2081,521.693,7,574,19.13,3651.8509999999997,High Value,18.85676741130092,193.66262097560977,2323.951451707317,Medium Value,Repeat Customer
14858.0,180.75,1,105,180.75,1,0,0.0,180.75,Low Value,1.0,180.75,2169.0,Medium Value,Single Purchase
14859.0,1705.64,5,888,341.12800000000004,5,542,18.07,1705.6400000000003,High Value,17.805519053876477,95.79277047970481,1149.5132457564578,Low Value,Repeat Customer
14860.0,170.32,1,232,170.32,1,0,0.0,170.32,Low Value,1.0,170.32,2043.84,Medium Value,Single Purchase
14861.0,1380.73,10,1076,138.073,10,679,22.63,1380.73,Medium Value,22.306176084099867,61.89900029455082,742.7880035346097,Low Value,Repeat Customer
14862.0,841.1999999999999,2,772,420.59999999999997,2,122,4.07,841.1999999999999,Medium Value,4.0078843626806835,209.88629508196718,2518.635540983606,Medium Value,Repeat Customer
14863.0,266.76,1,132,266.76,1,0,0.0,266.76,Low Value,1.0,266.76,3201.12,Medium Value,Single Purchase
14865.0,92.52000000000001,4,204,23.130000000000003,4,731,24.37,92.52000000000001,Low Value,24.014454664914584,3.852679616963065,46.232155403556774,Low Value,Repeat Customer
14866.0,20746.54,19,9089,1091.923157894737,19,459,15.3,20746.54,High Value,15.078843626806833,1375.870757298475,16510.4490875817,High Value,Repeat Customer
14867.0,2952.06,16,996,184.50375,16,548,18.27,2952.06,High Value,18.00262812089356,163.9793912408759,1967.752694890511,Medium Value,Repeat Customer
14868.0,4184.01,12,2230,348.6675,12,416,13.87,4184.01,High Value,13.66622864651774,306.1568855769231,3673.8826269230776,High Value,Repeat Customer
14869.0,2778.14,6,2130,463.0233333333333,6,715,23.83,2778.14,High Value,23.488830486202364,118.2749393006993,1419.2992716083916,Low Value,Repeat Customer
14870.0,1838.95,6,483,306.4916666666667,6,422,14.07,1838.95,High Value,13.863337713534822,132.64843127962087,1591.7811753554504,Medium Value,Repeat Customer
14871.0,1228.17,9,446,136.46333333333334,9,735,24.5,1228.17,Medium Value,24.14586070959264,50.86461877551021,610.3754253061225,Low Value,Repeat Customer
14872.0,816.6,3,662,272.2,3,149,4.97,816.5999999999999,Medium Value,4.894875164257556,166.82754362416108,2001.930523489933,Medium Value,Repeat Customer
14873.0,854.13,2,311,427.065,2,423,14.1,854.13,Medium Value,13.896189224704337,61.4650524822695,737.580629787234,Low Value,Repeat Customer
14874.0,116.18,1,148,116.18,1,0,0.0,116.18,Low Value,1.0,116.18,1394.16,Low Value,Single Purchase
14875.0,2862.4,3,1332,954.1333333333333,3,334,11.13,2862.4,High Value,10.972404730617608,260.87262275449103,3130.4714730538926,Medium Value,Repeat Customer
14876.0,256.7,2,162,128.35,2,40,1.33,256.7,Low Value,1.314060446780552,195.34869999999998,2344.1843999999996,Medium Value,Repeat Customer
14877.0,425.85,2,168,212.925,2,224,7.47,425.85,Low Value,7.35873850197109,57.86997321428572,694.4396785714287,Low Value,Repeat Customer
14878.0,4076.5,25,2416,163.06,25,644,21.47,4076.5,High Value,21.156373193166885,192.6842546583851,2312.2110559006214,Medium Value,Repeat Customer
14879.0,185.06,1,104,185.06,1,0,0.0,185.06,Low Value,1.0,185.06,2220.7200000000003,Medium Value,Single Purchase
14880.0,690.59,3,365,230.1966666666667,3,211,7.03,690.59,Medium Value,6.931668856767411,99.62824454976304,1195.5389345971564,Low Value,Repeat Customer
14881.0,255.4,1,316,255.4,1,0,0.0,255.4,Low Value,1.0,255.4,3064.8,Medium Value,Single Purchase
14882.0,3546.65,14,1614,253.33214285714286,14,592,19.73,3546.65,High Value,19.44809461235217,182.3649087837838,2188.3789054054055,Medium Value,Repeat Customer
14883.0,761.59,6,790,126.93166666666667,6,193,6.43,761.59,Medium Value,6.340341655716163,120.11813264248705,1441.4175917098446,Low Value,Repeat Customer
14884.0,120.6,1,72,120.6,1,0,0.0,120.6,Low Value,1.0,120.6,1447.1999999999998,Low Value,Single Purchase
14885.0,1598.12,3,1308,532.7066666666666,3,334,11.13,1598.12,High Value,10.972404730617608,145.64902035928142,1747.7882443113772,Medium Value,Repeat Customer
14886.0,364.8,1,160,364.8,1,0,0.0,364.8,Low Value,1.0,364.8,4377.6,High Value,Single Purchase
14887.0,1862.0,1,1100,1862.0,1,0,0.0,1862.0,High Value,1.0,1862.0,22344.0,High Value,Single Purchase
14888.0,369.2,1,184,369.2,1,0,0.0,369.2,Low Value,1.0,369.2,4430.4,High Value,Single Purchase
14889.0,135.9,1,90,135.9,1,0,0.0,135.9,Low Value,1.0,135.9,1630.8000000000002,Medium Value,Single Purchase
14890.0,817.25,3,636,272.4166666666667,3,406,13.53,817.25,Medium Value,13.337713534822601,61.273620689655175,735.2834482758622,Low Value,Repeat Customer
14891.0,1106.73,4,788,276.6825,4,288,9.6,1106.73,Medium Value,9.461235216819974,116.9752125,1403.70255,Low Value,Repeat Customer
14892.0,202.35000000000002,1,79,202.35000000000002,1,0,0.0,202.35000000000002,Low Value,1.0,202.35000000000002,2428.2000000000003,Medium Value,Single Purchase
14893.0,1809.6100000000001,3,1047,603.2033333333334,3,608,20.27,1809.6100000000001,High Value,19.97371879106439,90.59955328947369,1087.1946394736842,Low Value,Repeat Customer
14894.0,1492.81,3,603,497.6033333333333,3,652,21.73,1492.81,Medium Value,21.419185282522996,69.6949944785276,836.3399337423313,Low Value,Repeat Customer
14895.0,25119.54,38,10714,661.0405263157895,38,721,24.03,25119.54,High Value,23.68593955321945,1060.5253780859916,12726.3045370319,High Value,Repeat Customer
14896.0,1826.0,8,931,228.25,8,528,17.6,1826.0,High Value,17.345597897503286,105.27166666666666,1263.26,Low Value,Repeat Customer
14897.0,3140.54,8,1162,392.5675,8,716,23.87,3140.54,High Value,23.52168199737188,133.5168122905028,1602.2017474860336,Medium Value,Repeat Customer
14898.0,3365.95,14,2207,240.42499999999998,14,712,23.73,3365.95,High Value,23.390275952693823,143.90381741573034,1726.845808988764,Medium Value,Repeat Customer
14899.0,1331.38,1,570,1331.38,1,0,0.0,1331.38,Medium Value,1.0,1331.38,15976.560000000001,High Value,Single Purchase
14900.0,13.919999999999998,1,48,13.919999999999998,1,0,0.0,13.919999999999998,Low Value,1.0,13.919999999999998,167.03999999999996,Low Value,Single Purchase
14901.0,1919.0,12,880,159.91666666666666,12,487,16.23,1919.0,High Value,15.99868593955322,119.94735112936345,1439.3682135523613,Low Value,Repeat Customer
14902.0,1035.6200000000001,3,716,345.2066666666667,3,527,17.57,1035.6200000000001,Medium Value,17.31274638633377,59.81835445920304,717.8202535104365,Low Value,Repeat Customer
14903.0,2795.33,5,1531,559.066,5,257,8.57,2795.33,High Value,8.442838370565045,331.0888918287938,3973.066701945526,High Value,Repeat Customer
14904.0,1630.49,4,2522,407.6225,4,425,14.17,1630.49,High Value,13.961892247043364,116.78144847058823,1401.3773816470589,Low Value,Repeat Customer
14905.0,1971.39,8,1009,246.42375,8,578,19.27,1971.39,High Value,18.988173455978973,103.82199238754326,1245.863908650519,Low Value,Repeat Customer
14906.0,68.44,1,1,68.44,1,0,0.0,68.44,Low Value,1.0,68.44,821.28,Low Value,Single Purchase
14907.0,5547.72,16,2583,346.7325,16,599,19.97,5547.72,High Value,19.678055190538764,281.92420166944913,3383.09042003339,High Value,Repeat Customer
14908.0,381.9,2,182,190.95,2,388,12.93,381.9,Low Value,12.746386333771353,29.96143298969072,359.53719587628865,Low Value,Repeat Customer
14909.0,1404.68,3,888,468.2266666666667,3,226,7.53,1404.68,Medium Value,7.424441524310118,189.19672212389384,2270.3606654867262,Medium Value,Repeat Customer
14910.0,434.35,4,238,108.5875,4,51,1.7,434.35,Low Value,1.6754270696452036,259.24733333333336,3110.9680000000003,Medium Value,Repeat Customer
14911.0,291420.81,398,147972,732.2130904522613,398,737,24.57,291420.81,High Value,24.21156373193167,12036.430741383989,144437.16889660788,High Value,Repeat Customer
14912.0,1889.25,6,1819,314.875,6,665,22.17,1889.25,High Value,21.846254927726676,86.47935338345864,1037.7522406015037,Low Value,Repeat Customer
14913.0,4073.13,8,3955,509.14125,8,449,14.97,4073.13,High Value,14.750328515111695,276.13825657015593,3313.659078841871,Medium Value,Repeat Customer
14915.0,1811.25,11,707,164.6590909090909,11,645,21.5,1811.25,High Value,21.1892247043364,85.47976744186046,1025.7572093023255,Low Value,Repeat Customer
14916.0,3042.95,8,2415,380.36875,8,546,18.2,3042.95,High Value,17.936925098554532,169.6472490842491,2035.7669890109892,Medium Value,Repeat Customer
14917.0,1123.75,2,891,561.875,2,0,0.0,1123.75,Medium Value,1.0,1123.75,13485.0,High Value,Repeat Customer
14918.0,5955.81,9,2551,661.7566666666667,9,495,16.5,5955.8099999999995,High Value,16.26149802890933,366.2522351515152,4395.026821818183,High Value,Repeat Customer
14919.0,359.35,1,129,359.35,1,0,0.0,359.35,Low Value,1.0,359.35,4312.200000000001,High Value,Single Purchase
14920.0,1607.17,3,886,535.7233333333334,3,352,11.73,1607.17,High Value,11.563731931668856,138.9836784090909,1667.804140909091,Medium Value,Repeat Customer
14921.0,1316.07,2,953,658.035,2,171,5.7,1316.07,Medium Value,5.617608409986859,234.27585263157894,2811.3102315789474,Medium Value,Repeat Customer
14922.0,843.74,2,376,421.87,2,114,3.8,843.74,Medium Value,3.7450722733245727,225.29338245614036,2703.5205894736846,Medium Value,Repeat Customer
14923.0,749.1,1,418,749.1,1,0,0.0,749.1,Medium Value,1.0,749.1,8989.2,High Value,Single Purchase
14924.0,931.01,3,312,310.33666666666664,3,393,13.1,931.01,Medium Value,12.910643889618921,72.11181781170484,865.3418137404581,Low Value,Repeat Customer
14926.0,359.4,2,204,179.7,2,216,7.2,359.4,Low Value,7.09592641261498,50.648777777777774,607.7853333333333,Low Value,Repeat Customer
14927.0,308.2,1,196,308.2,1,0,0.0,308.2,Low Value,1.0,308.2,3698.3999999999996,High Value,Single Purchase
14928.0,223.91000000000003,1,268,223.91000000000003,1,0,0.0,223.91000000000003,Low Value,1.0,223.91000000000003,2686.92,Medium Value,Single Purchase
14929.0,836.69,2,487,418.345,2,389,12.97,836.69,Medium Value,12.779237844940866,65.472605655527,785.6712678663241,Low Value,Repeat Customer
14930.0,5236.7300000000005,6,2193,872.7883333333334,6,497,16.57,5236.7300000000005,High Value,16.327201051248355,320.7365416498995,3848.838499798794,High Value,Repeat Customer
14931.0,1257.68,5,417,251.536,5,236,7.87,1257.68,Medium Value,7.752956636005256,162.21940338983052,1946.6328406779662,Medium Value,Repeat Customer
14932.0,666.13,2,257,333.065,2,20,0.67,666.13,Medium Value,1.0,666.13,7993.5599999999995,High Value,Repeat Customer
14933.0,1770.0,4,600,442.5,4,0,0.0,1770.0,High Value,1.0,1770.0,21240.0,High Value,Repeat Customer
14934.0,3503.5,5,2100,700.7,5,359,11.97,3503.5,High Value,11.793692509855452,297.0655710306407,3564.786852367688,High Value,Repeat Customer
14935.0,2849.83,2,1931,1424.915,2,322,10.73,2849.83,High Value,10.578186596583443,269.40628944099376,3232.875473291925,Medium Value,Repeat Customer
14936.0,12410.81,12,6274,1034.2341666666666,12,549,18.3,12410.81,High Value,18.035479632063073,688.1330717668488,8257.596861202186,High Value,Repeat Customer
14937.0,1621.88,3,484,540.6266666666667,3,73,2.43,1621.88,High Value,2.3981603153745072,676.3017424657535,8115.620909589042,High Value,Repeat Customer
14938.0,2322.43,2,1369,1161.215,2,0,0.0,2322.43,High Value,1.0,2322.43,27869.159999999996,High Value,Repeat Customer
14940.0,531.49,2,384,265.745,2,315,10.5,531.49,Medium Value,10.348226018396845,51.36049396825398,616.3259276190477,Low Value,Repeat Customer
14941.0,182.1,1,80,182.1,1,0,0.0,182.1,Low Value,1.0,182.1,2185.2,Medium Value,Single Purchase
14942.0,746.56,4,354,186.64,4,328,10.93,746.56,Medium Value,10.775295663600525,69.28440975609756,831.4129170731708,Low Value,Repeat Customer
14943.0,107.62,1,46,107.62,1,0,0.0,107.62,Low Value,1.0,107.62,1291.44,Low Value,Single Purchase
14944.0,9784.67,19,4864,514.9826315789473,19,631,21.03,9784.67,High Value,20.729303547963205,472.0211645007924,5664.253974009509,High Value,Repeat Customer
14945.0,179.4,1,156,179.4,1,0,0.0,179.4,Low Value,1.0,179.4,2152.8,Medium Value,Single Purchase
14946.0,100.9,1,22,100.9,1,0,0.0,100.9,Low Value,1.0,100.9,1210.8000000000002,Low Value,Single Purchase
14947.0,1049.79,6,416,174.965,6,552,18.4,1049.79,Medium Value,18.134034165571617,57.89059347826087,694.6871217391304,Low Value,Repeat Customer
14948.0,1101.97,6,673,183.66166666666666,6,196,6.53,1101.97,Medium Value,6.438896189224704,171.14268775510206,2053.7122530612246,Medium Value,Repeat Customer
14949.0,515.0,4,250,128.75,4,252,8.4,515.0,Medium Value,8.278580814717477,62.208730158730155,746.5047619047618,Low Value,Repeat Customer
14950.0,371.2,1,136,371.2,1,0,0.0,371.2,Low Value,1.0,371.2,4454.4,High Value,Single Purchase
14951.0,311.69,1,311,311.69,1,0,0.0,311.69,Low Value,1.0,311.69,3740.2799999999997,High Value,Single Purchase
14952.0,17629.35,32,6977,550.9171875,32,676,22.53,17629.35,High Value,22.207621550591327,793.8423284023668,9526.107940828402,High Value,Repeat Customer
14953.0,971.32,4,1014,242.83,4,410,13.67,971.32,Medium Value,13.469119579500656,72.11458731707317,865.375047804878,Low Value,Repeat Customer
14954.0,462.12,2,209,231.06,2,690,23.0,462.12,Medium Value,22.667542706964518,20.386859130434786,244.64230956521743,Low Value,Repeat Customer
14955.0,163.77,1,74,163.77,1,0,0.0,163.77,Low Value,1.0,163.77,1965.2400000000002,Medium Value,Single Purchase
14956.0,1325.0,1,2500,1325.0,1,0,0.0,1325.0,Medium Value,1.0,1325.0,15900.0,High Value,Single Purchase
14957.0,261.69,2,97,130.845,2,391,13.03,261.69,Low Value,12.844940867279893,20.373001534526857,244.47601841432228,Low Value,Repeat Customer
14958.0,941.99,6,248,156.99833333333333,6,588,19.6,941.99,Medium Value,19.316688567674113,48.76560476190476,585.1872571428571,Low Value,Repeat Customer
14959.0,695.42,4,494,173.855,4,232,7.73,695.42,Medium Value,7.621550591327201,91.2439,1094.9268,Low Value,Repeat Customer
14960.0,221.27,2,221,110.635,2,162,5.4,221.27,Low Value,5.321944809461235,41.57690617283951,498.9228740740741,Low Value,Repeat Customer
14961.0,16410.15,22,8372,745.9159090909092,22,724,24.13,16410.15,High Value,23.78449408672799,689.9516104972377,8279.419325966852,High Value,Repeat Customer
14962.0,366.91,4,123,91.7275,4,313,10.43,366.91,Low Value,10.282522996057818,35.6828766773163,428.1945201277956,Low Value,Repeat Customer
14963.0,3123.57,12,2287,260.2975,12,515,17.17,3123.57,High Value,16.918528252299605,184.62421514563107,2215.490581747573,Medium Value,Repeat Customer
14964.0,206.21,1,143,206.21,1,0,0.0,206.21,Low Value,1.0,206.21,2474.52,Medium Value,Single Purchase
14965.0,596.09,2,363,298.045,2,0,0.0,596.09,Medium Value,1.0,596.09,7153.08,High Value,Repeat Customer
14966.0,1064.26,6,1060,177.37666666666667,6,709,23.63,1064.26,Medium Value,23.291721419185283,45.69262961918194,548.3115554301833,Low Value,Repeat Customer
14967.0,1982.6100000000001,6,652,330.435,6,686,22.87,1982.6100000000001,High Value,22.536136662286463,87.97470612244899,1055.696473469388,Low Value,Repeat Customer
14968.0,501.24,2,257,250.62,2,428,14.27,501.24,Medium Value,14.060446780551905,35.648938317757015,427.7872598130842,Low Value,Repeat Customer
14969.0,906.23,1,665,906.23,1,0,0.0,906.23,Medium Value,1.0,906.23,10874.76,High Value,Single Purchase
14970.0,4919.35,12,982,409.9458333333334,12,595,19.83,4919.35,High Value,19.54664914586071,251.67229243697483,3020.0675092436977,Medium Value,Repeat Customer
14971.0,1097.98,3,639,365.99333333333334,3,8,0.27,1097.98,Medium Value,1.0,1097.98,13175.76,High Value,Repeat Customer
14972.0,145.07,2,40,72.535,2,252,8.4,145.07,Low Value,8.278580814717477,17.52353492063492,210.28241904761904,Low Value,Repeat Customer
14973.0,1314.45,3,369,438.15000000000003,3,118,3.93,1314.45,Medium Value,3.876478318002628,339.08354237288137,4069.0025084745766,High Value,Repeat Customer
14974.0,89.94,1,37,89.94,1,0,0.0,89.94,Low Value,1.0,89.94,1079.28,Low Value,Single Purchase
14975.0,472.39,2,507,236.195,2,363,12.1,472.39,Medium Value,11.925098554533507,39.61308980716254,475.35707768595046,Low Value,Repeat Customer
14976.0,790.86,7,234,112.98,7,269,8.97,790.86,Medium Value,8.83705650459921,89.49360000000001,1073.9232000000002,Low Value,Repeat Customer
14977.0,31.929999999999996,1,17,31.929999999999996,1,0,0.0,31.929999999999996,Low Value,1.0,31.929999999999996,383.15999999999997,Low Value,Single Purchase
14978.0,3112.19,10,736,311.219,10,518,17.27,3112.19,High Value,17.017082785808146,182.88622316602317,2194.634677992278,Medium Value,Repeat Customer
14979.0,429.66,1,209,429.66,1,0,0.0,429.66,Low Value,1.0,429.66,5155.92,High Value,Single Purchase
14980.0,150.68,1,79,150.68,1,0,0.0,150.68,Low Value,1.0,150.68,1808.16,Medium Value,Single Purchase
14981.0,372.92,2,241,186.46,2,177,5.9,372.92,Low Value,5.814717477003942,64.13381242937854,769.6057491525424,Low Value,Repeat Customer
14982.0,237.78,1,125,237.78,1,0,0.0,237.78,Low Value,1.0,237.78,2853.36,Medium Value,Single Purchase
14983.0,183.20000000000002,1,90,183.20000000000002,1,0,0.0,183.20000000000002,Low Value,1.0,183.20000000000002,2198.4,Medium Value,Single Purchase
14984.0,1260.51,6,348,210.085,6,678,22.6,1260.51,Medium Value,22.273324572930353,56.59280884955753,679.1137061946904,Low Value,Repeat Customer
14985.0,292.01,2,256,146.005,2,159,5.3,292.01,Low Value,5.223390275952694,55.90430440251572,670.8516528301886,Low Value,Repeat Customer
14986.0,563.1,2,338,281.55,2,307,10.23,563.1,Medium Value,10.085413929040735,55.83310749185669,669.9972899022803,Low Value,Repeat Customer
14987.0,1550.6499999999999,8,607,193.83124999999998,8,721,24.03,1550.6499999999999,Medium Value,23.68593955321945,65.4671095700416,785.6053148404992,Low Value,Repeat Customer
14988.0,2038.65,7,1260,291.2357142857143,7,390,13.0,2038.6500000000003,High Value,12.81208935611038,159.11924615384618,1909.4309538461541,Medium Value,Repeat Customer
14989.0,342.4,1,200,342.4,1,0,0.0,342.4,Low Value,1.0,342.4,4108.799999999999,High Value,Single Purchase
14990.0,304.17,2,129,152.085,2,118,3.93,304.17,Low Value,3.876478318002628,78.46554915254238,941.5865898305085,Low Value,Repeat Customer
14991.0,314.67,1,191,314.67,1,0,0.0,314.67,Low Value,1.0,314.67,3776.04,High Value,Single Purchase
14992.0,210.5,1,145,210.5,1,0,0.0,210.5,Low Value,1.0,210.5,2526.0,Medium Value,Single Purchase
14993.0,36.13,1,21,36.13,1,0,0.0,36.13,Low Value,1.0,36.13,433.56000000000006,Low Value,Single Purchase
14994.0,946.72,5,568,189.344,5,240,8.0,946.72,Medium Value,7.884362680683311,120.07565333333335,1440.9078400000003,Low Value,Repeat Customer
14995.0,231.98000000000002,2,102,115.99000000000001,2,241,8.03,231.98000000000002,Low Value,7.917214191852825,29.300710373443987,351.60852448132783,Low Value,Repeat Customer
14996.0,442.28999999999996,2,404,221.14499999999998,2,0,0.0,442.28999999999996,Low Value,1.0,442.28999999999996,5307.48,High Value,Repeat Customer
14997.0,776.5999999999999,4,1408,194.14999999999998,4,609,20.3,776.5999999999999,Medium Value,20.006570302233904,38.81724794745484,465.8069753694581,Low Value,Repeat Customer
14998.0,753.18,4,352,188.295,4,435,14.5,753.18,Medium Value,14.290407358738502,52.70528551724138,632.4634262068965,Low Value,Repeat Customer
14999.0,129.48000000000002,1,88,129.48000000000002,1,0,0.0,129.48000000000002,Low Value,1.0,129.48000000000002,1553.7600000000002,Medium Value,Single Purchase
15000.0,490.52,1,218,490.52,1,0,0.0,490.52,Medium Value,1.0,490.52,5886.24,High Value,Single Purchase
15001.0,199.10999999999999,2,70,99.55499999999999,2,0,0.0,199.10999999999999,Low Value,1.0,199.10999999999999,2389.3199999999997,Medium Value,Repeat Customer
15002.0,4138.08,9,2214,459.78666666666663,9,580,19.33,4138.08,High Value,19.053876478318003,217.17785379310345,2606.1342455172417,Medium Value,Repeat Customer
15003.0,1027.03,6,525,171.17166666666665,6,209,6.97,1027.03,Medium Value,6.865965834428383,149.58274258373206,1794.9929110047847,Medium Value,Repeat Customer
15004.0,1220.77,1,623,1220.77,1,0,0.0,1220.77,Medium Value,1.0,1220.77,14649.24,High Value,Single Purchase
15005.0,13754.58,56,8666,245.6175,56,722,24.07,13754.58,High Value,23.71879106438896,579.9022371191136,6958.826845429363,High Value,Repeat Customer
15006.0,757.78,2,387,378.89,2,402,13.4,757.78,Medium Value,13.206307490144546,57.380157213930346,688.5618865671642,Low Value,Repeat Customer
15007.0,156.91,1,69,156.91,1,0,0.0,156.91,Low Value,1.0,156.91,1882.92,Medium Value,Single Purchase
15008.0,360.0,2,1500,180.0,2,157,5.23,360.0,Low Value,5.157687253613666,69.79872611464968,837.5847133757961,Low Value,Repeat Customer
15009.0,1259.43,3,639,419.81,3,12,0.4,1259.43,Medium Value,1.0,1259.43,15113.16,High Value,Repeat Customer
15010.0,308.94,1,184,308.94,1,0,0.0,308.94,Low Value,1.0,308.94,3707.2799999999997,High Value,Single Purchase
15011.0,416.6,2,289,208.3,2,20,0.67,416.6,Low Value,1.0,416.6,4999.200000000001,High Value,Repeat Customer
15012.0,646.26,3,383,215.42,3,523,17.43,646.26,Medium Value,17.181340341655716,37.61406195028681,451.3687434034417,Low Value,Repeat Customer
15013.0,1610.82,10,1715,161.082,10,189,6.3,1610.82,High Value,6.2089356110381075,259.4357714285714,3113.229257142857,Medium Value,Repeat Customer
15014.0,257.67,2,149,128.835,2,133,4.43,257.67,Low Value,4.369250985545335,58.973494736842106,707.6819368421053,Low Value,Repeat Customer
15015.0,2354.97,13,1584,181.15153846153845,13,223,7.43,2354.97,High Value,7.3258869908015765,321.4586852017937,3857.504222421524,High Value,Repeat Customer
15016.0,620.89,5,243,124.178,5,370,12.33,620.89,Medium Value,12.155059132720105,51.08078810810811,612.9694572972974,Low Value,Repeat Customer
15017.0,125.58,1,63,125.58,1,0,0.0,125.58,Low Value,1.0,125.58,1506.96,Medium Value,Single Purchase
15018.0,496.21000000000004,3,189,165.40333333333334,3,329,10.97,496.21000000000004,Medium Value,10.808147174770038,45.910736778115506,550.9288413373861,Low Value,Repeat Customer
15019.0,252.81,1,150,252.81,1,0,0.0,252.81,Low Value,1.0,252.81,3033.7200000000003,Medium Value,Single Purchase
15020.0,198.47,1,111,198.47,1,0,0.0,198.47,Low Value,1.0,198.47,2381.64,Medium Value,Single Purchase
15021.0,2500.59,12,1079,208.38250000000002,12,489,16.3,2500.59,High Value,16.064388961892245,155.66044907975464,1867.9253889570557,Medium Value,Repeat Customer
15022.0,1133.44,5,640,226.68800000000002,5,665,22.17,1133.44,Medium Value,21.846254927726676,51.882576842105266,622.5909221052632,Low Value,Repeat Customer
15023.0,11578.65,20,4758,578.9325,20,671,22.37,11578.65,High Value,22.043363994743757,525.2669239940387,6303.203087928465,High Value,Repeat Customer
15024.0,3559.39,16,1924,222.461875,16,414,13.8,3559.39,High Value,13.600525624178712,261.70973816425123,3140.516857971015,Medium Value,Repeat Customer
15025.0,979.79,2,503,489.895,2,535,17.83,979.79,Medium Value,17.57555847568988,55.747303925233645,668.9676471028038,Low Value,Repeat Customer
15026.0,1048.8899999999999,5,655,209.77799999999996,5,368,12.27,1048.8899999999999,Medium Value,12.089356110381077,86.76144456521739,1041.1373347826086,Low Value,Repeat Customer
15027.0,3195.6,10,2782,319.56,10,593,19.77,3195.6,High Value,19.48094612352168,164.03720741989883,1968.446489038786,Medium Value,Repeat Customer
15028.0,962.94,6,673,160.49,6,385,12.83,962.94,Medium Value,12.64783180026281,76.13478857142859,913.617462857143,Low Value,Repeat Customer
15029.0,365.1,1,234,365.1,1,0,0.0,365.1,Low Value,1.0,365.1,4381.200000000001,High Value,Single Purchase
15030.0,1979.91,8,1225,247.48875,8,573,19.1,1979.91,High Value,18.823915900131404,105.18055916230368,1262.1667099476442,Low Value,Repeat Customer
15031.0,3102.94,14,1576,221.63857142857142,14,727,24.23,3102.94,High Value,23.88304862023653,129.92227455295736,1559.0672946354885,Medium Value,Repeat Customer
15032.0,11010.05,8,6601,1376.25625,8,472,15.73,11010.05,High Value,15.505913272010512,710.0549194915254,8520.659033898304,High Value,Repeat Customer
15033.0,2557.18,10,1672,255.718,10,324,10.8,2557.18,High Value,10.64388961892247,240.24863950617282,2882.983674074074,Medium Value,Repeat Customer
15034.0,8231.2,14,4748,587.9428571428572,14,561,18.7,8231.2,High Value,18.429697766097238,446.6269661319074,5359.523593582889,High Value,Repeat Customer
15035.0,252.73000000000002,1,245,252.73000000000002,1,0,0.0,252.73000000000002,Low Value,1.0,252.73000000000002,3032.76,Medium Value,Single Purchase
15036.0,429.56,3,316,143.18666666666667,3,107,3.57,429.56,Low Value,3.515111695137976,122.20379813084112,1466.4455775700935,Medium Value,Repeat Customer
15037.0,397.76,2,298,198.88,2,0,0.0,397.76,Low Value,1.0,397.76,4773.12,High Value,Repeat Customer
15038.0,1146.53,9,381,127.39222222222222,9,366,12.2,1146.53,Medium Value,12.02365308804205,95.35621092896174,1144.274531147541,Low Value,Repeat Customer
15039.0,39141.48,93,17780,420.8761290322581,93,719,23.97,39141.48,High Value,23.62023653088042,1657.1163438108485,19885.39612573018,High Value,Repeat Customer
15040.0,7.49,1,1,7.49,1,0,0.0,7.49,Low Value,1.0,7.49,89.88,Low Value,Single Purchase
15041.0,289.4,2,194,144.7,2,274,9.13,289.4,Low Value,9.00131406044678,32.15086131386861,385.81033576642335,Low Value,Repeat Customer
15042.0,315.45,2,238,157.725,2,396,13.2,315.45,Low Value,13.009198423127463,24.248227272727274,290.97872727272727,Low Value,Repeat Customer
15043.0,2870.3199999999997,6,1019,478.3866666666666,6,501,16.7,2870.3199999999997,High Value,16.45860709592641,174.39628902195608,2092.7554682634727,Medium Value,Repeat Customer
15044.0,16024.15,35,5241,457.8328571428571,35,703,23.43,16024.15,High Value,23.0946123521682,693.8479743954481,8326.175692745377,High Value,Repeat Customer
15045.0,735.66,2,114,367.83,2,105,3.5,735.66,Medium Value,3.4494086727989486,213.27133714285713,2559.2560457142854,Medium Value,Repeat Customer
15046.0,7623.79,25,4585,304.9516,25,685,22.83,7623.79,High Value,22.503285151116952,338.78564613138684,4065.4277535766423,High Value,Repeat Customer
15047.0,343.62,1,222,343.62,1,0,0.0,343.62,Low Value,1.0,343.62,4123.4400000000005,High Value,Single Purchase
15048.0,381.0,4,192,95.25,4,303,10.1,381.0,Low Value,9.95400788436268,38.2760396039604,459.3124752475248,Low Value,Repeat Customer
15049.0,121.17000000000002,1,63,121.17000000000002,1,0,0.0,121.17000000000002,Low Value,1.0,121.17000000000002,1454.0400000000002,Medium Value,Single Purchase
15050.0,4087.19,5,2600,817.438,5,455,15.17,4087.19,High Value,14.947437582128778,273.43750241758244,3281.2500290109892,Medium Value,Repeat Customer
15051.0,3926.91,9,3052,436.3233333333333,9,715,23.83,3926.91,High Value,23.488830486202364,167.18201454545456,2006.1841745454549,Medium Value,Repeat Customer
15052.0,207.73000000000002,1,79,207.73000000000002,1,0,0.0,207.73000000000002,Low Value,1.0,207.73000000000002,2492.76,Medium Value,Single Purchase
15053.0,693.95,3,984,231.3166666666667,3,277,9.23,693.95,Medium Value,9.099868593955321,76.25934296028882,915.1121155234658,Low Value,Repeat Customer
15054.0,302.1,2,198,151.05,2,28,0.93,302.1,Low Value,1.0,302.1,3625.2000000000003,High Value,Repeat Customer
15055.0,549.12,3,225,183.04,3,248,8.27,549.12,Medium Value,8.147174770039422,67.40005161290323,808.8006193548388,Low Value,Repeat Customer
15056.0,113.64999999999999,1,69,113.64999999999999,1,0,0.0,113.64999999999999,Low Value,1.0,113.64999999999999,1363.8,Low Value,Single Purchase
15057.0,3255.96,5,1394,651.192,5,458,15.27,3255.96,High Value,15.045992115637318,216.40048558951966,2596.805827074236,Medium Value,Repeat Customer
15058.0,3387.58,16,1645,211.72375,16,628,20.93,3387.58,High Value,20.630749014454665,164.20053375796178,1970.4064050955412,Medium Value,Repeat Customer
15059.0,3491.2,19,1599,183.7473684210526,19,692,23.07,3491.2,High Value,22.733245729303547,153.57243930635838,1842.8692716763005,Medium Value,Repeat Customer
15060.0,294.25,4,257,73.5625,4,0,0.0,294.25,Low Value,1.0,294.25,3531.0,High Value,Repeat Customer
15061.0,126389.02,127,74280,995.1891338582677,127,734,24.47,126389.02,High Value,24.113009198423125,5241.528295367848,62898.33954441418,High Value,Repeat Customer
15062.0,2585.62,8,1872,323.2025,8,539,17.97,2585.62,High Value,17.706964520367936,146.02276957328385,1752.2732348794061,Medium Value,Repeat Customer
15063.0,370.79999999999995,1,56,370.79999999999995,1,0,0.0,370.79999999999995,Low Value,1.0,370.79999999999995,4449.599999999999,High Value,Single Purchase
15064.0,1254.41,4,810,313.6025,4,306,10.2,1254.41,Medium Value,10.052562417871222,124.78509934640523,1497.4211921568628,Medium Value,Repeat Customer
15065.0,3326.86,5,1446,665.3720000000001,5,373,12.43,3326.8600000000006,High Value,12.253613666228645,271.5003174262735,3258.003809115282,Medium Value,Repeat Customer
15066.0,893.59,1,317,893.59,1,0,0.0,893.59,Medium Value,1.0,893.59,10723.08,High Value,Single Purchase
15067.0,3862.88,5,2151,772.576,5,528,17.6,3862.88,High Value,17.345597897503286,222.70088484848486,2672.4106181818183,Medium Value,Repeat Customer
15068.0,1174.9,4,832,293.725,4,575,19.17,1174.9,Medium Value,18.889618922470433,62.19818434782609,746.3782121739131,Low Value,Repeat Customer
15069.0,1109.53,1,520,1109.53,1,0,0.0,1109.53,Medium Value,1.0,1109.53,13314.36,High Value,Single Purchase
15070.0,737.0500000000001,3,339,245.68333333333337,3,351,11.7,737.0500000000001,Medium Value,11.530880420499342,63.91966381766383,767.035965811966,Low Value,Repeat Customer
15071.0,1455.56,4,416,363.89,4,476,15.87,1455.56,Medium Value,15.637319316688567,93.08245042016807,1116.9894050420169,Low Value,Repeat Customer
15072.0,187.51999999999998,1,164,187.51999999999998,1,0,0.0,187.51999999999998,Low Value,1.0,187.51999999999998,2250.24,Medium Value,Single Purchase
15073.0,2788.02,8,1410,348.5025,8,672,22.4,2788.02,High Value,22.07621550591327,126.29066785714286,1515.4880142857144,Medium Value,Repeat Customer
15074.0,1553.1299999999999,3,1039,517.7099999999999,3,362,12.07,1553.1299999999997,Medium Value,11.892247043363994,130.6002132596685,1567.2025591160218,Medium Value,Repeat Customer
15075.0,773.03,1,447,773.03,1,0,0.0,773.03,Medium Value,1.0,773.03,9276.36,High Value,Single Purchase
15076.0,1447.74,3,866,482.58,3,349,11.63,1447.74,Medium Value,11.465177398160314,126.2727954154728,1515.2735449856737,Medium Value,Repeat Customer
15077.0,2428.08,2,528,1214.04,2,235,7.83,2428.08,High Value,7.720105124835742,314.5138519148936,3774.1662229787235,High Value,Repeat Customer
15078.0,17286.73,53,8777,326.1647169811321,53,728,24.27,17286.73,High Value,23.915900131406044,722.8132708791209,8673.75925054945,High Value,Repeat Customer
15079.0,3625.4,11,1459,329.58181818181816,11,519,17.3,3625.3999999999996,High Value,17.04993429697766,212.63425048169557,2551.611005780347,Medium Value,Repeat Customer
15080.0,546.25,2,287,273.125,2,74,2.47,546.25,Medium Value,2.431011826544021,224.70067567567568,2696.408108108108,Medium Value,Repeat Customer
15081.0,1854.57,12,749,154.54749999999999,12,513,17.1,1854.5699999999997,High Value,16.852825229960576,110.04505029239768,1320.5406035087722,Low Value,Repeat Customer
15082.0,93.35000000000001,1,43,93.35000000000001,1,0,0.0,93.35000000000001,Low Value,1.0,93.35000000000001,1120.2,Low Value,Single Purchase
15083.0,88.2,1,38,88.2,1,0,0.0,88.2,Low Value,1.0,88.2,1058.4,Low Value,Single Purchase
15084.0,965.2,2,600,482.6,2,266,8.87,965.2,Medium Value,8.73850197109067,110.45371428571428,1325.4445714285714,Low Value,Repeat Customer
15085.0,347.54,1,169,347.54,1,0,0.0,347.54,Low Value,1.0,347.54,4170.4800000000005,High Value,Single Purchase
15086.0,218.53,2,95,109.265,2,60,2.0,218.53,Low Value,1.9710906701708277,110.86755333333335,1330.41064,Low Value,Repeat Customer
15087.0,306.94,1,470,306.94,1,0,0.0,306.94,Low Value,1.0,306.94,3683.2799999999997,High Value,Single Purchase
15088.0,1160.07,2,460,580.035,2,45,1.5,1160.07,Medium Value,1.4783180026281209,784.7229066666666,9416.674879999999,High Value,Repeat Customer
15089.0,2420.84,6,1359,403.47333333333336,6,118,3.93,2420.84,High Value,3.876478318002628,624.4946576271187,7493.935891525425,High Value,Repeat Customer
15090.0,381.32,1,208,381.32,1,0,0.0,381.32,Low Value,1.0,381.32,4575.84,High Value,Single Purchase
15091.0,1046.6100000000001,3,582,348.87000000000006,3,607,20.23,1046.6100000000001,Medium Value,19.940867279894874,52.48568105436574,629.828172652389,Low Value,Repeat Customer
15092.0,776.46,3,230,258.82,3,247,8.23,776.46,Medium Value,8.114323258869907,95.69005020242916,1148.28060242915,Low Value,Repeat Customer
15093.0,13702.38,23,10778,595.7556521739131,23,713,23.77,13702.380000000001,High Value,23.423127463863338,584.9936145862553,7019.923375035063,High Value,Repeat Customer
15094.0,83.0,2,28,41.5,2,181,6.03,83.0,Low Value,5.946123521681997,13.958674033149173,167.50408839779007,Low Value,Repeat Customer
15095.0,3141.64,10,2233,314.164,10,584,19.47,3141.64,High Value,19.185282522996058,163.75260547945206,1965.0312657534246,Medium Value,Repeat Customer
15096.0,219.39000000000001,1,120,219.39000000000001,1,0,0.0,219.39000000000001,Low Value,1.0,219.39000000000001,2632.6800000000003,Medium Value,Single Purchase
15097.0,908.35,3,424,302.78333333333336,3,578,19.27,908.3500000000001,Medium Value,18.988173455978973,47.83767128027682,574.0520553633219,Low Value,Repeat Customer
15098.0,39916.5,3,121,13305.5,3,0,0.0,39916.5,High Value,1.0,39916.5,478998.0,High Value,Repeat Customer
15099.0,410.48,1,343,410.48,1,0,0.0,410.48,Low Value,1.0,410.48,4925.76,High Value,Single Purchase
15100.0,2193.8999999999996,7,270,313.41428571428565,7,367,12.23,2193.8999999999996,High Value,12.056504599211562,181.9681634877384,2183.617961852861,Medium Value,Repeat Customer
15101.0,1477.94,6,676,246.32333333333335,6,581,19.37,1477.94,Medium Value,19.086727989487514,77.43286333907058,929.1943600688469,Low Value,Repeat Customer
15102.0,554.67,2,339,277.335,2,16,0.53,554.67,Medium Value,1.0,554.67,6656.039999999999,High Value,Repeat Customer
15103.0,703.36,2,329,351.68,2,55,1.83,703.36,Medium Value,1.8068331143232588,389.2777890909091,4671.333469090909,High Value,Repeat Customer
15104.0,993.54,2,635,496.77,2,85,2.83,993.54,Medium Value,2.7923784494086727,355.8042070588235,4269.650484705882,High Value,Repeat Customer
15105.0,3094.91,9,1747,343.87888888888887,9,608,20.27,3094.91,High Value,19.97371879106439,154.94911249999998,1859.38935,Medium Value,Repeat Customer
15106.0,1422.52,5,1181,284.504,5,251,8.37,1422.52,Medium Value,8.245729303547963,172.51597131474105,2070.1916557768927,Medium Value,Repeat Customer
15107.0,824.35,9,330,91.59444444444445,9,140,4.67,824.35,Medium Value,4.599211563731932,179.23724285714286,2150.8469142857143,Medium Value,Repeat Customer
15108.0,1300.25,4,499,325.0625,4,85,2.83,1300.25,Medium Value,2.7923784494086727,465.6424705882353,5587.709647058824,High Value,Repeat Customer
15109.0,983.1,3,258,327.7,3,489,16.3,983.0999999999999,Medium Value,16.064388961892245,61.19747239263805,734.3696687116566,Low Value,Repeat Customer
15110.0,1505.8500000000001,6,337,250.97500000000002,6,461,15.37,1505.8500000000001,Medium Value,15.14454664914586,99.43183080260305,1193.1819696312366,Low Value,Repeat Customer
15111.0,2442.37,5,1058,488.474,5,563,18.77,2442.37,High Value,18.495400788436267,132.0528291296625,1584.63394955595,Medium Value,Repeat Customer
15112.0,209.4,1,72,209.4,1,0,0.0,209.4,Low Value,1.0,209.4,2512.8,Medium Value,Single Purchase
15113.0,3509.43,3,2344,1169.81,3,44,1.47,3509.43,High Value,1.445466491458607,2427.8874818181816,29134.64978181818,High Value,Repeat Customer
15114.0,3400.12,12,3532,283.3433333333333,12,390,13.0,3400.12,High Value,12.81208935611038,265.3837251282051,3184.6047015384615,Medium Value,Repeat Customer
15115.0,531.85,2,245,265.925,2,714,23.8,531.85,Medium Value,23.45597897503285,22.6743893557423,272.09267226890756,Low Value,Repeat Customer
15116.0,1352.75,4,648,338.1875,4,187,6.23,1352.75,Medium Value,6.14323258869908,220.2016577540107,2642.4198930481284,Medium Value,Repeat Customer
15117.0,2485.9700000000003,8,3093,310.74625000000003,8,619,20.63,2485.9700000000003,High Value,20.33508541392904,122.25028562197095,1467.0034274636514,Medium Value,Repeat Customer
15118.0,244.8,1,1440,244.8,1,0,0.0,244.8,Low Value,1.0,244.8,2937.6000000000004,Medium Value,Single Purchase
15119.0,266.4,1,88,266.4,1,0,0.0,266.4,Low Value,1.0,266.4,3196.7999999999997,Medium Value,Single Purchase
15120.0,358.82,1,296,358.82,1,0,0.0,358.82,Low Value,1.0,358.82,4305.84,High Value,Single Purchase
15121.0,457.72,2,199,228.86,2,238,7.93,457.72,Low Value,7.818659658344283,58.54200336134455,702.5040403361346,Low Value,Repeat Customer
15122.0,4487.27,11,2033,407.9336363636364,11,505,16.83,4487.27,High Value,16.590013140604466,270.4801956435644,3245.7623477227726,Medium Value,Repeat Customer
15123.0,4656.17,5,2524,931.234,5,626,20.87,4656.17,High Value,20.565045992115635,226.41184472843452,2716.942136741214,Medium Value,Repeat Customer
15124.0,450.82,4,462,112.705,4,628,20.93,450.82,Low Value,20.630749014454665,21.851848407643313,262.22218089171974,Low Value,Repeat Customer
15125.0,17024.87,24,8433,709.3695833333333,24,593,19.77,17024.87,High Value,19.48094612352168,873.9241868465431,10487.090242158516,High Value,Repeat Customer
15126.0,449.49,2,273,224.745,2,150,5.0,449.49,Low Value,4.92772667542707,91.216504,1094.598048,Low Value,Repeat Customer
15127.0,711.5,2,464,355.75,2,454,15.13,711.5,Medium Value,14.914586070959263,47.70497797356828,572.4597356828194,Low Value,Repeat Customer
15128.0,1783.68,5,1583,356.736,5,369,12.3,1783.6799999999998,High Value,12.12220762155059,147.1415154471545,1765.698185365854,Medium Value,Repeat Customer
15129.0,6860.18,23,4002,298.2686956521739,23,559,18.63,6860.179999999999,High Value,18.363994743758212,373.56686797853314,4482.802415742398,High Value,Repeat Customer
15130.0,330.11,1,197,330.11,1,0,0.0,330.11,Low Value,1.0,330.11,3961.32,High Value,Single Purchase
15131.0,80.28,1,88,80.28,1,0,0.0,80.28,Low Value,1.0,80.28,963.36,Low Value,Single Purchase
15132.0,977.9300000000001,5,679,195.586,5,244,8.13,977.9300000000001,Medium Value,8.015768725361367,122.00077540983607,1464.0093049180327,Medium Value,Repeat Customer
15133.0,1806.9,5,960,361.38,5,392,13.07,1806.9,High Value,12.877792378449408,140.31131632653063,1683.7357959183676,Medium Value,Repeat Customer
15134.0,1596.29,10,1057,159.629,10,407,13.57,1596.29,High Value,13.370565045992116,119.38837248157247,1432.6604697788698,Low Value,Repeat Customer
15135.0,305.68,2,84,152.84,2,317,10.57,305.68,Low Value,10.413929040735873,29.352994321766566,352.23593186119876,Low Value,Repeat Customer
15136.0,1286.7,4,776,321.675,4,93,3.1,1286.7,Medium Value,3.055190538764783,421.1521290322581,5053.825548387097,High Value,Repeat Customer
15137.0,823.4,2,596,411.7,2,159,5.3,823.4,Medium Value,5.223390275952694,157.6370817610063,1891.6449811320756,Medium Value,Repeat Customer
15138.0,502.52,1,300,502.52,1,0,0.0,502.52,Medium Value,1.0,502.52,6030.24,High Value,Single Purchase
15139.0,178.96,2,208,89.48,2,96,3.2,178.96,Low Value,3.1537450722733245,56.74523333333334,680.9428,Low Value,Repeat Customer
15140.0,3243.69,8,2010,405.46125,8,390,13.0,3243.69,High Value,12.81208935611038,253.1741630769231,3038.089956923077,Medium Value,Repeat Customer
15141.0,1388.47,7,1197,198.35285714285715,7,163,5.43,1388.47,Medium Value,5.354796320630749,259.29464294478527,3111.5357153374234,Medium Value,Repeat Customer
15142.0,2619.92,6,2155,436.65333333333336,6,454,15.13,2619.92,High Value,14.914586070959263,175.66159647577095,2107.9391577092515,Medium Value,Repeat Customer
15143.0,563.63,2,320,281.815,2,206,6.87,563.63,Medium Value,6.767411300919842,83.28590873786408,999.4309048543689,Low Value,Repeat Customer
15144.0,12160.31,29,5251,419.3210344827586,29,718,23.93,12160.31,High Value,23.587385019710904,515.542947632312,6186.515371587744,High Value,Repeat Customer
15145.0,1194.73,4,756,298.6825,4,244,8.13,1194.73,Medium Value,8.015768725361367,149.04746393442622,1788.5695672131146,Medium Value,Repeat Customer
15146.0,1327.16,2,1473,663.58,2,126,4.2,1327.16,Medium Value,4.139290407358739,320.6250031746032,3847.5000380952383,High Value,Repeat Customer
15147.0,623.5,1,366,623.5,1,0,0.0,623.5,Medium Value,1.0,623.5,7482.0,High Value,Single Purchase
15148.0,301.29,1,187,301.29,1,0,0.0,301.29,Low Value,1.0,301.29,3615.4800000000005,High Value,Single Purchase
15149.0,1554.6100000000001,5,380,310.922,5,515,17.17,1554.6100000000001,Medium Value,16.918528252299605,91.88801631067962,1102.6561957281554,Low Value,Repeat Customer
15150.0,8977.94,13,6167,690.6107692307693,13,526,17.53,8977.94,High Value,17.279894875164256,519.5598737642587,6234.7184851711045,High Value,Repeat Customer
15151.0,2085.61,2,795,1042.805,2,86,2.87,2085.61,High Value,2.8252299605781865,738.208934883721,8858.507218604653,High Value,Repeat Customer
15152.0,5263.83,14,2994,375.98785714285714,14,691,23.03,5263.83,High Value,22.700394218134033,231.88275716353112,2782.5930859623736,Medium Value,Repeat Customer
15153.0,329.25,1,198,329.25,1,0,0.0,329.25,Low Value,1.0,329.25,3951.0,High Value,Single Purchase
15154.0,1343.72,3,333,447.9066666666667,3,402,13.4,1343.72,Medium Value,13.206307490144546,101.74835024875622,1220.9802029850748,Low Value,Repeat Customer
15155.0,383.96999999999997,1,192,383.96999999999997,1,0,0.0,383.96999999999997,Low Value,1.0,383.96999999999997,4607.639999999999,High Value,Single Purchase
15156.0,961.49,3,597,320.49666666666667,3,32,1.07,961.49,Medium Value,1.0512483574244416,914.6173625,10975.40835,High Value,Repeat Customer
15157.0,2654.11,5,3466,530.822,5,725,24.17,2654.11,High Value,23.817345597897503,111.4360115862069,1337.2321390344828,Low Value,Repeat Customer
15158.0,606.02,2,219,303.01,2,356,11.87,606.02,Medium Value,11.695137976346912,51.818114606741574,621.8173752808989,Low Value,Repeat Customer
15159.0,22116.73,34,13512,650.4920588235294,34,430,14.33,22116.73,High Value,14.126149802890932,1565.6587469767442,18787.904963720932,High Value,Repeat Customer
15160.0,589.27,4,307,147.3175,4,63,2.1,589.27,Medium Value,2.0696452036793693,284.7202984126984,3416.643580952381,High Value,Repeat Customer
15161.0,119.92,1,144,119.92,1,0,0.0,119.92,Low Value,1.0,119.92,1439.04,Low Value,Single Purchase
15162.0,312.9,1,74,312.9,1,0,0.0,312.9,Low Value,1.0,312.9,3754.7999999999997,High Value,Single Purchase
15163.0,304.47,2,186,152.235,2,173,5.77,304.47,Low Value,5.683311432325887,53.57264046242775,642.871685549133,Low Value,Repeat Customer
15164.0,2028.1100000000001,9,912,225.34555555555556,9,621,20.7,2028.1100000000001,High Value,20.40078843626807,99.41331465378423,1192.9597758454106,Low Value,Repeat Customer
15165.0,487.75,1,160,487.75,1,0,0.0,487.75,Medium Value,1.0,487.75,5853.0,High Value,Single Purchase
15166.0,167.16,1,140,167.16,1,0,0.0,167.16,Low Value,1.0,167.16,2005.92,Medium Value,Single Purchase
15167.0,1627.62,5,863,325.524,5,352,11.73,1627.62,High Value,11.563731931668856,140.75213863636364,1689.0256636363638,Medium Value,Repeat Customer
15168.0,106.56,1,52,106.56,1,0,0.0,106.56,Low Value,1.0,106.56,1278.72,Low Value,Single Purchase
15169.0,569.22,2,356,284.61,2,344,11.47,569.22,Medium Value,11.300919842312746,50.3693511627907,604.4322139534884,Low Value,Repeat Customer
15170.0,81.15,1,33,81.15,1,0,0.0,81.15,Low Value,1.0,81.15,973.8000000000001,Low Value,Single Purchase
15171.0,1289.5,1,290,1289.5,1,0,0.0,1289.5,Medium Value,1.0,1289.5,15474.0,High Value,Single Purchase
15172.0,1624.05,5,1611,324.81,5,227,7.57,1624.05,High Value,7.457293035479632,217.78009691629956,2613.361162995595,Medium Value,Repeat Customer
15173.0,1494.6,7,840,213.5142857142857,7,236,7.87,1494.6,Medium Value,7.752956636005256,192.77806779661017,2313.336813559322,Medium Value,Repeat Customer
15174.0,481.46,2,382,240.73,2,87,2.9,481.46,Medium Value,2.8580814717477003,168.45565977011495,2021.4679172413794,Medium Value,Repeat Customer
15175.0,224.14,1,454,224.14,1,0,0.0,224.14,Low Value,1.0,224.14,2689.68,Medium Value,Single Purchase
15176.0,988.04,1,448,988.04,1,0,0.0,988.04,Medium Value,1.0,988.04,11856.48,High Value,Single Purchase
15177.0,948.93,1,485,948.93,1,0,0.0,948.93,Medium Value,1.0,948.93,11387.16,High Value,Single Purchase
15178.0,40.5,1,30,40.5,1,0,0.0,40.5,Low Value,1.0,40.5,486.0,Low Value,Single Purchase
15179.0,7491.92,13,5416,576.3015384615385,13,718,23.93,7491.92,High Value,23.587385019710904,317.6240178272981,3811.488213927577,High Value,Repeat Customer
15180.0,816.9300000000001,3,654,272.31,3,221,7.37,816.9300000000001,Medium Value,7.260183968462549,112.52194208144797,1350.2633049773758,Low Value,Repeat Customer
15181.0,1200.2,5,688,240.04000000000002,5,664,22.13,1200.2,Medium Value,21.81340341655716,55.02121686746988,660.2546024096386,Low Value,Repeat Customer
15182.0,2998.952,11,1186,272.632,11,502,16.73,2998.952,High Value,16.491458607095925,181.84880254980084,2182.18563059761,Medium Value,Repeat Customer
15183.0,639.93,3,297,213.30999999999997,3,36,1.2,639.93,Medium Value,1.1826544021024967,541.0963666666667,6493.1564,High Value,Repeat Customer
15184.0,685.39,4,462,171.3475,4,694,23.13,685.39,Medium Value,22.798948751642573,30.062351008645535,360.7482121037464,Low Value,Repeat Customer
15185.0,310.62,1,666,310.62,1,0,0.0,310.62,Low Value,1.0,310.62,3727.44,High Value,Single Purchase
15186.0,1403.2,5,716,280.64,5,682,22.73,1403.1999999999998,Medium Value,22.404730617608408,62.629630498533736,751.5555659824048,Low Value,Repeat Customer
15187.0,4777.18,16,1887,298.57375,16,210,7.0,4777.18,High Value,6.898817345597897,692.4636152380953,8309.563382857143,High Value,Repeat Customer
15188.0,310.43,1,233,310.43,1,0,0.0,310.43,Low Value,1.0,310.43,3725.16,High Value,Single Purchase
15189.0,17524.38,46,6902,380.96478260869566,46,507,16.9,17524.38,High Value,16.655716162943495,1052.1540970414203,12625.849164497044,High Value,Repeat Customer
15190.0,834.4399999999999,1,790,834.4399999999999,1,0,0.0,834.4399999999999,Medium Value,1.0,834.4399999999999,10013.279999999999,High Value,Single Purchase
15191.0,588.05,3,287,196.01666666666665,3,225,7.5,588.05,Medium Value,7.391590013140604,79.55663111111112,954.6795733333333,Low Value,Repeat Customer
15192.0,1666.39,5,1448,333.278,5,560,18.67,1666.39,High Value,18.396846254927727,90.58019928571429,1086.9623914285714,Low Value,Repeat Customer
15193.0,499.32,1,144,499.32,1,0,0.0,499.32,Medium Value,1.0,499.32,5991.84,High Value,Single Purchase
15194.0,12021.53,28,8922,429.34035714285716,28,733,24.43,12021.53,High Value,24.080157687253614,499.22970422919514,5990.756450750341,High Value,Repeat Customer
15195.0,3861.0,1,1404,3861.0,1,0,0.0,3861.0,High Value,1.0,3861.0,46332.0,High Value,Single Purchase
15196.0,313.7,2,130,156.85,2,293,9.77,313.7,Low Value,9.625492772667542,32.59053924914676,391.0864709897611,Low Value,Repeat Customer
15197.0,1877.51,6,1058,312.91833333333335,6,717,23.9,1877.5100000000002,High Value,23.554533508541393,79.70907168758717,956.508860251046,Low Value,Repeat Customer
15198.0,571.35,5,327,114.27000000000001,5,597,19.9,571.35,Medium Value,19.612352168199735,29.132150753768848,349.58580904522614,Low Value,Repeat Customer
15199.0,3122.4,10,894,312.24,10,516,17.2,3122.4,High Value,16.95137976346912,184.1973953488372,2210.3687441860466,Medium Value,Repeat Customer
15200.0,549.05,1,195,549.05,1,0,0.0,549.05,Medium Value,1.0,549.05,6588.599999999999,High Value,Single Purchase
15201.0,1842.95,7,1660,263.2785714285714,7,524,17.47,1842.9499999999998,High Value,17.21419185282523,107.05991984732825,1284.7190381679388,Low Value,Repeat Customer
15202.0,6001.49,3,3,2000.4966666666667,3,0,0.0,6001.49,High Value,1.0,6001.49,72017.88,High Value,Repeat Customer
15203.0,4400.18,15,4182,293.3453333333334,15,705,23.5,4400.18,High Value,23.160315374507228,189.98791375886526,2279.854965106383,Medium Value,Repeat Customer
15204.0,316.58,1,258,316.58,1,0,0.0,316.58,Low Value,1.0,316.58,3798.96,High Value,Single Purchase
15205.0,653.24,2,378,326.62,2,42,1.4,653.24,Medium Value,1.3797634691195795,473.44346666666667,5681.3216,High Value,Repeat Customer
15206.0,420.29999999999995,4,162,105.07499999999999,4,265,8.83,420.29999999999995,Low Value,8.705650459921156,48.27898867924528,579.3478641509433,Low Value,Repeat Customer
15207.0,683.9200000000001,3,428,227.97333333333336,3,130,4.33,683.9200000000001,Medium Value,4.270696452036794,160.14249846153848,1921.7099815384618,Medium Value,Repeat Customer
15208.0,970.52,6,356,161.75333333333333,6,422,14.07,970.52,Medium Value,13.863337713534822,70.00622938388626,840.0747526066352,Low Value,Repeat Customer
15209.0,178.98000000000002,1,94,178.98000000000002,1,0,0.0,178.98000000000002,Low Value,1.0,178.98000000000002,2147.76,Medium Value,Single Purchase
15210.0,1176.19,3,841,392.06333333333333,3,350,11.67,1176.19,Medium Value,11.498028909329829,102.29492457142858,1227.539094857143,Low Value,Repeat Customer
15211.0,894.4100000000001,2,240,447.20500000000004,2,304,10.13,894.4100000000001,Medium Value,9.986859395532194,89.5586855263158,1074.7042263157896,Low Value,Repeat Customer
15212.0,208.28,2,84,104.14,2,135,4.5,208.28,Low Value,4.434954007884363,46.963282962962964,563.5593955555555,Low Value,Repeat Customer
15213.0,328.35,2,272,164.175,2,11,0.37,328.35,Low Value,1.0,328.35,3940.2000000000003,High Value,Repeat Customer
15214.0,1661.44,8,1254,207.68,8,241,8.03,1661.44,High Value,7.917214191852825,209.85159170124484,2518.219100414938,Medium Value,Repeat Customer
15215.0,2422.43,7,776,346.06142857142856,7,566,18.87,2422.43,High Value,18.593955321944808,130.2805109540636,1563.366131448763,Medium Value,Repeat Customer
15216.0,486.09,2,217,243.045,2,531,17.7,486.09,Medium Value,17.444152431011826,27.865498305084746,334.38597966101696,Low Value,Repeat Customer
15217.0,426.24,1,190,426.24,1,0,0.0,426.24,Low Value,1.0,426.24,5114.88,High Value,Single Purchase
15218.0,11468.83,22,6530,521.3104545454545,22,672,22.4,11468.829999999998,High Value,22.07621550591327,519.5106922619048,6234.128307142857,High Value,Repeat Customer
15219.0,685.45,2,271,342.725,2,472,15.73,685.45,Medium Value,15.505913272010512,44.20571610169492,530.468593220339,Low Value,Repeat Customer
15220.0,1778.96,6,1393,296.49333333333334,6,229,7.63,1778.96,High Value,7.522996057818659,236.46961746724892,2837.635409606987,Medium Value,Repeat Customer
15221.0,2062.2000000000003,4,244,515.5500000000001,4,271,9.03,2062.2000000000003,High Value,8.902759526938238,231.63604428044286,2779.632531365314,Medium Value,Repeat Customer
15222.0,3550.91,11,4458,322.81,11,404,13.47,3550.91,High Value,13.272010512483574,267.54876336633663,3210.5851603960396,Medium Value,Repeat Customer
15223.0,1417.95,5,385,283.59000000000003,5,509,16.97,1417.9500000000003,Medium Value,16.72141918528252,84.79842436149313,1017.5810923379177,Low Value,Repeat Customer
15224.0,871.36,5,443,174.272,5,334,11.13,871.3599999999999,Medium Value,10.972404730617608,79.41376766467066,952.9652119760478,Low Value,Repeat Customer
15225.0,409.40000000000003,1,226,409.40000000000003,1,0,0.0,409.40000000000003,Low Value,1.0,409.40000000000003,4912.8,High Value,Single Purchase
15226.0,154.41,1,71,154.41,1,0,0.0,154.41,Low Value,1.0,154.41,1852.92,Medium Value,Single Purchase
15227.0,2488.4900000000002,9,1217,276.4988888888889,9,597,19.9,2488.4900000000002,High Value,19.612352168199735,126.88381172529316,1522.6057407035178,Medium Value,Repeat Customer
15228.0,5580.2699999999995,6,3375,930.045,6,433,14.43,5580.2699999999995,High Value,14.224704336399475,392.2942697459584,4707.5312369515,High Value,Repeat Customer
15229.0,160.5,1,114,160.5,1,0,0.0,160.5,Low Value,1.0,160.5,1926.0,Medium Value,Single Purchase
15230.0,429.6,2,351,214.8,2,1,0.03,429.6,Low Value,1.0,429.6,5155.200000000001,High Value,Repeat Customer
15231.0,250.26,1,190,250.26,1,0,0.0,250.26,Low Value,1.0,250.26,3003.12,Medium Value,Single Purchase
15232.0,612.06,2,686,306.03,2,27,0.9,612.06,Medium Value,1.0,612.06,7344.719999999999,High Value,Repeat Customer
15233.0,59.400000000000006,1,12,59.400000000000006,1,0,0.0,59.400000000000006,Low Value,1.0,59.400000000000006,712.8000000000001,Low Value,Single Purchase
15234.0,197.0,1,196,197.0,1,0,0.0,197.0,Low Value,1.0,197.0,2364.0,Medium Value,Single Purchase
15235.0,2772.76,16,1676,173.2975,16,170,5.67,2772.76,High Value,5.5847568988173455,496.4871435294118,5957.845722352942,High Value,Repeat Customer
15236.0,321.05,1,269,321.05,1,0,0.0,321.05,Low Value,1.0,321.05,3852.6000000000004,High Value,Single Purchase
15237.0,1412.32,4,1071,353.08,4,225,7.5,1412.32,Medium Value,7.391590013140604,191.07120355555557,2292.8544426666667,Medium Value,Repeat Customer
15238.0,1071.99,3,692,357.33,3,154,5.13,1071.99,Medium Value,5.059132720105125,211.89204935064936,2542.7045922077923,Medium Value,Repeat Customer
15239.0,780.59,2,594,390.295,2,68,2.27,780.59,Medium Value,2.2339027595269383,349.42881764705885,4193.145811764706,High Value,Repeat Customer
15240.0,4459.98,12,3214,371.66499999999996,12,689,22.97,4459.98,High Value,22.634691195795007,197.0417869375907,2364.5014432510884,Medium Value,Repeat Customer
15241.0,3050.16,11,3328,277.2872727272727,11,587,19.57,3050.16,High Value,19.2838370565046,158.1718405451448,1898.0620865417375,Medium Value,Repeat Customer
15242.0,302.04,1,196,302.04,1,0,0.0,302.04,Low Value,1.0,302.04,3624.4800000000005,High Value,Single Purchase
15243.0,927.2800000000001,2,543,463.64000000000004,2,360,12.0,927.2800000000001,Medium Value,11.826544021024967,78.40667555555557,940.8801066666667,Low Value,Repeat Customer
15244.0,912.08,3,472,304.0266666666667,3,600,20.0,912.0800000000002,Medium Value,19.71090670170828,46.27285866666667,555.274304,Low Value,Repeat Customer
15245.0,4610.84,8,3021,576.355,8,461,15.37,4610.84,High Value,15.14454664914586,304.4554655097614,3653.465586117137,High Value,Repeat Customer
15246.0,780.4,3,359,260.1333333333333,3,317,10.57,780.4,Medium Value,10.413929040735873,74.93809463722398,899.2571356466879,Low Value,Repeat Customer
15247.0,976.06,3,514,325.3533333333333,3,414,13.8,976.06,Medium Value,13.600525624178712,71.76634396135266,861.1961275362319,Low Value,Repeat Customer
15248.0,1893.93,3,1065,631.3100000000001,3,122,4.07,1893.9300000000003,High Value,4.0078843626806835,472.5510590163934,5670.612708196721,High Value,Repeat Customer
15249.0,9266.0,18,4980,514.7777777777778,18,591,19.7,9266.0,High Value,19.415243101182654,477.2538747884941,5727.046497461929,High Value,Repeat Customer
15250.0,60.0,1,48,60.0,1,0,0.0,60.0,Low Value,1.0,60.0,720.0,Low Value,Single Purchase
15251.0,20324.54,21,12108,967.8352380952381,21,670,22.33,20324.54,High Value,22.010512483574242,923.401488955224,11080.817867462687,High Value,Repeat Customer
15252.0,2103.41,5,1430,420.68199999999996,5,575,19.17,2103.41,High Value,18.889618922470433,111.35269634782608,1336.232356173913,Low Value,Repeat Customer
15253.0,2055.09,8,1588,256.88625,8,570,19.0,2055.09,High Value,18.725361366622863,109.74901684210528,1316.9882021052633,Low Value,Repeat Customer
15254.0,1088.35,3,711,362.7833333333333,3,433,14.43,1088.35,Medium Value,14.224704336399475,76.51125635103925,918.135076212471,Low Value,Repeat Customer
15255.0,3706.02,9,2214,411.78,9,670,22.33,3706.0199999999995,High Value,22.010512483574242,168.37499820895525,2020.4999785074629,Medium Value,Repeat Customer
15256.0,170.4,2,92,85.2,2,413,13.77,170.4,Low Value,13.567674113009199,12.55926392251816,150.71116707021793,Low Value,Repeat Customer
15257.0,685.9,2,71,342.95,2,130,4.33,685.9,Medium Value,4.270696452036794,160.60612307692307,1927.273476923077,Medium Value,Repeat Customer
15258.0,623.16,2,142,311.58,2,48,1.6,623.16,Medium Value,1.5768725361366622,395.1873,4742.2476,High Value,Repeat Customer
15259.0,1182.3799999999999,4,631,295.59499999999997,4,169,5.63,1182.3799999999999,Medium Value,5.551905387647832,212.96832662721891,2555.619919526627,Medium Value,Repeat Customer
15260.0,8767.73,25,4468,350.7092,25,633,21.1,8767.73,High Value,20.795006570302235,421.62670015797784,5059.520401895734,High Value,Repeat Customer
15261.0,1508.0,4,806,377.0,4,299,9.97,1508.0,Medium Value,9.822601839684625,153.52347826086958,1842.281739130435,Medium Value,Repeat Customer
15262.0,418.82,3,218,139.60666666666665,3,164,5.47,418.81999999999994,Low Value,5.387647831800263,77.73707804878049,932.8449365853659,Low Value,Repeat Customer
15263.0,156.51,1,89,156.51,1,0,0.0,156.51,Low Value,1.0,156.51,1878.12,Medium Value,Single Purchase
15264.0,848.4,2,443,424.2,2,466,15.53,848.4,Medium Value,15.308804204993429,55.419090128755364,665.0290815450644,Low Value,Repeat Customer
15265.0,3345.64,4,1570,836.41,4,586,19.53,3345.64,High Value,19.250985545335084,173.7905829351536,2085.4869952218432,Medium Value,Repeat Customer
15266.0,852.21,5,236,170.442,5,363,12.1,852.21,Medium Value,11.925098554533507,71.46356033057852,857.5627239669423,Low Value,Repeat Customer
15267.0,1717.36,5,944,343.472,5,160,5.33,1717.36,High Value,5.256241787122208,326.72774,3920.7328799999996,High Value,Repeat Customer
15268.0,961.9000000000001,3,428,320.6333333333334,3,126,4.2,961.9000000000001,Medium Value,4.139290407358739,232.3828253968254,2788.593904761905,Medium Value,Repeat Customer
15269.0,1225.3600000000001,3,372,408.4533333333334,3,366,12.2,1225.3600000000001,Medium Value,12.02365308804205,101.91245464480876,1222.9494557377052,Low Value,Repeat Customer
15270.0,8524.86,21,4010,405.9457142857143,21,706,23.53,8524.86,High Value,23.19316688567674,367.5591195467423,4410.7094345609075,High Value,Repeat Customer
15271.0,4528.54,24,2412,188.68916666666667,24,483,16.1,4528.54,High Value,15.867279894875164,285.40115445134575,3424.813853416149,High Value,Repeat Customer
15272.0,2030.95,6,665,338.4916666666667,6,605,20.17,2030.95,High Value,19.87516425755585,102.18531900826446,1226.2238280991735,Low Value,Repeat Customer
15273.0,228.96,1,216,228.96,1,0,0.0,228.96,Low Value,1.0,228.96,2747.52,Medium Value,Single Purchase
15274.0,716.57,2,619,358.285,2,14,0.47,716.57,Medium Value,1.0,716.57,8598.84,High Value,Repeat Customer
15275.0,615.14,1,498,615.14,1,0,0.0,615.14,Medium Value,1.0,615.14,7381.68,High Value,Single Purchase
15276.0,619.8,4,317,154.95,4,368,12.27,619.8,Medium Value,12.089356110381077,51.26823913043478,615.2188695652173,Low Value,Repeat Customer
15277.0,476.34,2,373,238.17,2,378,12.6,476.34,Medium Value,12.417871222076215,38.359231746031746,460.3107809523809,Low Value,Repeat Customer
15278.0,496.15999999999997,4,458,124.03999999999999,4,103,3.43,496.15999999999997,Medium Value,3.383705650459921,146.63213980582523,1759.585677669903,Medium Value,Repeat Customer
15279.0,1580.54,5,802,316.108,5,321,10.7,1580.54,Medium Value,10.545335085413928,149.8804909657321,1798.5658915887852,Medium Value,Repeat Customer
15280.0,397.52,3,507,132.50666666666666,3,399,13.3,397.52,Low Value,13.107752956636006,30.327089724310774,363.92507669172926,Low Value,Repeat Customer
15281.0,8543.57,16,5233,533.973125,16,368,12.27,8543.57,High Value,12.089356110381077,706.701822826087,8480.421873913045,High Value,Repeat Customer
15282.0,348.59,1,395,348.59,1,0,0.0,348.59,Low Value,1.0,348.59,4183.08,High Value,Single Purchase
15283.0,148.33,3,27,49.443333333333335,3,127,4.23,148.33,Low Value,4.1721419185282524,35.55248188976378,426.6297826771654,Low Value,Repeat Customer
15284.0,24.75,1,5,24.75,1,0,0.0,24.75,Low Value,1.0,24.75,297.0,Low Value,Single Purchase
15285.0,94.92,1,120,94.92,1,0,0.0,94.92,Low Value,1.0,94.92,1139.04,Low Value,Single Purchase
15286.0,240.55,1,55,240.55,1,0,0.0,240.55,Low Value,1.0,240.55,2886.6000000000004,Medium Value,Single Purchase
15287.0,856.03,5,1010,171.206,5,715,23.83,856.03,Medium Value,23.488830486202364,36.44413034965035,437.3295641958042,Low Value,Repeat Customer
15288.0,3715.38,10,1336,371.538,10,622,20.73,3715.38,High Value,20.43363994743758,181.82663536977495,2181.9196244372993,Medium Value,Repeat Customer
15289.0,1593.09,5,1627,318.618,5,592,19.73,1593.09,High Value,19.44809461235217,81.91496554054054,982.9795864864864,Low Value,Repeat Customer
15290.0,10496.28,26,6567,403.70307692307694,26,649,21.63,10496.28,High Value,21.320630749014455,492.30626070878276,5907.675128505393,High Value,Repeat Customer
15291.0,13517.76,40,4905,337.944,40,710,23.67,13517.76,High Value,23.324572930354794,579.5501611267606,6954.601933521128,High Value,Repeat Customer
15292.0,178.39,1,55,178.39,1,0,0.0,178.39,Low Value,1.0,178.39,2140.68,Medium Value,Single Purchase
15293.0,247.5,1,178,247.5,1,0,0.0,247.5,Low Value,1.0,247.5,2970.0,Medium Value,Single Purchase
15294.0,233.35,1,97,233.35,1,0,0.0,233.35,Low Value,1.0,233.35,2800.2,Medium Value,Single Purchase
15295.0,207.04,1,139,207.04,1,0,0.0,207.04,Low Value,1.0,207.04,2484.48,Medium Value,Single Purchase
15296.0,10323.03,12,5452,860.2525,12,636,21.2,10323.03,High Value,20.893561103810775,494.0770962264151,5928.9251547169815,High Value,Repeat Customer
15297.0,641.94,3,292,213.98000000000002,3,53,1.77,641.94,Medium Value,1.7411300919842312,368.69157735849063,4424.298928301888,High Value,Repeat Customer
15298.0,9061.77,23,6000,393.99,23,729,24.3,9061.77,High Value,23.94875164257556,378.38172674897123,4540.580720987655,High Value,Repeat Customer
15299.0,6156.53,10,3356,615.653,10,629,20.97,6156.530000000001,High Value,20.66360052562418,297.9408158982512,3575.289790779014,High Value,Repeat Customer
15300.0,496.44,1,292,496.44,1,0,0.0,496.44,Medium Value,1.0,496.44,5957.28,High Value,Single Purchase
15301.0,6909.67,17,3763,406.4511764705882,17,399,13.3,6909.67,High Value,13.107752956636006,527.1437463659148,6325.724956390977,High Value,Repeat Customer
15302.0,308.0,1,102,308.0,1,0,0.0,308.0,Low Value,1.0,308.0,3696.0,High Value,Single Purchase
15303.0,1224.18,3,514,408.06,3,393,13.1,1224.18,Medium Value,12.910643889618921,94.81943816793894,1137.8332580152673,Low Value,Repeat Customer
15304.0,796.4000000000001,9,112,88.4888888888889,9,360,12.0,796.4000000000001,Medium Value,11.826544021024967,67.34004444444446,808.0805333333335,Low Value,Repeat Customer
15305.0,93.6,1,40,93.6,1,0,0.0,93.6,Low Value,1.0,93.6,1123.1999999999998,Low Value,Single Purchase
15306.0,3484.73,9,3074,387.1922222222222,9,594,19.8,3484.7299999999996,High Value,19.513797634691194,178.57774612794614,2142.9329535353536,Medium Value,Repeat Customer
15307.0,205.3,1,37,205.3,1,0,0.0,205.3,Low Value,1.0,205.3,2463.6000000000004,Medium Value,Single Purchase
15308.0,310.47,1,175,310.47,1,0,0.0,310.47,Low Value,1.0,310.47,3725.6400000000003,High Value,Single Purchase
15309.0,797.96,4,440,199.49,4,124,4.13,797.96,Medium Value,4.073587385019711,195.88630967741935,2350.635716129032,Medium Value,Repeat Customer
15310.0,1634.64,1,1476,1634.64,1,0,0.0,1634.64,High Value,1.0,1634.64,19615.68,High Value,Single Purchase
15311.0,114966.42,208,70149,552.7231730769231,208,738,24.6,114966.42000000001,High Value,24.24441524310118,4741.975372357724,56903.70446829269,High Value,Repeat Customer
15312.0,2930.19,12,1693,244.1825,12,648,21.6,2930.19,High Value,21.28777923784494,137.64657962962963,1651.7589555555555,Medium Value,Repeat Customer
15313.0,52.0,1,25,52.0,1,0,0.0,52.0,Low Value,1.0,52.0,624.0,Low Value,Single Purchase
15314.0,820.4499999999999,3,750,273.4833333333333,3,228,7.6,820.4499999999998,Medium Value,7.490144546649145,109.53727192982456,1314.4472631578947,Low Value,Repeat Customer
15315.0,570.5,2,862,285.25,2,51,1.7,570.5,Medium Value,1.6754270696452036,340.51019607843136,4086.1223529411764,High Value,Repeat Customer
15316.0,165.0,1,100,165.0,1,0,0.0,165.0,Low Value,1.0,165.0,1980.0,Medium Value,Single Purchase
15317.0,129.75,1,45,129.75,1,0,0.0,129.75,Low Value,1.0,129.75,1557.0,Medium Value,Single Purchase
15318.0,312.62,1,642,312.62,1,0,0.0,312.62,Low Value,1.0,312.62,3751.44,High Value,Single Purchase
15319.0,204.5,1,175,204.5,1,0,0.0,204.5,Low Value,1.0,204.5,2454.0,Medium Value,Single Purchase
15320.0,267.13,1,326,267.13,1,0,0.0,267.13,Low Value,1.0,267.13,3205.56,Medium Value,Single Purchase
15321.0,6709.7300000000005,12,3653,559.1441666666667,12,603,20.1,6709.7300000000005,High Value,19.80946123521682,338.71340165837483,4064.5608199004982,High Value,Repeat Customer
15322.0,1390.86,2,971,695.43,2,390,13.0,1390.86,Medium Value,12.81208935611038,108.55840615384615,1302.7008738461539,Low Value,Repeat Customer
15323.0,434.6,3,188,144.86666666666667,3,99,3.3,434.6,Low Value,3.252299605781866,133.62852525252526,1603.5423030303032,Medium Value,Repeat Customer
15324.0,140.22000000000003,1,74,140.22000000000003,1,0,0.0,140.22000000000003,Low Value,1.0,140.22000000000003,1682.6400000000003,Medium Value,Single Purchase
15325.0,1601.46,8,1382,200.1825,8,557,18.57,1601.46,High Value,18.298291721419183,87.51964524236985,1050.2357429084382,Low Value,Repeat Customer
15326.0,1700.52,5,1351,340.104,5,404,13.47,1700.52,High Value,13.272010512483574,128.1282891089109,1537.5394693069309,Medium Value,Repeat Customer
15327.0,208.75,1,116,208.75,1,0,0.0,208.75,Low Value,1.0,208.75,2505.0,Medium Value,Single Purchase
15328.0,107.24,1,88,107.24,1,0,0.0,107.24,Low Value,1.0,107.24,1286.8799999999999,Low Value,Single Purchase
15329.0,2958.83,11,1217,268.98454545454547,11,686,22.87,2958.83,High Value,22.536136662286463,131.29268979591836,1575.5122775510204,Medium Value,Repeat Customer
15330.0,714.96,2,1312,357.48,2,28,0.93,714.96,Medium Value,1.0,714.96,8579.52,High Value,Repeat Customer
15331.0,767.91,3,701,255.97,3,109,3.63,767.91,Medium Value,3.5808147174770038,214.45119633027522,2573.4143559633026,Medium Value,Repeat Customer
15332.0,4892.68,6,2306,815.4466666666667,6,147,4.9,4892.68,High Value,4.829172141918528,1013.1508789115646,12157.810546938776,High Value,Repeat Customer
15333.0,1028.56,1,344,1028.56,1,0,0.0,1028.56,Medium Value,1.0,1028.56,12342.72,High Value,Single Purchase
15334.0,350.82,3,273,116.94,3,16,0.53,350.82,Low Value,1.0,350.82,4209.84,High Value,Repeat Customer
15335.0,170.22,1,79,170.22,1,0,0.0,170.22,Low Value,1.0,170.22,2042.6399999999999,Medium Value,Single Purchase
15336.0,240.5,1,84,240.5,1,0,0.0,240.5,Low Value,1.0,240.5,2886.0,Medium Value,Single Purchase
15337.0,373.02,1,200,373.02,1,0,0.0,373.02,Low Value,1.0,373.02,4476.24,High Value,Single Purchase
15338.0,277.93,1,148,277.93,1,0,0.0,277.93,Low Value,1.0,277.93,3335.16,Medium Value,Single Purchase
15339.0,1821.02,7,1138,260.1457142857143,7,602,20.07,1821.02,High Value,19.776609724047304,92.07948305647841,1104.953796677741,Low Value,Repeat Customer
15340.0,105.5,1,76,105.5,1,0,0.0,105.5,Low Value,1.0,105.5,1266.0,Low Value,Single Purchase
15341.0,2402.7200000000003,2,1008,1201.3600000000001,2,368,12.27,2402.7200000000003,High Value,12.089356110381077,198.74673043478265,2384.960765217392,Medium Value,Repeat Customer
15342.0,406.09,1,283,406.09,1,0,0.0,406.09,Low Value,1.0,406.09,4873.08,High Value,Single Purchase
15343.0,364.5,1,84,364.5,1,0,0.0,364.5,Low Value,1.0,364.5,4374.0,High Value,Single Purchase
15344.0,563.94,3,116,187.98000000000002,3,73,2.43,563.94,Medium Value,2.3981603153745072,235.15525479452057,2821.8630575342468,Medium Value,Repeat Customer
15345.0,393.54,1,81,393.54,1,0,0.0,393.54,Low Value,1.0,393.54,4722.4800000000005,High Value,Single Purchase
15346.0,596.12,3,260,198.70666666666668,3,98,3.27,596.12,Medium Value,3.219448094612352,185.16217142857144,2221.946057142857,Medium Value,Repeat Customer
15347.0,1162.0,4,542,290.5,4,71,2.37,1162.0,Medium Value,2.3324572930354797,498.1870422535211,5978.244507042253,High Value,Repeat Customer
15348.0,158.04,1,84,158.04,1,0,0.0,158.04,Low Value,1.0,158.04,1896.48,Medium Value,Single Purchase
15349.0,463.90999999999997,2,321,231.95499999999998,2,29,0.97,463.90999999999997,Medium Value,1.0,463.90999999999997,5566.92,High Value,Repeat Customer
15350.0,547.6,2,272,273.8,2,9,0.3,547.6,Medium Value,1.0,547.6,6571.200000000001,High Value,Repeat Customer
15351.0,3430.22,10,1350,343.022,10,420,14.0,3430.22,High Value,13.797634691195794,248.6092780952381,2983.311337142857,Medium Value,Repeat Customer
15352.0,111.15,1,40,111.15,1,0,0.0,111.15,Low Value,1.0,111.15,1333.8000000000002,Low Value,Single Purchase
15353.0,2794.4700000000003,7,1391,399.21000000000004,7,483,16.1,2794.4700000000003,High Value,15.867279894875164,176.11525217391306,2113.3830260869568,Medium Value,Repeat Customer
15354.0,284.4,3,3,94.8,3,0,0.0,284.4,Low Value,1.0,284.4,3412.7999999999997,High Value,Repeat Customer
15355.0,277.05,2,45,138.525,2,23,0.77,277.05,Low Value,1.0,277.05,3324.6000000000004,Medium Value,Repeat Customer
15356.0,3239.57,13,1892,249.1976923076923,13,390,13.0,3239.57,High Value,12.81208935611038,252.8525917948718,3034.2311015384616,Medium Value,Repeat Customer
15358.0,16425.86,42,14902,391.0919047619048,42,727,24.23,16425.86,High Value,23.88304862023653,687.7622811554334,8253.1473738652,High Value,Repeat Customer
15359.0,181.35,8,145,22.66875,8,30,1.0,181.35,Low Value,1.0,181.35,2176.2,Medium Value,Repeat Customer
15360.0,427.93,1,223,427.93,1,0,0.0,427.93,Low Value,1.0,427.93,5135.16,High Value,Single Purchase
15361.0,689.07,4,373,172.2675,4,181,6.03,689.07,Medium Value,5.946123521681997,115.88558453038675,1390.6270143646411,Low Value,Repeat Customer
15362.0,613.08,2,368,306.54,2,290,9.67,613.08,Medium Value,9.526938239159001,64.35225931034483,772.227111724138,Low Value,Repeat Customer
15363.0,678.11,2,383,339.055,2,120,4.0,678.11,Medium Value,3.9421813403416555,172.01390333333336,2064.1668400000003,Medium Value,Repeat Customer
15364.0,913.19,2,493,456.595,2,158,5.27,913.19,Medium Value,5.19053876478318,175.93356708860762,2111.2028050632916,Medium Value,Repeat Customer
15365.0,4557.13,13,2131,350.54846153846154,13,647,21.57,4557.13,High Value,21.254927726675426,214.40345780525504,2572.8414936630606,Medium Value,Repeat Customer
15366.0,2389.08,7,2447,341.29714285714283,7,576,19.2,2389.08,High Value,18.922470433639948,126.25624166666667,1515.0749,Medium Value,Repeat Customer
15367.0,5081.33,11,2944,461.9390909090909,11,671,22.37,5081.33,High Value,22.043363994743757,230.5151791356185,2766.182149627422,Medium Value,Repeat Customer
15368.0,722.74,2,406,361.37,2,372,12.4,722.74,Medium Value,12.220762155059132,59.1403376344086,709.6840516129032,Low Value,Repeat Customer
15369.0,6251.26,11,3288,568.2963636363637,11,239,7.97,6251.260000000001,High Value,7.851511169513797,796.1855832635985,9554.226999163182,High Value,Repeat Customer
15370.0,3739.01,8,1397,467.37625,8,369,12.3,3739.01,High Value,12.12220762155059,308.4429929539296,3701.315915447155,High Value,Repeat Customer
15371.0,59.400000000000006,1,12,59.400000000000006,1,0,0.0,59.400000000000006,Low Value,1.0,59.400000000000006,712.8000000000001,Low Value,Single Purchase
15372.0,6017.06,8,6410,752.1325,8,526,17.53,6017.06,High Value,17.279894875164256,348.2116091254753,4178.539309505704,High Value,Repeat Customer
15373.0,3084.54,17,726,181.4435294117647,17,578,19.27,3084.54,High Value,18.988173455978973,162.44532456747407,1949.343894809689,Medium Value,Repeat Customer
15374.0,307.32,2,290,153.66,2,495,16.5,307.32,Low Value,16.26149802890933,18.898627878787877,226.78353454545453,Low Value,Repeat Customer
15375.0,60.959999999999994,1,84,60.959999999999994,1,0,0.0,60.959999999999994,Low Value,1.0,60.959999999999994,731.52,Low Value,Single Purchase
15376.0,1221.56,3,615,407.18666666666667,3,182,6.07,1221.56,Medium Value,5.978975032851511,204.30926593406593,2451.711191208791,Medium Value,Repeat Customer
15377.0,1211.75,4,253,302.9375,4,32,1.07,1211.75,Medium Value,1.0512483574244416,1152.6771875,13832.12625,High Value,Repeat Customer
15378.0,246.5,2,130,123.25,2,39,1.3,246.5,Low Value,1.281208935611038,192.39641025641026,2308.756923076923,Medium Value,Repeat Customer
15379.0,4877.84,8,3000,609.73,8,231,7.7,4877.84,High Value,7.588699080157687,642.7768380952382,7713.322057142858,High Value,Repeat Customer
15380.0,3248.96,11,954,295.36,11,729,24.3,3248.96,High Value,23.94875164257556,135.66302112482853,1627.9562534979423,Medium Value,Repeat Customer
15381.0,1890.5700000000002,5,802,378.11400000000003,5,369,12.3,1890.5700000000002,High Value,12.12220762155059,155.95921626016263,1871.5105951219516,Medium Value,Repeat Customer
15382.0,13733.550000000001,12,9178,1144.4625,12,720,24.0,13733.550000000001,High Value,23.653088042049934,580.6239750000001,6967.4877000000015,High Value,Repeat Customer
15384.0,2027.79,4,1767,506.9475,4,422,14.07,2027.79,High Value,13.863337713534822,146.26997061611374,1755.239647393365,Medium Value,Repeat Customer
15385.0,942.08,3,428,314.0266666666667,3,637,21.23,942.0800000000002,Medium Value,20.92641261498029,45.01870518053375,540.224462166405,Low Value,Repeat Customer
15386.0,394.14,1,446,394.14,1,0,0.0,394.14,Low Value,1.0,394.14,4729.68,High Value,Single Purchase
15387.0,468.65,1,335,468.65,1,0,0.0,468.65,Medium Value,1.0,468.65,5623.799999999999,High Value,Single Purchase
15388.0,140.54,1,88,140.54,1,0,0.0,140.54,Low Value,1.0,140.54,1686.48,Medium Value,Single Purchase
15389.0,2733.8,5,3940,546.76,5,509,16.97,2733.8,High Value,16.72141918528252,163.49090766208255,1961.8908919449905,Medium Value,Repeat Customer
15390.0,1216.66,2,894,608.33,2,12,0.4,1216.66,Medium Value,1.0,1216.66,14599.920000000002,High Value,Repeat Customer
15391.0,289.87,1,109,289.87,1,0,0.0,289.87,Low Value,1.0,289.87,3478.44,High Value,Single Purchase
15392.0,2911.62,7,2144,415.94571428571425,7,426,14.2,2911.62,High Value,13.994743758212877,208.0509690140845,2496.611628169014,Medium Value,Repeat Customer
15393.0,891.34,5,378,178.268,5,707,23.57,891.34,Medium Value,23.226018396846253,38.37678868458275,460.521464214993,Low Value,Repeat Customer
15394.0,5286.8,11,2372,480.6181818181818,11,714,23.8,5286.8,High Value,23.45597897503285,225.39242577030817,2704.709109243698,Medium Value,Repeat Customer
15395.0,107.45,1,17,107.45,1,0,0.0,107.45,Low Value,1.0,107.45,1289.4,Low Value,Single Purchase
15396.0,796.38,2,278,398.19,2,471,15.7,796.38,Medium Value,15.473061760840999,51.4688050955414,617.6256611464968,Low Value,Repeat Customer
15397.0,94.0,1,20,94.0,1,0,0.0,94.0,Low Value,1.0,94.0,1128.0,Low Value,Single Purchase
15398.0,1345.53,2,769,672.765,2,62,2.07,1345.53,Medium Value,2.0367936925098555,660.6118258064515,7927.341909677418,High Value,Repeat Customer
15399.0,815.77,3,611,271.92333333333335,3,77,2.57,815.77,Medium Value,2.5295663600525624,322.49401038961037,3869.9281246753244,High Value,Repeat Customer
15400.0,1302.3,8,662,162.7875,8,468,15.6,1302.3,Medium Value,15.374507227332456,84.70515384615385,1016.4618461538462,Low Value,Repeat Customer
15401.0,216.95000000000002,2,93,108.47500000000001,2,116,3.87,216.95000000000002,Low Value,3.8107752956636003,56.93067241379311,683.1680689655174,Low Value,Repeat Customer
15402.0,1830.54,6,2034,305.09,6,443,14.77,1830.54,High Value,14.553219448094612,125.7824776523702,1509.3897318284426,Medium Value,Repeat Customer
15403.0,170.88,2,492,85.44,2,238,7.93,170.88,Low Value,7.818659658344283,21.855408403361345,262.26490084033617,Low Value,Repeat Customer
15404.0,257.06,1,334,257.06,1,0,0.0,257.06,Low Value,1.0,257.06,3084.7200000000003,Medium Value,Single Purchase
15405.0,659.84,2,348,329.92,2,386,12.87,659.84,Medium Value,12.680683311432325,52.03505077720208,624.4206093264249,Low Value,Repeat Customer
15406.0,975.87,4,547,243.9675,4,422,14.07,975.87,Medium Value,13.863337713534822,70.39213933649289,844.7056720379146,Low Value,Repeat Customer
15407.0,1046.74,4,552,261.685,4,271,9.03,1046.74,Medium Value,8.902759526938238,117.57478081180813,1410.8973697416975,Low Value,Repeat Customer
15408.0,267.18,1,106,267.18,1,0,0.0,267.18,Low Value,1.0,267.18,3206.16,Medium Value,Single Purchase
15409.0,131.25,1,59,131.25,1,0,0.0,131.25,Low Value,1.0,131.25,1575.0,Medium Value,Single Purchase
15410.0,4685.72,10,1902,468.572,10,515,17.17,4685.72,High Value,16.918528252299605,276.95789669902916,3323.49476038835,Medium Value,Repeat Customer
15411.0,1348.93,4,529,337.2325,4,156,5.2,1348.93,Medium Value,5.124835742444152,263.21428974358975,3158.571476923077,Medium Value,Repeat Customer
15412.0,190.53,1,108,190.53,1,0,0.0,190.53,Low Value,1.0,190.53,2286.36,Medium Value,Single Purchase
15413.0,6798.72,5,2694,1359.7440000000001,5,47,1.57,6798.720000000001,High Value,1.5440210249671484,4403.25610212766,52839.073225531916,High Value,Repeat Customer
15414.0,774.9000000000001,3,443,258.3,3,232,7.73,774.9000000000001,Medium Value,7.621550591327201,101.67222413793105,1220.0666896551727,Low Value,Repeat Customer
15415.0,559.61,1,551,559.61,1,0,0.0,559.61,Medium Value,1.0,559.61,6715.32,High Value,Single Purchase
15416.0,4572.82,7,2420,653.26,7,611,20.37,4572.82,High Value,20.07227332457293,227.8177427168576,2733.8129126022914,Medium Value,Repeat Customer
15417.0,508.8,1,284,508.8,1,0,0.0,508.8,Medium Value,1.0,508.8,6105.6,High Value,Single Purchase
15418.0,449.42,2,264,224.71,2,161,5.37,449.42,Low Value,5.289093298291721,84.97108571428572,1019.6530285714286,Low Value,Repeat Customer
15419.0,135.86,1,230,135.86,1,0,0.0,135.86,Low Value,1.0,135.86,1630.3200000000002,Medium Value,Single Purchase
15420.0,743.0,6,844,123.83333333333333,6,300,10.0,743.0,Medium Value,9.85545335085414,75.38973333333334,904.6768000000001,Low Value,Repeat Customer
15421.0,3805.34,10,1927,380.534,10,673,22.43,3805.34,High Value,22.109067017082786,172.11671560178306,2065.4005872213966,Medium Value,Repeat Customer
15422.0,1619.97,7,710,231.42428571428573,7,347,11.57,1619.97,High Value,11.399474375821287,142.10918386167148,1705.310206340058,Medium Value,Repeat Customer
15423.0,266.89,3,198,88.96333333333332,3,583,19.43,266.89,Low Value,19.152431011826543,13.935045626072041,167.2205475128645,Low Value,Repeat Customer
15424.0,597.78,3,873,199.26,3,208,6.93,597.78,Medium Value,6.83311432325887,87.48280384615384,1049.793646153846,Low Value,Repeat Customer
15425.0,1941.1200000000001,4,1041,485.28000000000003,4,263,8.77,1941.1200000000001,High Value,8.639947437582128,224.6680334600761,2696.016401520913,Medium Value,Repeat Customer
15426.0,2156.35,9,1041,239.59444444444443,9,567,18.9,2156.35,High Value,18.626806833114323,115.76595061728395,1389.1914074074075,Low Value,Repeat Customer
15427.0,1430.54,3,967,476.84666666666664,3,13,0.43,1430.54,Medium Value,1.0,1430.54,17166.48,High Value,Repeat Customer
15428.0,762.75,4,347,190.6875,4,706,23.53,762.75,Medium Value,23.19316688567674,32.88684135977338,394.64209631728056,Low Value,Repeat Customer
15429.0,397.35,2,380,198.675,2,48,1.6,397.35,Low Value,1.5768725361366622,251.98612500000002,3023.8335,Medium Value,Repeat Customer
15430.0,954.75,2,309,477.375,2,60,2.0,954.75,Medium Value,1.9710906701708277,484.3765,5812.518,High Value,Repeat Customer
15431.0,153.24,1,84,153.24,1,0,0.0,153.24,Low Value,1.0,153.24,1838.88,Medium Value,Single Purchase
15432.0,320.76,2,92,160.38,2,518,17.27,320.76,Low Value,17.017082785808146,18.84929420849421,226.19153050193052,Low Value,Repeat Customer
15433.0,533.3,2,534,266.65,2,53,1.77,533.3,Medium Value,1.7411300919842312,306.29532075471695,3675.5438490566034,High Value,Repeat Customer
15434.0,2567.06,11,1423,233.36909090909091,11,675,22.5,2567.06,High Value,22.174770039421812,115.76489837037037,1389.1787804444446,Low Value,Repeat Customer
15435.0,149.29,1,54,149.29,1,0,0.0,149.29,Low Value,1.0,149.29,1791.48,Medium Value,Single Purchase
15436.0,1067.75,3,574,355.9166666666667,3,221,7.37,1067.75,Medium Value,7.260183968462549,147.06927601809954,1764.8313122171944,Medium Value,Repeat Customer
15437.0,393.45,2,177,196.725,2,378,12.6,393.45,Low Value,12.417871222076215,31.684174603174604,380.2100952380953,Low Value,Repeat Customer
15438.0,156.57999999999998,1,59,156.57999999999998,1,0,0.0,156.57999999999998,Low Value,1.0,156.57999999999998,1878.9599999999998,Medium Value,Single Purchase
15439.0,1269.05,4,572,317.2625,4,248,8.27,1269.05,Medium Value,8.147174770039422,155.76565322580643,1869.1878387096772,Medium Value,Repeat Customer
15440.0,383.68,3,197,127.89333333333333,3,154,5.13,383.68,Low Value,5.059132720105125,75.83908571428572,910.0690285714286,Low Value,Repeat Customer
15441.0,1254.21,3,587,418.07,3,334,11.13,1254.21,Medium Value,10.972404730617608,114.30584550898205,1371.6701461077846,Low Value,Repeat Customer
15442.0,594.0,1,120,594.0,1,0,0.0,594.0,Medium Value,1.0,594.0,7128.0,High Value,Single Purchase
15443.0,5114.23,14,2699,365.3021428571428,14,640,21.33,5114.23,High Value,21.02496714848883,243.245564375,2918.9467725,Medium Value,Repeat Customer
15444.0,1411.21,2,759,705.605,2,31,1.03,1411.21,Medium Value,1.0183968462549278,1385.7171741935483,16628.60609032258,High Value,Repeat Customer
15445.0,284.5,2,118,142.25,2,326,10.87,284.5,Low Value,10.709592641261498,26.564969325153374,318.7796319018405,Low Value,Repeat Customer
15446.0,399.75,3,265,133.25,3,349,11.63,399.75,Low Value,11.465177398160314,34.86644699140402,418.3973638968482,Low Value,Repeat Customer
15447.0,492.88,5,228,98.576,5,294,9.8,492.88,Medium Value,9.658344283837057,51.031521088435376,612.3782530612245,Low Value,Repeat Customer
15448.0,788.81,2,487,394.405,2,361,12.03,788.81,Medium Value,11.85939553219448,66.513508033241,798.1620963988919,Low Value,Repeat Customer
15449.0,974.52,3,812,324.84,3,235,7.83,974.52,Medium Value,7.720105124835742,126.23144170212767,1514.777300425532,Medium Value,Repeat Customer
15450.0,429.84,1,376,429.84,1,0,0.0,429.84,Low Value,1.0,429.84,5158.08,High Value,Single Purchase
15451.0,226.86,2,76,113.43,2,164,5.47,226.86,Low Value,5.387647831800263,42.107429268292684,505.2891512195122,Low Value,Repeat Customer
15452.0,1785.1100000000001,6,1087,297.5183333333334,6,481,16.03,1785.1100000000001,High Value,15.801576872536137,112.97037089397091,1355.644450727651,Low Value,Repeat Customer
15453.0,1371.77,7,837,195.96714285714285,7,185,6.17,1371.77,Medium Value,6.077529566360052,225.7117772972973,2708.5413275675674,Medium Value,Repeat Customer
15454.0,305.99,2,146,152.995,2,256,8.53,305.99,Low Value,8.409986859395532,36.3841234375,436.60948125000004,Low Value,Repeat Customer
15455.0,38.25,1,3,38.25,1,0,0.0,38.25,Low Value,1.0,38.25,459.0,Low Value,Single Purchase
15456.0,2091.52,10,2727,209.152,10,448,14.93,2091.52,High Value,14.71747700394218,142.1113142857143,1705.3357714285714,Medium Value,Repeat Customer
15457.0,237.07,1,132,237.07,1,0,0.0,237.07,Low Value,1.0,237.07,2844.84,Medium Value,Single Purchase
15458.0,370.43999999999994,2,300,185.21999999999997,2,376,12.53,370.43999999999994,Low Value,12.352168199737187,29.989876595744676,359.8785191489361,Low Value,Repeat Customer
15459.0,202.82999999999998,2,121,101.41499999999999,2,80,2.67,202.82999999999998,Low Value,2.628120893561104,77.17681499999999,926.12178,Low Value,Repeat Customer
15460.0,214.26,1,107,214.26,1,0,0.0,214.26,Low Value,1.0,214.26,2571.12,Medium Value,Single Purchase
15461.0,429.7,2,230,214.85,2,170,5.67,429.7,Low Value,5.5847568988173455,76.94157647058823,923.2989176470587,Low Value,Repeat Customer
15462.0,737.05,4,495,184.2625,4,351,11.7,737.05,Medium Value,11.530880420499342,63.91966381766382,767.0359658119658,Low Value,Repeat Customer
15463.0,126.14,1,106,126.14,1,0,0.0,126.14,Low Value,1.0,126.14,1513.68,Medium Value,Single Purchase
15464.0,1044.65,1,348,1044.65,1,0,0.0,1044.65,Medium Value,1.0,1044.65,12535.800000000001,High Value,Single Purchase
15465.0,12100.4,32,2638,378.1375,32,710,23.67,12100.4,High Value,23.324572930354794,518.7833464788732,6225.400157746479,High Value,Repeat Customer
15466.0,1560.46,4,941,390.115,4,651,21.7,1560.46,Medium Value,21.38633377135348,72.96528786482335,875.5834543778802,Low Value,Repeat Customer
15467.0,524.88,3,310,174.96,3,142,4.73,524.88,Medium Value,4.664914586070959,112.51652957746478,1350.1983549295774,Low Value,Repeat Customer
15468.0,1430.48,3,1400,476.82666666666665,3,341,11.37,1430.48,Medium Value,11.202365308804204,127.69446099706747,1532.3335319648095,Medium Value,Repeat Customer
15469.0,874.25,3,287,291.4166666666667,3,388,12.93,874.25,Medium Value,12.746386333771353,68.58806701030927,823.0568041237113,Low Value,Repeat Customer
15470.0,63.419999999999995,1,232,63.419999999999995,1,0,0.0,63.419999999999995,Low Value,1.0,63.419999999999995,761.04,Low Value,Single Purchase
15471.0,1292.01,3,670,430.67,3,548,18.27,1292.01,Medium Value,18.00262812089356,71.76785474452555,861.2142569343066,Low Value,Repeat Customer
15472.0,371.56,1,251,371.56,1,0,0.0,371.56,Low Value,1.0,371.56,4458.72,High Value,Single Purchase
15473.0,2046.0,8,776,255.75,8,430,14.33,2046.0,High Value,14.126149802890932,144.83776744186048,1738.0532093023257,Medium Value,Repeat Customer
15474.0,150.35,1,55,150.35,1,0,0.0,150.35,Low Value,1.0,150.35,1804.1999999999998,Medium Value,Single Purchase
15475.0,454.10999999999996,1,319,454.10999999999996,1,0,0.0,454.10999999999996,Low Value,1.0,454.10999999999996,5449.32,High Value,Single Purchase
15476.0,2209.98,4,1174,552.495,4,62,2.07,2209.98,High Value,2.0367936925098555,1085.0288903225805,13020.346683870966,High Value,Repeat Customer
15477.0,368.4,1,216,368.4,1,0,0.0,368.4,Low Value,1.0,368.4,4420.799999999999,High Value,Single Purchase
15478.0,1983.48,3,894,661.16,3,534,17.8,1983.48,High Value,17.542706964520367,113.06578876404495,1356.7894651685394,Low Value,Repeat Customer
15479.0,147.4,1,38,147.4,1,0,0.0,147.4,Low Value,1.0,147.4,1768.8000000000002,Medium Value,Single Purchase
15480.0,6279.0,5,1852,1255.8,5,559,18.63,6279.0,High Value,18.363994743758212,341.9190697674419,4103.028837209303,High Value,Repeat Customer
15481.0,1993.34,1,1450,1993.34,1,0,0.0,1993.34,High Value,1.0,1993.34,23920.079999999998,High Value,Single Purchase
15482.0,14417.36,19,6516,758.8084210526316,19,721,24.03,14417.36,High Value,23.68593955321945,608.6885414701803,7304.262497642164,High Value,Repeat Customer
15483.0,817.8199999999999,10,905,81.782,10,522,17.4,817.8199999999999,Medium Value,17.1484888304862,47.69049961685824,572.2859954022989,Low Value,Repeat Customer
15484.0,4652.1,6,4074,775.35,6,732,24.4,4652.1,High Value,24.0473061760841,193.45618032786888,2321.4741639344265,Medium Value,Repeat Customer
15485.0,4810.92,7,2153,687.2742857142857,7,707,23.57,4810.92,High Value,23.226018396846253,207.1349431400283,2485.6193176803395,Medium Value,Repeat Customer
15486.0,102.0,1,40,102.0,1,0,0.0,102.0,Low Value,1.0,102.0,1224.0,Low Value,Single Purchase
15487.0,231.32,1,144,231.32,1,0,0.0,231.32,Low Value,1.0,231.32,2775.84,Medium Value,Single Purchase
15488.0,431.92,5,251,86.384,5,490,16.33,431.92,Low Value,16.09724047306176,26.83192816326531,321.98313795918375,Low Value,Repeat Customer
15489.0,2419.61,8,1264,302.45125,8,670,22.33,2419.61,High Value,22.010512483574242,109.92974388059703,1319.1569265671644,Low Value,Repeat Customer
15490.0,210.85,1,82,210.85,1,0,0.0,210.85,Low Value,1.0,210.85,2530.2,Medium Value,Single Purchase
15491.0,3100.09,6,1646,516.6816666666667,6,140,4.67,3100.09,High Value,4.599211563731932,674.04814,8088.57768,High Value,Repeat Customer
15492.0,659.4599999999999,2,483,329.72999999999996,2,46,1.53,659.4599999999999,Medium Value,1.5111695137976346,436.3904869565217,5236.685843478261,High Value,Repeat Customer
15493.0,4121.68,9,1206,457.9644444444445,9,622,20.73,4121.68,High Value,20.43363994743758,201.71051318327977,2420.5261581993573,Medium Value,Repeat Customer
15494.0,3702.6,5,3052,740.52,5,707,23.57,3702.6,High Value,23.226018396846253,159.41604526166904,1912.9925431400284,Medium Value,Repeat Customer
15495.0,246.5,1,194,246.5,1,0,0.0,246.5,Low Value,1.0,246.5,2958.0,Medium Value,Single Purchase
15496.0,146.14000000000001,1,98,146.14000000000001,1,0,0.0,146.14000000000001,Low Value,1.0,146.14000000000001,1753.6800000000003,Medium Value,Single Purchase
15497.0,8657.39,9,2937,961.9322222222222,9,703,23.43,8657.39,High Value,23.0946123521682,374.86621849217636,4498.394621906116,High Value,Repeat Customer
15498.0,24972.86,44,12134,567.565,44,720,24.0,24972.86,High Value,23.653088042049934,1055.7970255555556,12669.564306666667,High Value,Repeat Customer
15499.0,158.65,1,59,158.65,1,0,0.0,158.65,Low Value,1.0,158.65,1903.8000000000002,Medium Value,Single Purchase
15500.0,1131.56,4,572,282.89,4,73,2.43,1131.56,Medium Value,2.3981603153745072,471.84501917808217,5662.140230136986,High Value,Repeat Customer
15501.0,399.95,2,205,199.975,2,10,0.33,399.95,Low Value,1.0,399.95,4799.4,High Value,Repeat Customer
15502.0,13003.869999999999,14,5559,928.847857142857,14,539,17.97,13003.869999999999,High Value,17.706964520367936,734.3929551020408,8812.715461224489,High Value,Repeat Customer
15503.0,257.3,2,130,128.65,2,363,12.1,257.3,Low Value,11.925098554533507,21.576341597796148,258.9160991735538,Low Value,Repeat Customer
15504.0,402.7,4,141,100.675,4,584,19.47,402.7,Low Value,19.185282522996058,20.99004794520548,251.88057534246576,Low Value,Repeat Customer
15505.0,3610.96,5,2390,722.192,5,102,3.4,3610.96,High Value,3.350854139290407,1077.6237490196079,12931.484988235294,High Value,Repeat Customer
15506.0,2030.33,6,1637,338.3883333333333,6,454,15.13,2030.33,High Value,14.914586070959263,136.1304960352423,1633.5659524229075,Medium Value,Repeat Customer
15507.0,475.86,1,160,475.86,1,0,0.0,475.86,Medium Value,1.0,475.86,5710.32,High Value,Single Purchase
15508.0,1000.27,6,440,166.71166666666667,6,46,1.53,1000.27,Medium Value,1.5111695137976346,661.9178,7943.0136,High Value,Repeat Customer
15509.0,152.41,1,58,152.41,1,0,0.0,152.41,Low Value,1.0,152.41,1828.92,Medium Value,Single Purchase
15510.0,250.0,1,2,250.0,1,0,0.0,250.0,Low Value,1.0,250.0,3000.0,Medium Value,Single Purchase
15511.0,900.53,5,269,180.106,5,73,2.43,900.53,Medium Value,2.3981603153745072,375.5086739726027,4506.104087671232,High Value,Repeat Customer
15512.0,331.58,4,235,82.895,4,520,17.33,331.58,Low Value,17.082785808147175,19.410183076923076,232.9221969230769,Low Value,Repeat Customer
15513.0,26437.05,35,10477,755.3442857142857,35,661,22.03,26437.05,High Value,21.71484888304862,1217.4641482602117,14609.56977912254,High Value,Repeat Customer
15514.0,6392.06,18,4087,355.1144444444445,18,722,24.07,6392.06,High Value,23.71879106438896,269.4934991689751,3233.921990027701,Medium Value,Repeat Customer
15515.0,171.81,1,131,171.81,1,0,0.0,171.81,Low Value,1.0,171.81,2061.7200000000003,Medium Value,Single Purchase
15516.0,62.43,3,27,20.81,3,1,0.03,62.42999999999999,Low Value,1.0,62.43,749.16,Low Value,Repeat Customer
15517.0,267.03,1,293,267.03,1,0,0.0,267.03,Low Value,1.0,267.03,3204.3599999999997,Medium Value,Single Purchase
15518.0,4189.99,15,2810,279.3326666666666,15,655,21.83,4189.99,High Value,21.517739816031536,194.72258870229007,2336.671064427481,Medium Value,Repeat Customer
15519.0,344.61,2,116,172.305,2,63,2.1,344.61,Low Value,2.0696452036793693,166.5068,1998.0816,Medium Value,Repeat Customer
15520.0,343.5,1,314,343.5,1,0,0.0,343.5,Low Value,1.0,343.5,4122.0,High Value,Single Purchase
15521.0,7098.24,16,4507,443.64,16,663,22.1,7098.24,High Value,21.780551905387647,325.8980778280543,3910.7769339366514,High Value,Repeat Customer
15522.0,397.99,2,572,198.995,2,54,1.8,397.99,Low Value,1.773981603153745,224.34843703703706,2692.181244444445,Medium Value,Repeat Customer
15523.0,17259.19,16,15633,1078.699375,16,653,21.77,17259.19,High Value,21.45203679369251,804.5478462480856,9654.574154977028,High Value,Repeat Customer
15524.0,591.4,2,28,295.7,2,582,19.4,591.4,Medium Value,19.11957950065703,30.93164261168385,371.17971134020615,Low Value,Repeat Customer
15525.0,890.22,4,527,222.555,4,380,12.67,890.22,Medium Value,12.483574244415243,71.31130736842105,855.7356884210526,Low Value,Repeat Customer
15526.0,148.44,2,24,74.22,2,0,0.0,148.44,Low Value,1.0,148.44,1781.28,Medium Value,Repeat Customer
15527.0,5554.89,23,2211,241.51695652173913,23,705,23.5,5554.89,High Value,23.160315374507228,239.8451795744681,2878.142154893617,Medium Value,Repeat Customer
15528.0,229.33,1,123,229.33,1,0,0.0,229.33,Low Value,1.0,229.33,2751.96,Medium Value,Single Purchase
15529.0,4783.66,12,4271,398.6383333333333,12,371,12.37,4783.66,High Value,12.187910643889618,392.49221132075473,4709.906535849057,High Value,Repeat Customer
15530.0,1808.68,5,1328,361.736,5,491,16.37,1808.6799999999998,High Value,16.130091984231274,112.13079266802444,1345.5695120162932,Low Value,Repeat Customer
15531.0,1972.39,2,1085,986.195,2,22,0.73,1972.39,High Value,1.0,1972.39,23668.68,High Value,Repeat Customer
15532.0,3738.85,10,1337,373.885,10,523,17.43,3738.85,High Value,17.181340341655716,217.61107839388146,2611.3329407265774,Medium Value,Repeat Customer
15533.0,807.57,3,289,269.19,3,69,2.3,807.5699999999999,Medium Value,2.266754270696452,356.2671130434783,4275.205356521739,High Value,Repeat Customer
15534.0,162.25,1,63,162.25,1,0,0.0,162.25,Low Value,1.0,162.25,1947.0,Medium Value,Single Purchase
15535.0,1044.3700000000001,6,314,174.0616666666667,6,275,9.17,1044.3700000000001,Medium Value,9.034165571616294,115.60226472727275,1387.227176727273,Low Value,Repeat Customer
15536.0,259.09,1,242,259.09,1,0,0.0,259.09,Low Value,1.0,259.09,3109.08,Medium Value,Single Purchase
15537.0,110.92,1,29,110.92,1,0,0.0,110.92,Low Value,1.0,110.92,1331.04,Low Value,Single Purchase
15538.0,3358.3999999999996,6,1016,559.7333333333332,6,125,4.17,3358.3999999999996,High Value,4.106438896189225,817.8375679999999,9814.050815999999,High Value,Repeat Customer
15539.0,538.46,1,410,538.46,1,0,0.0,538.46,Medium Value,1.0,538.46,6461.52,High Value,Single Purchase
15540.0,460.68,2,444,230.34,2,364,12.13,460.68,Low Value,11.957950065703022,38.5249978021978,462.2999736263736,Low Value,Repeat Customer
15541.0,85.13000000000001,1,49,85.13000000000001,1,0,0.0,85.13000000000001,Low Value,1.0,85.13000000000001,1021.5600000000002,Low Value,Single Purchase
15542.0,855.71,3,418,285.2366666666667,3,225,7.5,855.71,Medium Value,7.391590013140604,115.76805511111112,1389.2166613333334,Low Value,Repeat Customer
15543.0,242.26,2,167,121.13,2,171,5.7,242.26,Low Value,5.617608409986859,43.125113450292396,517.5013614035088,Low Value,Repeat Customer
15544.0,7807.89,20,6745,390.3945,20,671,22.37,7807.889999999999,High Value,22.043363994743757,354.2059189269747,4250.471027123696,High Value,Repeat Customer
15545.0,288.96999999999997,2,162,144.48499999999999,2,316,10.53,288.96999999999997,Low Value,10.38107752956636,27.836224050632907,334.0346886075949,Low Value,Repeat Customer
15546.0,1079.1000000000001,2,198,539.5500000000001,2,0,0.0,1079.1000000000001,Medium Value,1.0,1079.1000000000001,12949.2,High Value,Repeat Customer
15547.0,10057.05,26,7278,386.80961538461537,26,725,24.17,10057.05,High Value,23.817345597897503,422.25738206896546,5067.088584827586,High Value,Repeat Customer
15548.0,158.09,1,64,158.09,1,0,0.0,158.09,Low Value,1.0,158.09,1897.08,Medium Value,Single Purchase
15549.0,2334.16,8,936,291.77,8,620,20.67,2334.16,High Value,20.367936925098554,114.5997264516129,1375.1967174193546,Low Value,Repeat Customer
15550.0,2211.05,12,1139,184.2541666666667,12,732,24.4,2211.05,High Value,24.0473061760841,91.94584972677596,1103.3501967213115,Low Value,Repeat Customer
15551.0,1679.81,7,796,239.97285714285712,7,513,17.1,1679.81,High Value,16.852825229960576,99.67527563352827,1196.1033076023393,Low Value,Repeat Customer
15552.0,252.52,2,166,126.26,2,405,13.5,252.52,Low Value,13.304862023653088,18.97952790123457,227.75433481481483,Low Value,Repeat Customer
15553.0,428.93,1,449,428.93,1,0,0.0,428.93,Low Value,1.0,428.93,5147.16,High Value,Single Purchase
15554.0,217.2,1,74,217.2,1,0,0.0,217.2,Low Value,1.0,217.2,2606.3999999999996,Medium Value,Single Purchase
15555.0,11243.91,36,8511,312.3308333333333,36,721,24.03,11243.91,High Value,23.68593955321945,474.7082113730929,5696.498536477115,High Value,Repeat Customer
15556.0,279.77,1,236,279.77,1,0,0.0,279.77,Low Value,1.0,279.77,3357.24,Medium Value,Single Purchase
15557.0,468.91,1,213,468.91,1,0,0.0,468.91,Medium Value,1.0,468.91,5626.92,High Value,Single Purchase
15558.0,202.68,1,73,202.68,1,0,0.0,202.68,Low Value,1.0,202.68,2432.16,Medium Value,Single Purchase
15559.0,1109.4,1,526,1109.4,1,0,0.0,1109.4,Medium Value,1.0,1109.4,13312.800000000001,High Value,Single Purchase
15560.0,153.52,2,72,76.76,2,0,0.0,153.52,Low Value,1.0,153.52,1842.2400000000002,Medium Value,Repeat Customer
15561.0,1934.3899999999999,8,1334,241.79874999999998,8,651,21.7,1934.3899999999999,High Value,21.38633377135348,90.44981812596006,1085.3978175115208,Low Value,Repeat Customer
15562.0,671.4300000000001,3,560,223.81000000000003,3,374,12.47,671.4300000000001,Medium Value,12.28646517739816,54.64793903743316,655.7752684491979,Low Value,Repeat Customer
15563.0,2859.46,7,3005,408.4942857142857,7,658,21.93,2859.46,High Value,21.616294349540077,132.28261762917936,1587.3914115501523,Medium Value,Repeat Customer
15564.0,70.74000000000001,2,42,35.370000000000005,2,212,7.07,70.74000000000001,Low Value,6.964520367936925,10.157196226415095,121.88635471698115,Low Value,Repeat Customer
15565.0,173.16,2,60,86.58,2,20,0.67,173.16,Low Value,1.0,173.16,2077.92,Medium Value,Repeat Customer
15566.0,227.87,2,153,113.935,2,331,11.03,227.87,Low Value,10.873850197109066,20.95577885196375,251.469346223565,Low Value,Repeat Customer
15567.0,186.01,1,223,186.01,1,0,0.0,186.01,Low Value,1.0,186.01,2232.12,Medium Value,Single Purchase
15568.0,758.29,3,461,252.76333333333332,3,70,2.33,758.29,Medium Value,2.299605781865966,329.74782285714286,3956.9738742857144,High Value,Repeat Customer
15569.0,3583.45,10,1734,358.34499999999997,10,545,18.17,3583.45,High Value,17.904073587385017,200.1471889908257,2401.7662678899082,Medium Value,Repeat Customer
15570.0,8736.49,25,4079,349.45959999999997,25,614,20.47,8736.49,High Value,20.17082785808147,433.1250091205212,5197.500109446255,High Value,Repeat Customer
15571.0,3892.35,14,2411,278.025,14,721,24.03,3892.3499999999995,High Value,23.68593955321945,164.3316699029126,1971.9800388349513,Medium Value,Repeat Customer
15572.0,3965.2,10,2089,396.52,10,599,19.97,3965.2,High Value,19.678055190538764,201.50365275459097,2418.0438330550915,Medium Value,Repeat Customer
15573.0,1188.42,5,770,237.68400000000003,5,697,23.23,1188.42,Medium Value,22.897503285151117,51.90172855093257,622.8207426111908,Low Value,Repeat Customer
15574.0,1101.44,6,750,183.57333333333335,6,286,9.53,1101.44,Medium Value,9.395532194480946,117.23018741258741,1406.762248951049,Low Value,Repeat Customer
15575.0,30.1,1,6,30.1,1,0,0.0,30.1,Low Value,1.0,30.1,361.20000000000005,Low Value,Single Purchase
15576.0,921.37,1,394,921.37,1,0,0.0,921.37,Medium Value,1.0,921.37,11056.44,High Value,Single Purchase
15577.0,396.03000000000003,5,120,79.206,5,575,19.17,396.03000000000003,Low Value,18.889618922470433,20.96548382608696,251.58580591304352,Low Value,Repeat Customer
15578.0,127.1,1,52,127.1,1,0,0.0,127.1,Low Value,1.0,127.1,1525.1999999999998,Medium Value,Single Purchase
15579.0,1250.63,5,713,250.12600000000003,5,363,12.1,1250.63,Medium Value,11.925098554533507,104.87376639118459,1258.4851966942151,Low Value,Repeat Customer
15580.0,1375.39,8,955,171.92375,8,293,9.77,1375.39,Medium Value,9.625492772667542,142.8903467576792,1714.6841610921504,Medium Value,Repeat Customer
15581.0,7480.4,38,3028,196.85263157894735,38,616,20.53,7480.4,High Value,20.2365308804205,369.64833766233767,4435.780051948052,High Value,Repeat Customer
15582.0,682.9100000000001,3,453,227.63666666666668,3,195,6.5,682.9100000000001,Medium Value,6.40604467805519,106.60400205128207,1279.2480246153848,Low Value,Repeat Customer
15583.0,95.96,1,56,95.96,1,0,0.0,95.96,Low Value,1.0,95.96,1151.52,Low Value,Single Purchase
15584.0,1268.2,6,483,211.36666666666667,6,646,21.53,1268.2,Medium Value,21.22207621550591,59.75852631578948,717.1023157894738,Low Value,Repeat Customer
15585.0,455.3,1,320,455.3,1,0,0.0,455.3,Low Value,1.0,455.3,5463.6,High Value,Single Purchase
15586.0,1139.1,3,1338,379.7,3,108,3.6,1139.1,Medium Value,3.54796320630749,321.05744444444446,3852.6893333333337,High Value,Repeat Customer
15587.0,1522.0800000000002,7,528,217.44000000000003,7,441,14.7,1522.0800000000002,Medium Value,14.487516425755585,105.06148571428572,1260.7378285714287,Low Value,Repeat Customer
15588.0,579.6,1,96,579.6,1,0,0.0,579.6,Medium Value,1.0,579.6,6955.200000000001,High Value,Single Purchase
15589.0,478.53000000000003,3,243,159.51000000000002,3,54,1.8,478.5300000000001,Medium Value,1.773981603153745,269.74913333333336,3236.9896000000003,Medium Value,Repeat Customer
15590.0,1496.6,5,832,299.32,5,224,7.47,1496.6,Medium Value,7.35873850197109,203.37725,2440.527,Medium Value,Repeat Customer
15591.0,217.9,3,58,72.63333333333334,3,91,3.03,217.90000000000003,Low Value,2.9894875164257555,72.88874725274725,874.6649670329671,Low Value,Repeat Customer
15592.0,388.58,1,354,388.58,1,0,0.0,388.58,Low Value,1.0,388.58,4662.96,High Value,Single Purchase
15593.0,199.8,1,60,199.8,1,0,0.0,199.8,Low Value,1.0,199.8,2397.6000000000004,Medium Value,Single Purchase
15594.0,1771.78,5,983,354.356,5,218,7.27,1771.78,High Value,7.1616294349540075,247.39900550458717,2968.788066055046,Medium Value,Repeat Customer
15595.0,357.6,1,144,357.6,1,0,0.0,357.6,Low Value,1.0,357.6,4291.200000000001,High Value,Single Purchase
15596.0,2727.72,9,1208,303.08,9,398,13.27,2727.72,High Value,13.074901445466491,208.6226050251256,2503.4712603015073,Medium Value,Repeat Customer
15597.0,563.37,2,393,281.685,2,540,18.0,563.37,Medium Value,17.73981603153745,31.757375555555555,381.08850666666666,Low Value,Repeat Customer
15598.0,548.02,2,404,274.01,2,374,12.47,548.02,Medium Value,12.28646517739816,44.60355294117647,535.2426352941176,Low Value,Repeat Customer
15599.0,1250.06,3,1098,416.68666666666667,3,419,13.97,1250.06,Medium Value,13.764783180026281,90.81581479713603,1089.7897775656324,Low Value,Repeat Customer
15600.0,1199.31,4,657,299.8275,4,165,5.5,1199.31,Medium Value,5.4204993429697765,221.25452363636364,2655.054283636364,Medium Value,Repeat Customer
15601.0,14191.74,30,10395,473.058,30,727,24.23,14191.74,High Value,23.88304862023653,594.2181094910592,7130.61731389271,High Value,Repeat Customer
15602.0,3137.96,16,2292,196.1225,16,729,24.3,3137.96,High Value,23.94875164257556,131.02812400548697,1572.3374880658437,Medium Value,Repeat Customer
15603.0,88.48,2,128,44.24,2,569,18.97,88.48,Low Value,18.69250985545335,4.7334467486818985,56.80136098418278,Low Value,Repeat Customer
15604.0,216.39,1,159,216.39,1,0,0.0,216.39,Low Value,1.0,216.39,2596.68,Medium Value,Single Purchase
15605.0,1741.95,9,641,193.55,9,658,21.93,1741.95,High Value,21.616294349540077,80.5850425531915,967.020510638298,Low Value,Repeat Customer
15606.0,5230.99,17,1615,307.70529411764704,17,586,19.53,5230.99,High Value,19.250985545335084,271.725828668942,3260.7099440273037,Medium Value,Repeat Customer
15607.0,1708.97,9,1470,189.88555555555556,9,364,12.13,1708.97,High Value,11.957950065703022,142.91496373626373,1714.9795648351646,Medium Value,Repeat Customer
15608.0,1785.98,5,1262,357.196,5,387,12.9,1785.98,High Value,12.713534822601838,140.4786335917313,1685.7436031007755,Medium Value,Repeat Customer
15609.0,298.48,1,148,298.48,1,0,0.0,298.48,Low Value,1.0,298.48,3581.76,High Value,Single Purchase
15610.0,112.46000000000001,1,66,112.46000000000001,1,0,0.0,112.46000000000001,Low Value,1.0,112.46000000000001,1349.52,Low Value,Single Purchase
15611.0,2997.28,26,747,115.28,26,673,22.43,2997.28,High Value,22.109067017082786,135.56790965824666,1626.81491589896,Medium Value,Repeat Customer
15612.0,195.15,2,52,97.575,2,25,0.83,195.15,Low Value,1.0,195.15,2341.8,Medium Value,Repeat Customer
15613.0,433.71999999999997,1,700,433.71999999999997,1,0,0.0,433.71999999999997,Low Value,1.0,433.71999999999997,5204.639999999999,High Value,Single Purchase
15614.0,3147.36,4,1632,786.84,4,188,6.27,3147.36,High Value,6.176084099868594,509.60445957446814,6115.253514893618,High Value,Repeat Customer
15615.0,21373.97,47,12090,454.7653191489362,47,726,24.2,21373.97,High Value,23.850197109067015,896.1758220385676,10754.109864462811,High Value,Repeat Customer
15616.0,317.11,1,137,317.11,1,0,0.0,317.11,Low Value,1.0,317.11,3805.32,High Value,Single Purchase
15617.0,828.5500000000001,3,485,276.18333333333334,3,111,3.7,828.55,Medium Value,3.6465177398160313,227.21677477477482,2726.6012972972976,Medium Value,Repeat Customer
15618.0,776.851,4,454,194.21275,4,103,3.43,776.851,Medium Value,3.383705650459921,229.58586834951458,2755.030420194175,Medium Value,Repeat Customer
15619.0,336.40000000000003,1,136,336.40000000000003,1,0,0.0,336.40000000000003,Low Value,1.0,336.40000000000003,4036.8,High Value,Single Purchase
15620.0,1942.36,4,1249,485.59,4,353,11.77,1942.36,High Value,11.59658344283837,167.4941597733711,2009.9299172804533,Medium Value,Repeat Customer
15621.0,1293.03,4,501,323.2575,4,17,0.57,1293.03,Medium Value,1.0,1293.03,15516.36,High Value,Repeat Customer
15622.0,7852.61,17,4091,461.9182352941176,17,602,20.07,7852.61,High Value,19.776609724047304,397.0655289036545,4764.7863468438545,High Value,Repeat Customer
15623.0,2437.05,8,1087,304.63125,8,588,19.6,2437.05,High Value,19.316688567674113,126.16292857142858,1513.955142857143,Medium Value,Repeat Customer
15624.0,588.13,4,357,147.0325,4,139,4.63,588.13,Medium Value,4.566360052562418,128.79623884892086,1545.5548661870503,Medium Value,Repeat Customer
15625.0,3236.4,9,3020,359.6,9,438,14.6,3236.4,High Value,14.388961892247043,224.92241095890412,2699.0689315068494,Medium Value,Repeat Customer
15626.0,1067.52,3,1138,355.84,3,346,11.53,1067.52,Medium Value,11.366622864651774,93.9170774566474,1127.0049294797689,Low Value,Repeat Customer
15627.0,566.9,2,344,283.45,2,65,2.17,566.9,Medium Value,2.135348226018397,265.48363076923073,3185.8035692307685,Medium Value,Repeat Customer
15628.0,5333.08,17,3569,313.7105882352941,17,721,24.03,5333.08,High Value,23.68593955321945,225.15805159500692,2701.896619140083,Medium Value,Repeat Customer
15629.0,2240.9,4,1518,560.225,4,82,2.73,2240.9,High Value,2.6938239159001314,831.8658048780488,9982.389658536586,High Value,Repeat Customer
15630.0,1481.4,3,987,493.8,3,599,19.97,1481.4,Medium Value,19.678055190538764,75.28182971619367,903.381956594324,Low Value,Repeat Customer
15631.0,596.67,1,525,596.67,1,0,0.0,596.67,Medium Value,1.0,596.67,7160.039999999999,High Value,Single Purchase
15632.0,3285.31,8,2109,410.66375,8,259,8.63,3285.31,High Value,8.508541392904073,386.1190594594595,4633.428713513514,High Value,Repeat Customer
15633.0,4335.96,13,2048,333.5353846153846,13,221,7.37,4335.96,High Value,7.260183968462549,597.2245357466064,7166.6944289592775,High Value,Repeat Customer
15634.0,554.65,2,227,277.325,2,366,12.2,554.65,Medium Value,12.02365308804205,46.12990710382513,553.5588852459016,Low Value,Repeat Customer
15635.0,100.35,1,5,100.35,1,0,0.0,100.35,Low Value,1.0,100.35,1204.1999999999998,Low Value,Single Purchase
15636.0,1444.58,4,560,361.145,4,479,15.97,1444.58,Medium Value,15.735873850197109,91.8017018789144,1101.6204225469728,Low Value,Repeat Customer
15637.0,797.59,5,651,159.518,5,671,22.37,797.59,Medium Value,22.043363994743757,36.18277138599106,434.1932566318927,Low Value,Repeat Customer
15638.0,2265.2,6,1134,377.5333333333333,6,231,7.7,2265.2,High Value,7.588699080157687,298.49648484848484,3581.957818181818,High Value,Repeat Customer
15639.0,1065.08,3,849,355.02666666666664,3,471,15.7,1065.08,Medium Value,15.473061760840999,68.83446963906582,826.0136356687898,Low Value,Repeat Customer
15640.0,23494.31,29,12140,810.1486206896552,29,720,24.0,23494.31,High Value,23.653088042049934,993.2872172222224,11919.446606666668,High Value,Repeat Customer
15641.0,5345.55,12,4422,445.46250000000003,12,627,20.9,5345.55,High Value,20.59789750328515,259.5192057416268,3114.230468899522,Medium Value,Repeat Customer
15642.0,105.78000000000002,1,270,105.78000000000002,1,0,0.0,105.78000000000002,Low Value,1.0,105.78000000000002,1269.3600000000001,Low Value,Single Purchase
15643.0,664.0,3,246,221.33333333333334,3,90,3.0,664.0,Medium Value,2.9566360052562417,224.57955555555557,2694.954666666667,Medium Value,Repeat Customer
15644.0,803.54,4,550,200.885,4,94,3.13,803.54,Medium Value,3.088042049934297,260.21018723404256,3122.5222468085108,Medium Value,Repeat Customer
15645.0,1055.17,3,396,351.72333333333336,3,406,13.53,1055.17,Medium Value,13.337713534822601,79.11176059113302,949.3411270935962,Low Value,Repeat Customer
15646.0,784.8100000000001,5,821,156.96200000000002,5,252,8.4,784.8100000000001,Medium Value,8.278580814717477,94.80006507936508,1137.600780952381,Low Value,Repeat Customer
15647.0,169.0,1,124,169.0,1,0,0.0,169.0,Low Value,1.0,169.0,2028.0,Medium Value,Single Purchase
15648.0,639.5,2,218,319.75,2,62,2.07,639.5,Medium Value,2.0367936925098555,313.9738709677419,3767.6864516129026,High Value,Repeat Customer
15649.0,1660.35,4,365,415.0875,4,50,1.67,1660.35,High Value,1.6425755584756898,1010.8210799999999,12129.85296,High Value,Repeat Customer
15650.0,553.88,2,210,276.94,2,106,3.53,553.88,Medium Value,3.4822601839684624,159.05761509433964,1908.6913811320755,Medium Value,Repeat Customer
15651.0,1259.06,5,871,251.81199999999998,5,559,18.63,1259.06,Medium Value,18.363994743758212,68.56133524150269,822.7360228980323,Low Value,Repeat Customer
15652.0,1405.94,5,657,281.188,5,393,13.1,1405.94,Medium Value,12.910643889618921,108.8977445292621,1306.772934351145,Low Value,Repeat Customer
15653.0,877.4399999999999,2,1200,438.71999999999997,2,23,0.77,877.4399999999999,Medium Value,1.0,877.4399999999999,10529.279999999999,High Value,Repeat Customer
15654.0,922.53,2,475,461.265,2,16,0.53,922.53,Medium Value,1.0,922.53,11070.36,High Value,Repeat Customer
15655.0,560.67,1,324,560.67,1,0,0.0,560.67,Medium Value,1.0,560.67,6728.039999999999,High Value,Single Purchase
15656.0,748.5,4,343,187.125,4,238,7.93,748.5,Medium Value,7.818659658344283,95.73252100840337,1148.7902521008405,Low Value,Repeat Customer
15657.0,30.0,1,24,30.0,1,0,0.0,30.0,Low Value,1.0,30.0,360.0,Low Value,Single Purchase
15658.0,2117.27,8,627,264.65875,8,546,18.2,2117.27,High Value,17.936925098554532,118.0397413919414,1416.476896703297,Low Value,Repeat Customer
15659.0,532.49,3,161,177.49666666666667,3,609,20.3,532.49,Medium Value,20.006570302233904,26.61575632183908,319.3890758620689,Low Value,Repeat Customer
15660.0,2603.69,15,1783,173.57933333333332,15,647,21.57,2603.69,High Value,21.254927726675426,122.49818176197837,1469.9781811437406,Medium Value,Repeat Customer
15661.0,1215.95,8,779,151.99375,8,261,8.7,1215.95,Medium Value,8.5742444152431,141.814245210728,1701.7709425287358,Medium Value,Repeat Customer
15662.0,283.73,2,145,141.865,2,77,2.57,283.73,Low Value,2.5295663600525624,112.16547012987014,1345.9856415584418,Low Value,Repeat Customer
15663.0,138.14,1,106,138.14,1,0,0.0,138.14,Low Value,1.0,138.14,1657.6799999999998,Medium Value,Single Purchase
15664.0,1254.03,4,530,313.5075,4,598,19.93,1254.03,Medium Value,19.64520367936925,63.833901672240806,766.0068200668896,Low Value,Repeat Customer
15665.0,3987.07,5,2777,797.414,5,466,15.53,3987.0699999999997,High Value,15.308804204993429,260.4429416309013,3125.315299570816,Medium Value,Repeat Customer
15666.0,632.9399999999999,2,469,316.46999999999997,2,23,0.77,632.9399999999999,Medium Value,1.0,632.9399999999999,7595.279999999999,High Value,Repeat Customer
15667.0,301.32,1,240,301.32,1,0,0.0,301.32,Low Value,1.0,301.32,3615.84,High Value,Single Purchase
15668.0,76.32000000000001,1,72,76.32000000000001,1,0,0.0,76.32000000000001,Low Value,1.0,76.32000000000001,915.8400000000001,Low Value,Single Purchase
15669.0,684.34,4,342,171.085,4,223,7.43,684.34,Medium Value,7.3258869908015765,93.41394439461884,1120.967332735426,Low Value,Repeat Customer
15670.0,325.2,2,132,162.6,2,259,8.63,325.2,Low Value,8.508541392904073,38.22041698841699,458.64500386100394,Low Value,Repeat Customer
15671.0,2657.13,7,1699,379.59000000000003,7,252,8.4,2657.13,High Value,8.278580814717477,320.9644333333333,3851.5732,High Value,Repeat Customer
15672.0,45.300000000000004,1,10,45.300000000000004,1,0,0.0,45.300000000000004,Low Value,1.0,45.300000000000004,543.6,Low Value,Single Purchase
15673.0,6204.32,9,3274,689.3688888888888,9,567,18.9,6204.32,High Value,18.626806833114323,333.085539329806,3997.026471957672,High Value,Repeat Customer
15674.0,6948.2300000000005,13,3648,534.4792307692308,13,657,21.9,6948.23,High Value,21.583442838370566,321.9240809741248,3863.088971689498,High Value,Repeat Customer
15675.0,542.04,4,624,135.51,4,322,10.73,542.04,Medium Value,10.578186596583443,51.241296894409935,614.8955627329192,Low Value,Repeat Customer
15676.0,3435.76,3,2252,1145.2533333333333,3,265,8.83,3435.76,High Value,8.705650459921156,394.65862037735855,4735.903444528302,High Value,Repeat Customer
15677.0,1305.63,3,675,435.21000000000004,3,414,13.8,1305.63,Medium Value,13.600525624178712,95.99849565217393,1151.9819478260872,Low Value,Repeat Customer
15678.0,1825.94,3,1022,608.6466666666666,3,469,15.63,1825.94,High Value,15.407358738501971,118.51090319829424,1422.1308383795308,Low Value,Repeat Customer
15679.0,781.28,4,1170,195.32,4,158,5.27,781.28,Medium Value,5.19053876478318,150.52002025316455,1806.2402430379746,Medium Value,Repeat Customer
15680.0,4028.69,10,2743,402.869,10,728,24.27,4028.6900000000005,High Value,23.915900131406044,168.4523675824176,2021.4284109890111,Medium Value,Repeat Customer
15681.0,2989.7,14,1392,213.54999999999998,14,539,17.97,2989.7,High Value,17.706964520367936,168.84316883116884,2026.118025974026,Medium Value,Repeat Customer
15682.0,318.24,2,222,159.12,2,88,2.93,318.24,Low Value,2.890932982917214,110.0821090909091,1320.9853090909091,Low Value,Repeat Customer
15683.0,524.54,2,332,262.27,2,356,11.87,524.54,Medium Value,11.695137976346912,44.85111685393258,538.213402247191,Low Value,Repeat Customer
15684.0,173.95,3,77,57.98333333333333,3,188,6.27,173.95,Low Value,6.176084099868594,28.16509574468085,337.9811489361702,Low Value,Repeat Customer
15685.0,55.980000000000004,1,36,55.980000000000004,1,0,0.0,55.980000000000004,Low Value,1.0,55.980000000000004,671.76,Low Value,Single Purchase
15686.0,90.0,1,72,90.0,1,0,0.0,90.0,Low Value,1.0,90.0,1080.0,Low Value,Single Purchase
15687.0,2993.1,9,1310,332.56666666666666,9,321,10.7,2993.1,High Value,10.545335085413928,283.8316635514019,3405.979962616823,High Value,Repeat Customer
15688.0,190.57,1,95,190.57,1,0,0.0,190.57,Low Value,1.0,190.57,2286.84,Medium Value,Single Purchase
15689.0,521.03,3,207,173.67666666666665,3,497,16.57,521.03,Medium Value,16.327201051248355,31.91177706237425,382.94132474849096,Low Value,Repeat Customer
15690.0,239.76,2,408,119.88,2,96,3.2,239.76,Low Value,3.1537450722733245,76.0239,912.2868,Low Value,Repeat Customer
15691.0,571.3,4,212,142.825,4,480,16.0,571.3,Medium Value,15.768725361366622,36.22994166666667,434.75930000000005,Low Value,Repeat Customer
15692.0,191.04,1,138,191.04,1,0,0.0,191.04,Low Value,1.0,191.04,2292.48,Medium Value,Single Purchase
15693.0,37.5,1,30,37.5,1,0,0.0,37.5,Low Value,1.0,37.5,450.0,Low Value,Single Purchase
15694.0,9978.48,24,2467,415.77,24,731,24.37,9978.48,High Value,24.014454664914584,415.51974172366624,4986.2369006839945,High Value,Repeat Customer
15695.0,1131.04,4,484,282.76,4,414,13.8,1131.04,Medium Value,13.600525624178712,83.16149178743962,997.9379014492754,Low Value,Repeat Customer
15696.0,3881.2200000000003,13,1386,298.55538461538464,13,650,21.67,3881.2200000000003,High Value,21.353482260183966,181.7605181538462,2181.1262178461543,Medium Value,Repeat Customer
15697.0,246.75,1,127,246.75,1,0,0.0,246.75,Low Value,1.0,246.75,2961.0,Medium Value,Single Purchase
15698.0,46.2,1,60,46.2,1,0,0.0,46.2,Low Value,1.0,46.2,554.4000000000001,Low Value,Single Purchase
15699.0,309.65,1,113,309.65,1,0,0.0,309.65,Low Value,1.0,309.65,3715.7999999999997,High Value,Single Purchase
15700.0,696.68,2,357,348.34,2,1,0.03,696.68,Medium Value,1.0,696.68,8360.16,High Value,Repeat Customer
15701.0,1529.0,4,912,382.25,4,108,3.6,1529.0,Medium Value,3.54796320630749,430.9514814814815,5171.417777777778,High Value,Repeat Customer
15702.0,140.39000000000001,2,103,70.19500000000001,2,205,6.83,140.39000000000001,Low Value,6.734559789750328,20.84620292682927,250.15443512195125,Low Value,Repeat Customer
15703.0,211.5,1,66,211.5,1,0,0.0,211.5,Low Value,1.0,211.5,2538.0,Medium Value,Single Purchase
15704.0,3734.6600000000003,6,1709,622.4433333333334,6,442,14.73,3734.6600000000003,High Value,14.520367936925098,257.2014714932127,3086.4176579185523,Medium Value,Repeat Customer
15705.0,143.1,1,62,143.1,1,0,0.0,143.1,Low Value,1.0,143.1,1717.1999999999998,Medium Value,Single Purchase
15706.0,1060.56,4,321,265.14,4,52,1.73,1060.56,Medium Value,1.7082785808147174,620.8355076923077,7450.026092307693,High Value,Repeat Customer
15707.0,916.98,4,594,229.245,4,51,1.7,916.98,Medium Value,1.6754270696452036,547.3112,6567.734399999999,High Value,Repeat Customer
15708.0,3887.15,9,1465,431.90555555555557,9,384,12.8,3887.15,High Value,12.614980289093298,308.1376197916667,3697.6514375,High Value,Repeat Customer
15709.0,327.85,2,169,163.925,2,305,10.17,327.85,Low Value,10.019710906701707,32.720504918032795,392.64605901639356,Low Value,Repeat Customer
15710.0,898.87,1,641,898.87,1,0,0.0,898.87,Medium Value,1.0,898.87,10786.44,High Value,Single Purchase
15711.0,420.25,2,199,210.125,2,128,4.27,420.25,Low Value,4.204993429697766,99.940703125,1199.2884374999999,Low Value,Repeat Customer
15712.0,3472.4100000000003,12,1277,289.3675,12,729,24.3,3472.41,High Value,23.94875164257556,144.99336131687244,1739.9203358024693,Medium Value,Repeat Customer
15713.0,839.64,4,451,209.91,4,580,19.33,839.64,Medium Value,19.053876478318003,44.06662344827586,528.7994813793104,Low Value,Repeat Customer
15714.0,783.96,5,361,156.792,5,543,18.1,783.96,Medium Value,17.83837056504599,43.94796022099448,527.3755226519338,Low Value,Repeat Customer
15715.0,658.02,5,246,131.60399999999998,5,63,2.1,658.02,Medium Value,2.0696452036793693,317.9385523809524,3815.2626285714286,High Value,Repeat Customer
15716.0,2485.26,11,1379,225.9327272727273,11,586,19.53,2485.26,High Value,19.250985545335084,129.09780614334474,1549.1736737201368,Medium Value,Repeat Customer
15717.0,607.0,5,224,121.4,5,358,11.93,607.0,Medium Value,11.76084099868594,51.61195530726257,619.3434636871508,Low Value,Repeat Customer
15718.0,293.79,1,95,293.79,1,0,0.0,293.79,Low Value,1.0,293.79,3525.4800000000005,High Value,Single Purchase
15719.0,10195.97,31,5356,328.9022580645161,31,705,23.5,10195.97,High Value,23.160315374507228,440.23450609929074,5282.814073191489,High Value,Repeat Customer
15720.0,739.22,2,327,369.61,2,525,17.5,739.22,Medium Value,17.24704336399474,42.86067961904762,514.3281554285714,Low Value,Repeat Customer
15721.0,471.40000000000003,1,388,471.40000000000003,1,0,0.0,471.40000000000003,Medium Value,1.0,471.40000000000003,5656.8,High Value,Single Purchase
15722.0,5234.0,11,2279,475.8181818181818,11,604,20.13,5234.0,High Value,19.842312746386334,263.77973509933776,3165.356821192053,Medium Value,Repeat Customer
15723.0,930.7,4,427,232.675,4,209,6.97,930.7,Medium Value,6.865965834428383,135.55266985645935,1626.632038277512,Medium Value,Repeat Customer
15724.0,310.85,3,117,103.61666666666667,3,199,6.63,310.85,Low Value,6.5374507227332455,47.54911557788945,570.5893869346735,Low Value,Repeat Customer
15725.0,415.25,1,221,415.25,1,0,0.0,415.25,Low Value,1.0,415.25,4983.0,High Value,Single Purchase
15726.0,321.91,1,123,321.91,1,0,0.0,321.91,Low Value,1.0,321.91,3862.92,High Value,Single Purchase
15727.0,9371.71,15,5908,624.7806666666667,15,668,22.27,9371.71,High Value,21.944809461235216,427.0581622754491,5124.697947305389,High Value,Repeat Customer
15728.0,544.6,2,132,272.3,2,64,2.13,544.6,Medium Value,2.102496714848883,259.025375,3108.3045,Medium Value,Repeat Customer
15729.0,192.55,3,47,64.18333333333334,3,190,6.33,192.55,Low Value,6.241787122207621,30.848536842105265,370.1824421052632,Low Value,Repeat Customer
15730.0,1726.58,5,1061,345.316,5,365,12.17,1726.58,High Value,11.990801576872535,143.99204164383562,1727.9044997260276,Medium Value,Repeat Customer
15731.0,125.3,1,122,125.3,1,0,0.0,125.3,Low Value,1.0,125.3,1503.6,Medium Value,Single Purchase
15732.0,1543.97,10,1264,154.397,10,461,15.37,1543.9699999999998,Medium Value,15.14454664914586,101.94890845986986,1223.3869015184382,Low Value,Repeat Customer
15733.0,162.3,1,62,162.3,1,0,0.0,162.3,Low Value,1.0,162.3,1947.6000000000001,Medium Value,Single Purchase
15734.0,2263.3,4,516,565.825,4,432,14.4,2263.3,High Value,14.19185282522996,159.47882407407408,1913.745888888889,Medium Value,Repeat Customer
15735.0,327.68,1,206,327.68,1,0,0.0,327.68,Low Value,1.0,327.68,3932.16,High Value,Single Purchase
15736.0,1767.12,2,1208,883.56,2,0,0.0,1767.12,High Value,1.0,1767.12,21205.44,High Value,Repeat Customer
15737.0,1188.1200000000001,8,597,148.51500000000001,8,228,7.6,1188.1200000000001,Medium Value,7.490144546649145,158.62444210526317,1903.4933052631582,Medium Value,Repeat Customer
15738.0,13043.32,41,9030,318.12975609756097,41,710,23.67,13043.32,High Value,23.324572930354794,559.2093814084508,6710.512576901409,High Value,Repeat Customer
15739.0,449.12,1,472,449.12,1,0,0.0,449.12,Low Value,1.0,449.12,5389.4400000000005,High Value,Single Purchase
15740.0,154.88,1,152,154.88,1,0,0.0,154.88,Low Value,1.0,154.88,1858.56,Medium Value,Single Purchase
15741.0,208.62,2,70,104.31,2,160,5.33,208.62,Low Value,5.256241787122208,39.689955000000005,476.2794600000001,Low Value,Repeat Customer
15742.0,156.87,1,51,156.87,1,0,0.0,156.87,Low Value,1.0,156.87,1882.44,Medium Value,Single Purchase
15743.0,775.96,4,214,193.99,4,168,5.6,775.96,Medium Value,5.519053876478318,140.59656190476193,1687.1587428571431,Medium Value,Repeat Customer
15744.0,34.8,1,120,34.8,1,0,0.0,34.8,Low Value,1.0,34.8,417.59999999999997,Low Value,Single Purchase
15745.0,1094.59,4,421,273.6475,4,217,7.23,1094.59,Medium Value,7.128777923784494,153.54525161290323,1842.5430193548386,Medium Value,Repeat Customer
15746.0,196.88,1,178,196.88,1,0,0.0,196.88,Low Value,1.0,196.88,2362.56,Medium Value,Single Purchase
15747.0,2499.81,9,1344,277.75666666666666,9,678,22.6,2499.81,High Value,22.273324572930353,112.2333575221239,1346.8002902654866,Low Value,Repeat Customer
15748.0,609.8100000000001,3,261,203.27,3,408,13.6,609.8100000000001,Medium Value,13.403416557161629,45.49660882352942,545.9593058823531,Low Value,Repeat Customer
15749.0,44534.3,3,18028,14844.766666666668,3,97,3.23,44534.3,High Value,3.1865965834428382,13975.506103092785,167706.07323711342,High Value,Repeat Customer
15750.0,6452.991,18,4281,358.4995,18,735,24.5,6452.991,High Value,24.14586070959264,267.2504027755102,3207.0048333061227,Medium Value,Repeat Customer
15751.0,1380.44,11,443,125.49454545454546,11,272,9.07,1380.44,Medium Value,8.935611038107753,154.48747647058823,1853.8497176470587,Medium Value,Repeat Customer
15752.0,3924.91,9,2792,436.1011111111111,9,417,13.9,3924.91,High Value,13.699080157687254,286.50901774580336,3438.1082129496403,High Value,Repeat Customer
15753.0,79.2,1,144,79.2,1,0,0.0,79.2,Low Value,1.0,79.2,950.4000000000001,Low Value,Single Purchase
15754.0,3037.61,9,1762,337.51222222222225,9,604,20.13,3037.61,High Value,19.842312746386334,153.08749735099337,1837.0499682119205,Medium Value,Repeat Customer
15755.0,5993.12,17,4034,352.53647058823526,17,725,24.17,5993.119999999999,High Value,23.817345597897503,251.62837627586205,3019.5405153103447,Medium Value,Repeat Customer
15756.0,528.01,4,241,132.0025,4,187,6.23,528.01,Medium Value,6.14323258869908,85.94986310160428,1031.3983572192515,Low Value,Repeat Customer
15757.0,2940.36,6,1757,490.06,6,481,16.03,2940.36,High Value,15.801576872536137,186.080162993763,2232.961955925156,Medium Value,Repeat Customer
15758.0,205.25,1,47,205.25,1,0,0.0,205.25,Low Value,1.0,205.25,2463.0,Medium Value,Single Purchase
15759.0,830.9300000000001,7,523,118.70428571428572,7,519,17.3,830.9300000000001,Medium Value,17.04993429697766,48.735085163776496,584.821021965318,Low Value,Repeat Customer
15760.0,13916.34,2,2,6958.17,2,0,0.0,13916.34,High Value,1.0,13916.34,166996.08000000002,High Value,Repeat Customer
15761.0,143.05,1,31,143.05,1,0,0.0,143.05,Low Value,1.0,143.05,1716.6000000000001,Medium Value,Single Purchase
15762.0,583.75,2,251,291.875,2,12,0.4,583.75,Medium Value,1.0,583.75,7005.0,High Value,Repeat Customer
15763.0,1086.92,2,271,543.46,2,45,1.5,1086.92,Medium Value,1.4783180026281209,735.2409955555556,8822.891946666667,High Value,Repeat Customer
15764.0,4503.08,8,2945,562.885,8,390,13.0,4503.08,High Value,12.81208935611038,351.47116717948717,4217.654006153846,High Value,Repeat Customer
15765.0,370.63,1,335,370.63,1,0,0.0,370.63,Low Value,1.0,370.63,4447.5599999999995,High Value,Single Purchase
15766.0,831.06,3,334,277.02,3,618,20.6,831.06,Medium Value,20.302233902759525,40.93441165048544,491.2129398058253,Low Value,Repeat Customer
15768.0,15308.89,34,4215,450.2614705882353,34,620,20.67,15308.89,High Value,20.367936925098554,751.617115483871,9019.40538580645,High Value,Repeat Customer
15769.0,88612.52,46,49068,1926.3591304347826,46,721,24.03,88612.52,High Value,23.68593955321945,3741.144395006935,44893.73274008322,High Value,Repeat Customer
15770.0,321.45,1,67,321.45,1,0,0.0,321.45,Low Value,1.0,321.45,3857.3999999999996,High Value,Single Purchase
15771.0,1006.54,3,512,335.5133333333333,3,89,2.97,1006.54,Medium Value,2.923784494086728,344.2592988764045,4131.111586516854,High Value,Repeat Customer
15772.0,280.88,1,110,280.88,1,0,0.0,280.88,Low Value,1.0,280.88,3370.56,Medium Value,Single Purchase
15773.0,774.52,2,410,387.26,2,403,13.43,774.52,Medium Value,13.23915900131406,58.502205459057066,702.0264655086849,Low Value,Repeat Customer
15774.0,1288.34,6,465,214.72333333333333,6,587,19.57,1288.34,Medium Value,19.2838370565046,66.80931788756388,801.7118146507665,Low Value,Repeat Customer
15775.0,150.5,2,260,75.25,2,386,12.87,150.5,Low Value,12.680683311432325,11.868445595854922,142.42134715025907,Low Value,Repeat Customer
15776.0,241.62,1,138,241.62,1,0,0.0,241.62,Low Value,1.0,241.62,2899.44,Medium Value,Single Purchase
15777.0,1762.61,7,599,251.80142857142854,7,327,10.9,1762.61,High Value,10.74244415243101,164.07904709480124,1968.9485651376149,Medium Value,Repeat Customer
15778.0,307.95,1,101,307.95,1,0,0.0,307.95,Low Value,1.0,307.95,3695.3999999999996,High Value,Single Purchase
15779.0,124.08000000000001,2,20,62.040000000000006,2,69,2.3,124.08000000000001,Low Value,2.266754270696452,54.73906086956522,656.8687304347827,Low Value,Repeat Customer
15780.0,475.28000000000003,3,220,158.42666666666668,3,174,5.8,475.28000000000003,Medium Value,5.716162943495401,83.14668505747127,997.7602206896553,Low Value,Repeat Customer
15781.0,345.46,3,180,115.15333333333332,3,280,9.33,345.46,Low Value,9.198423127463863,37.55643714285714,450.67724571428573,Low Value,Repeat Customer
15782.0,4014.1,4,1844,1003.525,4,420,14.0,4014.1,High Value,13.797634691195794,290.9266761904762,3491.1201142857144,High Value,Repeat Customer
15783.0,246.3,1,212,246.3,1,0,0.0,246.3,Low Value,1.0,246.3,2955.6000000000004,Medium Value,Single Purchase
15784.0,848.3299999999999,2,381,424.16499999999996,2,204,6.8,848.3299999999999,Medium Value,6.701708278580814,126.5841431372549,1519.0097176470588,Medium Value,Repeat Customer
15785.0,5969.93,16,4479,373.120625,16,691,23.03,5969.93,High Value,22.700394218134033,262.9879438494935,3155.855326193922,Medium Value,Repeat Customer
15786.0,8501.62,5,5957,1700.324,5,490,16.33,8501.62,High Value,16.09724047306176,528.1414546938777,6337.697456326532,High Value,Repeat Customer
15787.0,933.26,3,534,311.08666666666664,3,35,1.17,933.26,Medium Value,1.149802890932983,811.6695542857143,9740.034651428572,High Value,Repeat Customer
15788.0,221.82999999999998,1,115,221.82999999999998,1,0,0.0,221.82999999999998,Low Value,1.0,221.82999999999998,2661.96,Medium Value,Single Purchase
15789.0,1962.01,6,2499,327.00166666666667,6,265,8.83,1962.01,High Value,8.705650459921156,225.3720166037736,2704.4641992452835,Medium Value,Repeat Customer
15790.0,218.75,1,113,218.75,1,0,0.0,218.75,Low Value,1.0,218.75,2625.0,Medium Value,Single Purchase
15791.0,3608.34,5,1970,721.668,5,598,19.93,3608.34,High Value,19.64520367936925,183.6753672240803,2204.1044066889635,Medium Value,Repeat Customer
15792.0,933.84,2,606,466.92,2,218,7.27,933.84,Medium Value,7.1616294349540075,130.39490642201835,1564.73887706422,Medium Value,Repeat Customer
15793.0,2399.57,8,1685,299.94625,8,723,24.1,2399.57,High Value,23.751642575558474,101.02753914246198,1212.3304697095436,Low Value,Repeat Customer
15794.0,777.0,2,288,388.5,2,0,0.0,777.0,Medium Value,1.0,777.0,9324.0,High Value,Repeat Customer
15795.0,1979.8700000000001,8,1411,247.48375000000001,8,540,18.0,1979.8700000000001,High Value,17.73981603153745,111.60600518518518,1339.2720622222223,Low Value,Repeat Customer
15796.0,5171.63,17,1733,304.21352941176474,17,617,20.57,5171.630000000001,High Value,20.269382391590014,255.14492252836305,3061.7390703403566,Medium Value,Repeat Customer
15797.0,2821.08,6,1281,470.18,6,568,18.93,2821.08,High Value,18.659658344283837,151.18604788732395,1814.2325746478873,Medium Value,Repeat Customer
15798.0,1535.37,3,915,511.78999999999996,3,188,6.27,1535.37,Medium Value,6.176084099868594,248.59927021276596,2983.1912425531914,Medium Value,Repeat Customer
15799.0,1421.34,4,1341,355.335,4,342,11.4,1421.34,Medium Value,11.235216819973719,126.50757192982455,1518.0908631578945,Medium Value,Repeat Customer
15800.0,1227.07,7,575,175.29571428571427,7,511,17.03,1227.07,Medium Value,16.78712220762155,73.09591154598826,877.1509385518591,Low Value,Repeat Customer
15801.0,1063.95,3,570,354.65000000000003,3,63,2.1,1063.95,Medium Value,2.0696452036793693,514.0736190476191,6168.883428571429,High Value,Repeat Customer
15802.0,451.42,1,1,451.42,1,0,0.0,451.42,Low Value,1.0,451.42,5417.04,High Value,Single Purchase
15803.0,1929.66,4,1030,482.415,4,624,20.8,1929.66,High Value,20.49934296977661,94.13277307692309,1129.5932769230772,Low Value,Repeat Customer
15804.0,4206.39,13,2565,323.5684615384616,13,198,6.6,4206.39,High Value,6.504599211563732,646.6793515151516,7760.152218181818,High Value,Repeat Customer
15805.0,10148.93,30,6205,338.29766666666666,30,706,23.53,10148.93,High Value,23.19316688567674,437.58276090651566,5250.993130878188,High Value,Repeat Customer
15806.0,784.58,3,602,261.5266666666667,3,230,7.67,784.5800000000002,Medium Value,7.555847568988173,103.83745739130435,1246.0494886956521,Low Value,Repeat Customer
15807.0,1817.52,5,1532,363.504,5,615,20.5,1817.52,High Value,20.203679369250985,89.95985170731707,1079.518220487805,Low Value,Repeat Customer
15808.0,17180.25,21,6753,818.1071428571429,21,431,14.37,17180.25,High Value,14.159001314060447,1213.3800696055685,14560.56083526682,High Value,Repeat Customer
15809.0,1274.44,7,700,182.06285714285715,7,499,16.63,1274.44,Medium Value,16.392904073587385,77.74339398797596,932.9207278557116,Low Value,Repeat Customer
15810.0,2999.04,8,1653,374.88,8,594,19.8,2999.04,High Value,19.513797634691194,153.68817777777778,1844.2581333333333,Medium Value,Repeat Customer
15811.0,3486.15,7,1781,498.0214285714286,7,365,12.17,3486.15,High Value,11.990801576872535,290.7353589041096,3488.8243068493152,High Value,Repeat Customer
15812.0,5201.47,12,3450,433.4558333333334,12,617,20.57,5201.47,High Value,20.269382391590014,256.61709367909236,3079.4051241491084,Medium Value,Repeat Customer
15813.0,1303.9099999999999,2,603,651.9549999999999,2,31,1.03,1303.9099999999999,Medium Value,1.0183968462549278,1280.3554967741934,15364.26596129032,High Value,Repeat Customer
15814.0,2634.44,6,1728,439.0733333333333,6,586,19.53,2634.44,High Value,19.250985545335084,136.84701979522185,1642.1642375426622,Medium Value,Repeat Customer
15815.0,2100.6,5,1856,420.12,5,196,6.53,2100.6,High Value,6.438896189224704,326.2360408163265,3914.8324897959183,High Value,Repeat Customer
15816.0,144.14999999999998,2,54,72.07499999999999,2,0,0.0,144.14999999999998,Low Value,1.0,144.14999999999998,1729.7999999999997,Medium Value,Repeat Customer
15817.0,2766.4,3,1596,922.1333333333333,3,122,4.07,2766.4,High Value,4.0078843626806835,690.239475409836,8282.873704918033,High Value,Repeat Customer
15818.0,340.5,1,284,340.5,1,0,0.0,340.5,Low Value,1.0,340.5,4086.0,High Value,Single Purchase
15819.0,3934.79,10,2928,393.479,10,582,19.4,3934.79,High Value,19.11957950065703,205.79898213058422,2469.5877855670105,Medium Value,Repeat Customer
15820.0,206.98,1,128,206.98,1,0,0.0,206.98,Low Value,1.0,206.98,2483.7599999999998,Medium Value,Single Purchase
15821.0,570.96,2,202,285.48,2,17,0.57,570.96,Medium Value,1.0,570.96,6851.52,High Value,Repeat Customer
15822.0,1840.06,6,950,306.6766666666667,6,729,24.3,1840.06,High Value,23.94875164257556,76.83323237311386,921.9987884773664,Low Value,Repeat Customer
15823.0,3882.17,3,1774,1294.0566666666666,3,358,11.93,3882.17,High Value,11.76084099868594,330.0928905027933,3961.1146860335193,High Value,Repeat Customer
15824.0,890.94,2,478,445.47,2,78,2.6,890.94,Medium Value,2.562417871222076,347.6950461538462,4172.340553846154,High Value,Repeat Customer
15825.0,532.94,1,220,532.94,1,0,0.0,532.94,Medium Value,1.0,532.94,6395.280000000001,High Value,Single Purchase
15826.0,2598.28,4,1824,649.57,4,511,17.03,2598.28,High Value,16.78712220762155,154.77816673189827,1857.338000782779,Medium Value,Repeat Customer
15827.0,3603.14,28,1715,128.6835714285714,28,627,20.9,3603.1399999999994,High Value,20.59789750328515,174.9275623604466,2099.130748325359,Medium Value,Repeat Customer
15828.0,1108.82,1,367,1108.82,1,0,0.0,1108.82,Medium Value,1.0,1108.82,13305.84,High Value,Single Purchase
15829.0,636.14,2,996,318.07,2,41,1.37,636.14,Medium Value,1.3469119579500657,472.29516097560975,5667.541931707317,High Value,Repeat Customer
15830.0,576.0,1,415,576.0,1,0,0.0,576.0,Medium Value,1.0,576.0,6912.0,High Value,Single Purchase
15831.0,794.64,3,1092,264.88,3,265,8.83,794.64,Medium Value,8.705650459921156,91.27864754716981,1095.3437705660376,Low Value,Repeat Customer
15832.0,836.79,1,465,836.79,1,0,0.0,836.79,Medium Value,1.0,836.79,10041.48,High Value,Single Purchase
15833.0,80.4,1,24,80.4,1,0,0.0,80.4,Low Value,1.0,80.4,964.8000000000001,Low Value,Single Purchase
15834.0,3764.39,7,1815,537.77,7,354,11.8,3764.39,High Value,11.629434954007884,323.695004519774,3884.340054237288,High Value,Repeat Customer
15835.0,954.09,4,439,238.5225,4,286,9.53,954.09,Medium Value,9.395532194480946,101.5472013986014,1218.566416783217,Low Value,Repeat Customer
15836.0,137.37,1,26,137.37,1,0,0.0,137.37,Low Value,1.0,137.37,1648.44,Medium Value,Single Purchase
15837.0,777.01,2,405,388.505,2,420,14.0,777.01,Medium Value,13.797634691195794,56.31472476190476,675.7766971428572,Low Value,Repeat Customer
15838.0,73205.5,34,64114,2153.1029411764707,34,713,23.77,73205.5,High Value,23.423127463863338,3125.3512201963536,37504.214642356244,High Value,Repeat Customer
15839.0,1048.49,3,675,349.49666666666667,3,114,3.8,1048.49,Medium Value,3.7450722733245727,279.96522456140355,3359.5826947368423,Medium Value,Repeat Customer
15840.0,355.56,2,396,177.78,2,113,3.77,355.56,Low Value,3.712220762155059,95.78094159292036,1149.3712991150442,Low Value,Repeat Customer
15841.0,2742.41,9,2391,304.7122222222222,9,657,21.9,2742.41,High Value,21.583442838370566,127.06082252663622,1524.7298703196345,Medium Value,Repeat Customer
15842.0,548.8,2,296,274.4,2,134,4.47,548.8,Medium Value,4.402102496714849,124.6677014925373,1496.0124179104478,Medium Value,Repeat Customer
15843.0,118.95000000000002,1,27,118.95000000000002,1,0,0.0,118.95000000000002,Low Value,1.0,118.95000000000002,1427.4,Low Value,Single Purchase
15844.0,130.73999999999998,1,134,130.73999999999998,1,0,0.0,130.73999999999998,Low Value,1.0,130.73999999999998,1568.8799999999997,Medium Value,Single Purchase
15845.0,4426.28,11,2128,402.3890909090909,11,664,22.13,4426.28,High Value,21.81340341655716,202.91560722891566,2434.987286746988,Medium Value,Repeat Customer
15846.0,107.01,1,79,107.01,1,0,0.0,107.01,Low Value,1.0,107.01,1284.1200000000001,Low Value,Single Purchase
15847.0,822.57,5,643,164.514,5,603,20.1,822.57,Medium Value,19.80946123521682,41.52409751243781,498.2891701492538,Low Value,Repeat Customer
15848.0,137.99,1,45,137.99,1,0,0.0,137.99,Low Value,1.0,137.99,1655.88,Medium Value,Single Purchase
15850.0,1006.75,6,1334,167.79166666666666,6,707,23.57,1006.75,Medium Value,23.226018396846253,43.34578500707214,520.1494200848656,Low Value,Repeat Customer
15851.0,109.73,1,67,109.73,1,0,0.0,109.73,Low Value,1.0,109.73,1316.76,Low Value,Single Purchase
15852.0,257.26,3,60,85.75333333333333,3,340,11.33,257.26,Low Value,11.169513797634691,23.032336470588234,276.3880376470588,Low Value,Repeat Customer
15853.0,110.8,1,135,110.8,1,0,0.0,110.8,Low Value,1.0,110.8,1329.6,Low Value,Single Purchase
15854.0,5578.28,21,1691,265.6323809523809,21,725,24.17,5578.279999999999,High Value,23.817345597897503,234.21081820689653,2810.5298184827584,Medium Value,Repeat Customer
15855.0,1052.72,6,712,175.45333333333335,6,339,11.3,1052.72,Medium Value,11.136662286465176,94.52742418879058,1134.329090265487,Low Value,Repeat Customer
15856.0,32275.95,52,19550,620.6913461538462,52,732,24.4,32275.950000000004,High Value,24.0473061760841,1342.185680327869,16106.22816393443,High Value,Repeat Customer
15857.0,570.48,2,584,285.24,2,411,13.7,570.48,Medium Value,13.501971090670171,42.25160875912409,507.0193051094891,Low Value,Repeat Customer
15858.0,3552.41,13,2715,273.2623076923077,13,714,23.8,3552.41,High Value,23.45597897503285,151.45008459383754,1817.4010151260504,Medium Value,Repeat Customer
15859.0,438.46,1,174,438.46,1,0,0.0,438.46,Low Value,1.0,438.46,5261.5199999999995,High Value,Single Purchase
15860.0,2361.3,17,1259,138.9,17,692,23.07,2361.3,High Value,22.733245729303547,103.86990173410406,1246.4388208092487,Low Value,Repeat Customer
15861.0,4369.2,12,3837,364.09999999999997,12,667,22.23,4369.2,High Value,21.911957950065702,199.39797301349324,2392.775676161919,Medium Value,Repeat Customer
15862.0,2512.29,13,1520,193.25307692307692,13,714,23.8,2512.29,High Value,23.45597897503285,107.10659327731094,1285.2791193277312,Low Value,Repeat Customer
15863.0,355.1,5,162,71.02000000000001,5,697,23.23,355.1,Low Value,22.897503285151117,15.508241032998566,186.09889239598277,Low Value,Repeat Customer
15864.0,2180.76,7,1486,311.5371428571429,7,358,11.93,2180.76,High Value,11.76084099868594,185.4255150837989,2225.1061810055867,Medium Value,Repeat Customer
15865.0,2241.42,5,1141,448.284,5,662,22.07,2241.42,High Value,21.747700394218132,103.0646900302115,1236.7762803625378,Low Value,Repeat Customer
15866.0,211.89,1,124,211.89,1,0,0.0,211.89,Low Value,1.0,211.89,2542.68,Medium Value,Single Purchase
15867.0,8923.3,31,5067,287.84838709677416,31,719,23.97,8923.3,High Value,23.62023653088042,377.78199165507647,4533.383899860917,High Value,Repeat Customer
15868.0,94.53,1,57,94.53,1,0,0.0,94.53,Low Value,1.0,94.53,1134.3600000000001,Low Value,Single Purchase
15869.0,321.11,3,273,107.03666666666668,3,349,11.63,321.11,Low Value,11.465177398160314,28.00741661891118,336.08899942693415,Low Value,Repeat Customer
15870.0,857.46,4,504,214.365,4,413,13.77,857.46,Medium Value,13.567674113009199,63.19874673123487,758.3849607748184,Low Value,Repeat Customer
15871.0,33.099999999999994,1,5,33.099999999999994,1,0,0.0,33.099999999999994,Low Value,1.0,33.099999999999994,397.19999999999993,Low Value,Single Purchase
15872.0,729.25,4,467,182.3125,4,535,17.83,729.25,Medium Value,17.57555847568988,41.492280373831775,497.9073644859813,Low Value,Repeat Customer
15873.0,313.91999999999996,4,1152,78.47999999999999,4,1,0.03,313.91999999999996,Low Value,1.0,313.91999999999996,3767.0399999999995,High Value,Repeat Customer
15874.0,11284.76,21,5102,537.3695238095238,21,637,21.23,11284.76,High Value,20.92641261498029,539.2591748822606,6471.110098587127,High Value,Repeat Customer
15875.0,108.52,1,74,108.52,1,0,0.0,108.52,Low Value,1.0,108.52,1302.24,Low Value,Single Purchase
15876.0,1449.1399999999999,2,886,724.5699999999999,2,39,1.3,1449.1399999999999,Medium Value,1.281208935611038,1131.0723487179487,13572.868184615385,High Value,Repeat Customer
15877.0,490.33,2,368,245.165,2,16,0.53,490.33,Medium Value,1.0,490.33,5883.96,High Value,Repeat Customer
15878.0,330.77,2,243,165.385,2,171,5.7,330.77,Low Value,5.617608409986859,58.88092865497076,706.571143859649,Low Value,Repeat Customer
15879.0,1137.8,4,639,284.45,4,317,10.57,1137.8,Medium Value,10.413929040735873,109.2575141955836,1311.090170347003,Low Value,Repeat Customer
15880.0,329.03000000000003,1,202,329.03000000000003,1,0,0.0,329.03000000000003,Low Value,1.0,329.03000000000003,3948.3600000000006,High Value,Single Purchase
15881.0,501.39000000000004,5,260,100.278,5,52,1.73,501.39000000000004,Medium Value,1.7082785808147174,293.50599230769234,3522.071907692308,High Value,Repeat Customer
15882.0,1124.66,8,650,140.5825,8,530,17.67,1124.66,Medium Value,17.41130091984231,64.59368,775.1241600000001,Low Value,Repeat Customer
15883.0,396.48,2,223,198.24,2,31,1.03,396.48,Low Value,1.0183968462549278,389.3177806451613,4671.8133677419355,High Value,Repeat Customer
15884.0,244.60000000000002,2,152,122.30000000000001,2,303,10.1,244.60000000000002,Low Value,9.95400788436268,24.57301650165017,294.876198019802,Low Value,Repeat Customer
15885.0,1951.82,15,622,130.12133333333333,15,594,19.8,1951.82,High Value,19.513797634691194,100.02256026936027,1200.2707232323232,Low Value,Repeat Customer
15886.0,1052.8700000000001,4,667,263.21750000000003,4,537,17.9,1052.8700000000001,Medium Value,17.641261498028907,59.68223985102422,716.1868782122906,Low Value,Repeat Customer
15887.0,1027.15,3,605,342.3833333333334,3,148,4.93,1027.15,Medium Value,4.862023653088042,211.25977027027028,2535.117243243243,Medium Value,Repeat Customer
15888.0,429.16,3,139,143.05333333333334,3,446,14.87,429.16,Low Value,14.651773981603153,29.290651121076237,351.48781345291485,Low Value,Repeat Customer
15889.0,1427.6,8,800,178.45,8,572,19.07,1427.6,Medium Value,18.791064388961892,75.97227972027972,911.6673566433566,Low Value,Repeat Customer
15890.0,535.65,5,119,107.13,5,210,7.0,535.65,Medium Value,6.898817345597897,77.64374285714285,931.7249142857142,Low Value,Repeat Customer
15891.0,511.68,1,418,511.68,1,0,0.0,511.68,Medium Value,1.0,511.68,6140.16,High Value,Single Purchase
15892.0,128.2,1,46,128.2,1,0,0.0,128.2,Low Value,1.0,128.2,1538.3999999999999,Medium Value,Single Purchase
15893.0,305.28000000000003,1,288,305.28000000000003,1,0,0.0,305.28000000000003,Low Value,1.0,305.28000000000003,3663.3600000000006,High Value,Single Purchase
15894.0,258.25,2,164,129.125,2,115,3.83,258.25,Low Value,3.7779237844940865,68.35765217391305,820.2918260869567,Low Value,Repeat Customer
15895.0,179.17,1,94,179.17,1,0,0.0,179.17,Low Value,1.0,179.17,2150.04,Medium Value,Single Purchase
15897.0,208.59,2,223,104.295,2,0,0.0,208.59,Low Value,1.0,208.59,2503.08,Medium Value,Repeat Customer
15898.0,4996.45,25,2160,199.858,25,726,24.2,4996.45,High Value,23.850197109067015,209.49302754820937,2513.9163305785123,Medium Value,Repeat Customer
15899.0,56.25,1,39,56.25,1,0,0.0,56.25,Low Value,1.0,56.25,675.0,Low Value,Single Purchase
15900.0,886.5699999999999,4,656,221.64249999999998,4,539,17.97,886.5699999999999,Medium Value,17.706964520367936,50.068999628942485,600.8279955473098,Low Value,Repeat Customer
15901.0,687.72,7,695,98.24571428571429,7,527,17.57,687.72,Medium Value,17.31274638633377,39.723333586337766,476.6800030360532,Low Value,Repeat Customer
15902.0,145.01,1,124,145.01,1,0,0.0,145.01,Low Value,1.0,145.01,1740.12,Medium Value,Single Purchase
15903.0,8939.84,12,3926,744.9866666666667,12,684,22.8,8939.84,High Value,22.470433639947437,397.84901988304097,4774.188238596492,High Value,Repeat Customer
15904.0,164.68,1,84,164.68,1,0,0.0,164.68,Low Value,1.0,164.68,1976.16,Medium Value,Single Purchase
15905.0,114.69,1,82,114.69,1,0,0.0,114.69,Low Value,1.0,114.69,1376.28,Low Value,Single Purchase
15906.0,2530.19,10,749,253.019,10,431,14.37,2530.19,High Value,14.159001314060447,178.6983378190255,2144.3800538283062,Medium Value,Repeat Customer
15907.0,882.72,3,478,294.24,3,206,6.87,882.72,Medium Value,6.767411300919842,130.4368776699029,1565.242532038835,Medium Value,Repeat Customer
15908.0,758.62,2,173,379.31,2,21,0.7,758.62,Medium Value,1.0,758.62,9103.44,High Value,Repeat Customer
15909.0,191.94,1,98,191.94,1,0,0.0,191.94,Low Value,1.0,191.94,2303.2799999999997,Medium Value,Single Purchase
15910.0,2661.17,15,2158,177.41133333333335,15,686,22.87,2661.17,High Value,22.536136662286463,118.0845696793003,1417.0148361516035,Low Value,Repeat Customer
15911.0,1700.24,8,810,212.53,8,106,3.53,1700.24,High Value,3.4822601839684624,488.2576,5859.091200000001,High Value,Repeat Customer
15912.0,1074.7,9,759,119.41111111111111,9,551,18.37,1074.7,Medium Value,18.101182654402102,59.37181125226861,712.4617350272233,Low Value,Repeat Customer
15913.0,6.300000000000001,1,3,6.300000000000001,1,0,0.0,6.300000000000001,Low Value,1.0,6.300000000000001,75.60000000000001,Low Value,Single Purchase
15914.0,205.99,2,149,102.995,2,0,0.0,205.99,Low Value,1.0,205.99,2471.88,Medium Value,Repeat Customer
15915.0,364.45,1,414,364.45,1,0,0.0,364.45,Low Value,1.0,364.45,4373.4,High Value,Single Purchase
15916.0,3145.2400000000002,13,1618,241.94153846153847,13,712,23.73,3145.2400000000002,High Value,23.390275952693823,134.46784494382024,1613.6141393258429,Medium Value,Repeat Customer
15917.0,530.17,5,248,106.03399999999999,5,489,16.3,530.17,Medium Value,16.064388961892245,33.00281145194274,396.0337374233129,Low Value,Repeat Customer
15918.0,582.88,3,240,194.29333333333332,3,441,14.7,582.88,Medium Value,14.487516425755585,40.233258956916096,482.7991074829931,Low Value,Repeat Customer
15919.0,525.69,2,385,262.845,2,349,11.63,525.69,Medium Value,11.465177398160314,45.85101318051577,550.2121581661893,Low Value,Repeat Customer
15920.0,569.14,9,238,63.23777777777778,9,571,19.03,569.14,Medium Value,18.758212877792378,30.34084343257443,364.09012119089317,Low Value,Repeat Customer
15921.0,775.26,4,335,193.815,4,468,15.6,775.26,Medium Value,15.374507227332456,50.42503076923077,605.1003692307693,Low Value,Repeat Customer
15922.0,369.5,1,138,369.5,1,0,0.0,369.5,Low Value,1.0,369.5,4434.0,High Value,Single Purchase
15923.0,127.08,1,122,127.08,1,0,0.0,127.08,Low Value,1.0,127.08,1524.96,Medium Value,Single Purchase
15924.0,102.82,1,103,102.82,1,0,0.0,102.82,Low Value,1.0,102.82,1233.84,Low Value,Single Purchase
15925.0,207.15,1,93,207.15,1,0,0.0,207.15,Low Value,1.0,207.15,2485.8,Medium Value,Single Purchase
15926.0,134.44,1,155,134.44,1,0,0.0,134.44,Low Value,1.0,134.44,1613.28,Medium Value,Single Purchase
15927.0,106.54,1,66,106.54,1,0,0.0,106.54,Low Value,1.0,106.54,1278.48,Low Value,Single Purchase
15928.0,293.53,1,164,293.53,1,0,0.0,293.53,Low Value,1.0,293.53,3522.3599999999997,High Value,Single Purchase
15929.0,594.0,1,120,594.0,1,0,0.0,594.0,Medium Value,1.0,594.0,7128.0,High Value,Single Purchase
15930.0,426.63,1,139,426.63,1,0,0.0,426.63,Low Value,1.0,426.63,5119.5599999999995,High Value,Single Purchase
15931.0,239.9,1,118,239.9,1,0,0.0,239.9,Low Value,1.0,239.9,2878.8,Medium Value,Single Purchase
15932.0,2495.87,8,2325,311.98375,8,285,9.5,2495.87,High Value,9.362680683311432,266.576430877193,3198.917170526316,Medium Value,Repeat Customer
15933.0,1107.46,3,885,369.15333333333336,3,65,2.17,1107.46,Medium Value,2.135348226018397,518.632036923077,6223.584443076923,High Value,Repeat Customer
15934.0,2190.66,2,2166,1095.33,2,11,0.37,2190.66,High Value,1.0,2190.66,26287.92,High Value,Repeat Customer
15935.0,416.86,2,115,208.43,2,2,0.07,416.86,Low Value,1.0,416.86,5002.32,High Value,Repeat Customer
15936.0,282.79,2,211,141.395,2,88,2.93,282.79,Low Value,2.890932982917214,97.81963181818183,1173.835581818182,Low Value,Repeat Customer
15937.0,145.35,1,73,145.35,1,0,0.0,145.35,Low Value,1.0,145.35,1744.1999999999998,Medium Value,Single Purchase
15938.0,734.81,9,449,81.64555555555555,9,444,14.8,734.81,Medium Value,14.586070959264125,50.377514414414414,604.530172972973,Low Value,Repeat Customer
15939.0,9060.39,16,6260,566.274375,16,284,9.47,9060.39,High Value,9.329829172141919,971.1206746478872,11653.448095774645,High Value,Repeat Customer
15940.0,35.8,1,4,35.8,1,0,0.0,35.8,Low Value,1.0,35.8,429.59999999999997,Low Value,Single Purchase
15941.0,405.0,1,60,405.0,1,0,0.0,405.0,Low Value,1.0,405.0,4860.0,High Value,Single Purchase
15942.0,337.44,1,232,337.44,1,0,0.0,337.44,Low Value,1.0,337.44,4049.2799999999997,High Value,Single Purchase
15943.0,271.28999999999996,2,183,135.64499999999998,2,28,0.93,271.28999999999996,Low Value,1.0,271.28999999999996,3255.4799999999996,Medium Value,Repeat Customer
15944.0,2164.24,4,859,541.06,4,449,14.97,2164.24,High Value,14.750328515111695,146.72486770601336,1760.6984124721603,Medium Value,Repeat Customer
15945.0,646.27,4,345,161.5675,4,372,12.4,646.27,Medium Value,12.220762155059132,52.88295376344086,634.5954451612903,Low Value,Repeat Customer
15946.0,2304.18,3,1614,768.06,3,131,4.37,2304.18,High Value,4.303547963206308,535.4140396946565,6424.968476335878,High Value,Repeat Customer
15947.0,1708.24,1,898,1708.24,1,0,0.0,1708.24,High Value,1.0,1708.24,20498.88,High Value,Single Purchase
15948.0,1509.0900000000001,3,852,503.03000000000003,3,416,13.87,1509.0900000000001,Medium Value,13.66622864651774,110.42475865384617,1325.097103846154,Low Value,Repeat Customer
15949.0,364.72,2,284,182.36,2,54,1.8,364.72,Low Value,1.773981603153745,205.59401481481484,2467.128177777778,Medium Value,Repeat Customer
15950.0,7120.91,10,3354,712.091,10,650,21.67,7120.91,High Value,21.353482260183966,333.477692923077,4001.7323150769234,High Value,Repeat Customer
15951.0,1013.17,3,420,337.7233333333333,3,372,12.4,1013.1699999999998,Medium Value,12.220762155059132,82.9056311827957,994.8675741935484,Low Value,Repeat Customer
15952.0,781.91,4,391,195.4775,4,191,6.37,781.91,Medium Value,6.274638633377135,124.61434764397906,1495.3721717277488,Medium Value,Repeat Customer
15953.0,3440.3399999999997,18,1741,191.13,18,721,24.03,3440.34,High Value,23.68593955321945,145.24819639389736,1742.9783567267682,Medium Value,Repeat Customer
15954.0,190.75,1,119,190.75,1,0,0.0,190.75,Low Value,1.0,190.75,2289.0,Medium Value,Single Purchase
15955.0,8085.9800000000005,22,3967,367.54454545454547,22,629,20.97,8085.9800000000005,High Value,20.66360052562418,391.3151529411765,4695.781835294118,High Value,Repeat Customer
15956.0,617.6,2,278,308.8,2,175,5.83,617.6,Medium Value,5.7490144546649145,107.42710857142858,1289.125302857143,Low Value,Repeat Customer
15957.0,921.25,3,453,307.0833333333333,3,389,12.97,921.25,Medium Value,12.779237844940866,72.08958868894602,865.0750642673522,Low Value,Repeat Customer
15958.0,462.12,4,154,115.53,4,476,15.87,462.12,Medium Value,15.637319316688567,29.552379831932775,354.62855798319333,Low Value,Repeat Customer
15959.0,542.89,3,269,180.96333333333334,3,0,0.0,542.89,Medium Value,1.0,542.89,6514.68,High Value,Repeat Customer
15960.0,410.95,4,258,102.7375,4,61,2.03,410.95,Low Value,2.0039421813403417,205.0707868852459,2460.849442622951,Medium Value,Repeat Customer
15961.0,451.28999999999996,1,154,451.28999999999996,1,0,0.0,451.28999999999996,Low Value,1.0,451.28999999999996,5415.48,High Value,Single Purchase
15962.0,289.48,1,228,289.48,1,0,0.0,289.48,Low Value,1.0,289.48,3473.76,High Value,Single Purchase
15963.0,470.76,2,298,235.38,2,25,0.83,470.76,Medium Value,1.0,470.76,5649.12,High Value,Repeat Customer
15964.0,269.21000000000004,1,93,269.21000000000004,1,0,0.0,269.21000000000004,Low Value,1.0,269.21000000000004,3230.5200000000004,Medium Value,Single Purchase
15965.0,2771.94,13,1313,213.22615384615386,13,719,23.97,2771.94,High Value,23.62023653088042,117.35445563282337,1408.2534675938805,Low Value,Repeat Customer
15966.0,426.53000000000003,1,275,426.53000000000003,1,0,0.0,426.53000000000003,Low Value,1.0,426.53000000000003,5118.360000000001,High Value,Single Purchase
15967.0,2966.0,12,1183,247.16666666666666,12,715,23.83,2966.0,High Value,23.488830486202364,126.27278321678322,1515.2733986013986,Medium Value,Repeat Customer
15968.0,404.55,1,247,404.55,1,0,0.0,404.55,Low Value,1.0,404.55,4854.6,High Value,Single Purchase
15969.0,1127.05,5,223,225.41,5,519,17.3,1127.05,Medium Value,17.04993429697766,66.10289402697495,793.2347283236994,Low Value,Repeat Customer
15970.0,1017.32,2,498,508.66,2,295,9.83,1017.32,Medium Value,9.69119579500657,104.97362983050849,1259.683557966102,Low Value,Repeat Customer
15971.0,5902.83,18,2251,327.935,18,714,23.8,5902.83,High Value,23.45597897503285,251.6556655462185,3019.867986554622,Medium Value,Repeat Customer
15972.0,1769.33,5,468,353.866,5,143,4.77,1769.33,High Value,4.697766097240473,376.63220419580415,4519.58645034965,High Value,Repeat Customer
15973.0,680.62,3,195,226.87333333333333,3,62,2.07,680.62,Medium Value,2.0367936925098555,334.16246451612903,4009.9495741935484,High Value,Repeat Customer
15974.0,3442.15,7,2262,491.7357142857143,7,249,8.3,3442.15,High Value,8.180026281208935,420.79938152610447,5049.592578313253,High Value,Repeat Customer
15975.0,371.01,1,243,371.01,1,0,0.0,371.01,Low Value,1.0,371.01,4452.12,High Value,Single Purchase
15976.0,1694.41,6,1053,282.4016666666667,6,385,12.83,1694.4100000000003,High Value,12.64783180026281,133.96841662337664,1607.6209994805197,Medium Value,Repeat Customer
15977.0,1054.73,2,1016,527.365,2,21,0.7,1054.73,Medium Value,1.0,1054.73,12656.76,High Value,Repeat Customer
15978.0,3279.42,3,2444,1093.14,3,567,18.9,3279.42,High Value,18.626806833114323,176.0591619047619,2112.709942857143,Medium Value,Repeat Customer
15979.0,329.22,1,450,329.22,1,0,0.0,329.22,Low Value,1.0,329.22,3950.6400000000003,High Value,Single Purchase
15980.0,6543.68,7,4822,934.8114285714286,7,467,15.57,6543.68,High Value,15.341655716162943,426.5302338329765,5118.362805995717,High Value,Repeat Customer
15981.0,9362.77,21,4827,445.8461904761905,21,595,19.83,9362.77,High Value,19.54664914586071,478.9961660504202,5747.953992605042,High Value,Repeat Customer
15982.0,324.51,1,131,324.51,1,0,0.0,324.51,Low Value,1.0,324.51,3894.12,High Value,Single Purchase
15983.0,3110.37,8,1872,388.79625,8,711,23.7,3110.37,High Value,23.35742444152431,133.16408270042194,1597.9689924050633,Medium Value,Repeat Customer
15984.0,8393.02,30,5730,279.76733333333334,30,735,24.5,8393.02,High Value,24.14586070959264,347.5966378231293,4171.159653877552,High Value,Repeat Customer
15985.0,2715.28,7,2750,387.8971428571429,7,438,14.6,2715.28,High Value,14.388961892247043,188.70576073059362,2264.4691287671235,Medium Value,Repeat Customer
15986.0,354.42,2,368,177.21,2,351,11.7,354.42,Low Value,11.530880420499342,30.736594871794875,368.8391384615385,Low Value,Repeat Customer
15987.0,1535.99,8,1599,191.99875,8,367,12.23,1535.99,Medium Value,12.056504599211562,127.39927956403271,1528.7913547683925,Medium Value,Repeat Customer
15988.0,738.89,3,476,246.29666666666665,3,637,21.23,738.89,Medium Value,20.92641261498029,35.30896640502355,423.7075968602826,Low Value,Repeat Customer
15989.0,368.31,2,169,184.155,2,361,12.03,368.31,Low Value,11.85939553219448,31.056388919667594,372.6766670360111,Low Value,Repeat Customer
15990.0,1997.75,7,1086,285.39285714285717,7,605,20.17,1997.7500000000002,High Value,19.87516425755585,100.51489256198347,1206.1787107438017,Low Value,Repeat Customer
15991.0,150.55,1,41,150.55,1,0,0.0,150.55,Low Value,1.0,150.55,1806.6000000000001,Medium Value,Single Purchase
15992.0,896.6,3,514,298.8666666666667,3,449,14.97,896.6,Medium Value,14.750328515111695,60.7850868596882,729.4210423162584,Low Value,Repeat Customer
15993.0,2777.67,7,2037,396.81,7,35,1.17,2777.67,High Value,1.149802890932983,2415.77928,28989.35136,High Value,Repeat Customer
15994.0,1175.68,3,462,391.8933333333334,3,581,19.37,1175.68,Medium Value,19.086727989487514,61.596728399311544,739.1607407917386,Low Value,Repeat Customer
15995.0,694.54,1,352,694.54,1,0,0.0,694.54,Medium Value,1.0,694.54,8334.48,High Value,Single Purchase
15996.0,1386.4,7,643,198.05714285714288,7,308,10.27,1386.4,Medium Value,10.11826544021025,137.01953246753249,1644.2343896103898,Medium Value,Repeat Customer
15998.0,8274.14,16,5350,517.13375,16,702,23.4,8274.14,High Value,23.061760840998684,358.78179715099714,4305.381565811966,High Value,Repeat Customer
15999.0,20.4,1,24,20.4,1,0,0.0,20.4,Low Value,1.0,20.4,244.79999999999998,Low Value,Single Purchase
16000.0,12393.7,3,5110,4131.233333333334,3,0,0.0,12393.7,High Value,1.0,12393.7,148724.40000000002,High Value,Repeat Customer
16001.0,583.39,1,337,583.39,1,0,0.0,583.39,Medium Value,1.0,583.39,7000.68,High Value,Single Purchase
16002.0,169.21,1,70,169.21,1,0,0.0,169.21,Low Value,1.0,169.21,2030.52,Medium Value,Single Purchase
16003.0,5613.83,10,2210,561.383,10,706,23.53,5613.83,High Value,23.19316688567674,242.04672124645896,2904.5606549575077,Medium Value,Repeat Customer
16004.0,2146.39,5,1076,429.27799999999996,5,208,6.93,2146.39,High Value,6.83311432325887,314.11592115384616,3769.391053846154,High Value,Repeat Customer
16005.0,2365.4900000000002,10,1269,236.54900000000004,10,438,14.6,2365.4900000000002,High Value,14.388961892247043,164.39615433789956,1972.7538520547946,Medium Value,Repeat Customer
16006.0,332.82,2,205,166.41,2,176,5.87,332.82,Low Value,5.781865965834428,57.56273181818182,690.7527818181818,Low Value,Repeat Customer
16007.0,3053.06,7,2631,436.15142857142854,7,495,16.5,3053.06,High Value,16.26149802890933,187.7477705050505,2252.973246060606,Medium Value,Repeat Customer
16008.0,5339.13,15,3237,355.942,15,606,20.2,5339.13,High Value,19.90801576872536,268.18996237623765,3218.2795485148517,Medium Value,Repeat Customer
16009.0,972.11,4,366,243.0275,4,137,4.57,972.11,Medium Value,4.50065703022339,215.99290802919708,2591.914896350365,Medium Value,Repeat Customer
16010.0,1694.86,11,919,154.0781818181818,11,165,5.5,1694.86,High Value,5.4204993429697765,312.6759903030303,3752.1118836363635,High Value,Repeat Customer
16011.0,5601.01,29,3323,193.13827586206898,29,730,24.33,5601.01,High Value,23.98160315374507,233.55444438356167,2802.65333260274,Medium Value,Repeat Customer
16012.0,2978.59,5,1760,595.7180000000001,5,494,16.47,2978.59,High Value,16.228646517739815,183.5390275303644,2202.468330364373,Medium Value,Repeat Customer
16013.0,56078.44,84,25520,667.6004761904762,84,728,24.27,56078.44,High Value,23.915900131406044,2344.818287912088,28137.819454945056,High Value,Repeat Customer
16014.0,1100.28,5,462,220.05599999999998,5,639,21.3,1100.28,Medium Value,20.992115637319316,52.41396431924883,628.9675718309859,Low Value,Repeat Customer
16015.0,704.55,3,907,234.85,3,45,1.5,704.55,Medium Value,1.4783180026281209,476.58893333333333,5719.0671999999995,High Value,Repeat Customer
16016.0,2083.4,11,881,189.4,11,399,13.3,2083.4,High Value,13.107752956636006,158.94410025062658,1907.329203007519,Medium Value,Repeat Customer
16017.0,1545.58,5,635,309.116,5,656,21.87,1545.58,Medium Value,21.55059132720105,71.71868170731707,860.6241804878049,Low Value,Repeat Customer
16018.0,698.13,4,503,174.5325,4,693,23.1,698.13,Medium Value,22.766097240473062,30.665335064935064,367.98402077922077,Low Value,Repeat Customer
16019.0,17329.16,27,6959,641.8207407407407,27,678,22.6,17329.16,High Value,22.273324572930353,778.0230536873157,9336.276644247788,High Value,Repeat Customer
16020.0,851.01,3,487,283.67,3,48,1.6,851.01,Medium Value,1.5768725361366622,539.682175,6476.186100000001,High Value,Repeat Customer
16021.0,487.03,2,276,243.515,2,149,4.97,487.03,Medium Value,4.894875164257556,99.49794093959731,1193.9752912751678,Low Value,Repeat Customer
16022.0,602.63,1,255,602.63,1,0,0.0,602.63,Medium Value,1.0,602.63,7231.5599999999995,High Value,Single Purchase
16023.0,719.81,3,358,239.93666666666664,3,220,7.33,719.81,Medium Value,7.227332457293035,99.59552909090908,1195.146349090909,Low Value,Repeat Customer
16024.0,483.99,3,504,161.33,3,399,13.3,483.99,Medium Value,13.107752956636006,36.92394887218045,443.0873864661654,Low Value,Repeat Customer
16025.0,439.65999999999997,1,338,439.65999999999997,1,0,0.0,439.65999999999997,Low Value,1.0,439.65999999999997,5275.92,High Value,Single Purchase
16026.0,236.09,1,243,236.09,1,0,0.0,236.09,Low Value,1.0,236.09,2833.08,Medium Value,Single Purchase
16027.0,2048.36,15,2099,136.55733333333333,15,608,20.27,2048.36,High Value,19.97371879106439,102.5527605263158,1230.6331263157895,Low Value,Repeat Customer
16028.0,82.2,1,18,82.2,1,0,0.0,82.2,Low Value,1.0,82.2,986.4000000000001,Low Value,Single Purchase
16029.0,117763.62,107,54450,1100.5945794392524,107,692,23.07,117763.62,High Value,22.733245729303547,5180.237850867052,62162.85421040462,High Value,Repeat Customer
16030.0,331.24,1,283,331.24,1,0,0.0,331.24,Low Value,1.0,331.24,3974.88,High Value,Single Purchase
16031.0,547.9,2,421,273.95,2,154,5.13,547.9,Medium Value,5.059132720105125,108.2991948051948,1299.5903376623376,Low Value,Repeat Customer
16032.0,1965.72,6,1467,327.62,6,67,2.23,1965.72,High Value,2.2010512483574245,893.0823402985075,10716.98808358209,High Value,Repeat Customer
16033.0,10608.81,27,4200,392.9188888888889,27,479,15.97,10608.81,High Value,15.735873850197109,674.1799089770354,8090.158907724425,High Value,Repeat Customer
16034.0,911.3199999999999,6,585,151.88666666666666,6,213,7.1,911.3199999999999,Medium Value,6.9973718791064385,130.23746854460094,1562.8496225352114,Medium Value,Repeat Customer
16035.0,217.73,1,33,217.73,1,0,0.0,217.73,Low Value,1.0,217.73,2612.7599999999998,Medium Value,Single Purchase
16036.0,2556.84,4,1369,639.21,4,533,17.77,2556.84,High Value,17.509855453350852,146.0229073170732,1752.2748878048783,Medium Value,Repeat Customer
16037.0,1509.34,5,766,301.868,5,378,12.6,1509.34,Medium Value,12.417871222076215,121.54579259259259,1458.549511111111,Medium Value,Repeat Customer
16038.0,471.78000000000003,3,244,157.26000000000002,3,194,6.47,471.7800000000001,Medium Value,6.3731931668856765,74.02568659793815,888.3082391752578,Low Value,Repeat Customer
16039.0,456.4,2,409,228.2,2,204,6.8,456.4,Low Value,6.701708278580814,68.10203921568628,817.2244705882354,Low Value,Repeat Customer
16040.0,2416.9,7,1185,345.2714285714286,7,544,18.13,2416.9,High Value,17.871222076215506,135.23977205882352,1622.8772647058822,Medium Value,Repeat Customer
16041.0,3166.4,3,1584,1055.4666666666667,3,110,3.67,3166.4,High Value,3.6136662286465175,876.2292363636365,10514.750836363637,High Value,Repeat Customer
16042.0,2245.32,8,1430,280.665,8,431,14.37,2245.32,High Value,14.159001314060447,158.57898097447796,1902.9477716937354,Medium Value,Repeat Customer
16043.0,1856.5900000000001,8,1011,232.07375000000002,8,444,14.8,1856.5900000000001,High Value,14.586070959264125,127.28513423423425,1527.421610810811,Medium Value,Repeat Customer
16044.0,340.84000000000003,1,170,340.84000000000003,1,0,0.0,340.84000000000003,Low Value,1.0,340.84000000000003,4090.0800000000004,High Value,Single Purchase
16045.0,3434.9300000000003,8,2108,429.36625000000004,8,378,12.6,3434.9300000000003,High Value,12.417871222076215,276.6118232804233,3319.34187936508,Medium Value,Repeat Customer
16046.0,235.78,1,248,235.78,1,0,0.0,235.78,Low Value,1.0,235.78,2829.36,Medium Value,Single Purchase
16047.0,107.14,1,1,107.14,1,0,0.0,107.14,Low Value,1.0,107.14,1285.68,Low Value,Single Purchase
16048.0,818.7900000000001,4,425,204.69750000000002,4,176,5.87,818.7900000000001,Medium Value,5.781865965834428,141.6134522727273,1699.3614272727277,Medium Value,Repeat Customer
16049.0,1852.15,6,1132,308.69166666666666,6,475,15.83,1852.15,High Value,15.604467805519054,118.6935705263158,1424.3228463157895,Low Value,Repeat Customer
16050.0,300.7,3,388,100.23333333333333,3,227,7.57,300.7,Low Value,7.457293035479632,40.322942731277536,483.8753127753304,Low Value,Repeat Customer
16051.0,188.44,1,80,188.44,1,0,0.0,188.44,Low Value,1.0,188.44,2261.2799999999997,Medium Value,Single Purchase
16052.0,362.06,1,282,362.06,1,0,0.0,362.06,Low Value,1.0,362.06,4344.72,High Value,Single Purchase
16053.0,3634.84,6,3067,605.8066666666667,6,578,19.27,3634.84,High Value,18.988173455978973,191.42652179930798,2297.118261591696,Medium Value,Repeat Customer
16054.0,2111.88,4,791,527.97,4,471,15.7,2111.88,High Value,15.473061760840999,136.4875312101911,1637.8503745222931,Medium Value,Repeat Customer
16055.0,134.8,1,22,134.8,1,0,0.0,134.8,Low Value,1.0,134.8,1617.6000000000001,Medium Value,Single Purchase
16056.0,650.75,1,345,650.75,1,0,0.0,650.75,Medium Value,1.0,650.75,7809.0,High Value,Single Purchase
16057.0,3854.85,10,1691,385.485,10,684,22.8,3854.8500000000004,High Value,22.470433639947437,171.55209649122807,2058.6251578947367,Medium Value,Repeat Customer
16058.0,62.7,1,18,62.7,1,0,0.0,62.7,Low Value,1.0,62.7,752.4000000000001,Low Value,Single Purchase
16059.0,3053.57,12,1431,254.46416666666667,12,503,16.77,3053.57,High Value,16.52431011826544,184.79258608349903,2217.5110330019884,Medium Value,Repeat Customer
16060.0,541.95,3,243,180.65,3,93,3.1,541.95,Medium Value,3.055190538764783,177.38664516129035,2128.6397419354844,Medium Value,Repeat Customer
16061.0,89.65,1,19,89.65,1,0,0.0,89.65,Low Value,1.0,89.65,1075.8000000000002,Low Value,Single Purchase
16062.0,2863.45,8,2035,357.93125,8,526,17.53,2863.45,High Value,17.279894875164256,165.70992015209126,1988.519041825095,Medium Value,Repeat Customer
16063.0,335.32,1,262,335.32,1,0,0.0,335.32,Low Value,1.0,335.32,4023.84,High Value,Single Purchase
16064.0,109.31,1,55,109.31,1,0,0.0,109.31,Low Value,1.0,109.31,1311.72,Low Value,Single Purchase
16065.0,1992.13,8,1207,249.01625,8,97,3.23,1992.13,High Value,3.1865965834428382,625.1591463917526,7501.909756701032,High Value,Repeat Customer
16066.0,1521.04,5,935,304.20799999999997,5,107,3.57,1521.04,Medium Value,3.515111695137976,432.7145570093458,5192.57468411215,High Value,Repeat Customer
16067.0,3269.11,3,1236,1089.7033333333334,3,112,3.73,3269.11,High Value,3.679369250985545,888.4973964285715,10661.968757142859,High Value,Repeat Customer
16068.0,115.73,1,48,115.73,1,0,0.0,115.73,Low Value,1.0,115.73,1388.76,Low Value,Single Purchase
16069.0,457.7,1,138,457.7,1,0,0.0,457.7,Low Value,1.0,457.7,5492.4,High Value,Single Purchase
16070.0,852.15,2,457,426.075,2,9,0.3,852.15,Medium Value,1.0,852.15,10225.8,High Value,Repeat Customer
16071.0,1076.8,4,697,269.2,4,610,20.33,1076.8,Medium Value,20.039421813403415,53.73408524590164,644.8090229508197,Low Value,Repeat Customer
16072.0,4180.09,4,1580,1045.0225,4,260,8.67,4180.09,High Value,8.541392904073588,489.3920753846154,5872.704904615384,High Value,Repeat Customer
16073.0,122.39999999999999,1,48,122.39999999999999,1,0,0.0,122.39999999999999,Low Value,1.0,122.39999999999999,1468.8,Medium Value,Single Purchase
16074.0,252.5,1,38,252.5,1,0,0.0,252.5,Low Value,1.0,252.5,3030.0,Medium Value,Single Purchase
16075.0,736.9300000000001,2,271,368.46500000000003,2,61,2.03,736.9300000000001,Medium Value,2.0039421813403417,367.7401508196721,4412.881809836065,High Value,Repeat Customer
16076.0,2234.73,10,1435,223.473,10,205,6.83,2234.73,High Value,6.734559789750328,331.83015219512197,3981.9618263414636,High Value,Repeat Customer
16077.0,2300.4,1,840,2300.4,1,0,0.0,2300.4,High Value,1.0,2300.4,27604.800000000003,High Value,Single Purchase
16078.0,362.99,2,200,181.495,2,385,12.83,362.99,Low Value,12.64783180026281,28.699780779220784,344.3973693506494,Low Value,Repeat Customer
16079.0,1352.0,3,864,450.6666666666667,3,23,0.77,1352.0,Medium Value,1.0,1352.0,16224.0,High Value,Repeat Customer
16080.0,602.5600000000001,4,298,150.64000000000001,4,368,12.27,602.5600000000001,Medium Value,12.089356110381077,49.842191304347836,598.106295652174,Low Value,Repeat Customer
16081.0,4278.96,8,2177,534.87,8,618,20.6,4278.96,High Value,20.302233902759525,210.76301359223302,2529.156163106796,Medium Value,Repeat Customer
16082.0,106.75,1,39,106.75,1,0,0.0,106.75,Low Value,1.0,106.75,1281.0,Low Value,Single Purchase
16083.0,2351.42,4,1514,587.855,4,287,9.57,2351.42,High Value,9.42838370565046,249.39799581881536,2992.775949825784,Medium Value,Repeat Customer
16084.0,436.18,1,216,436.18,1,0,0.0,436.18,Low Value,1.0,436.18,5234.16,High Value,Single Purchase
16085.0,2341.03,12,1382,195.08583333333334,12,664,22.13,2341.03,High Value,21.81340341655716,107.32071265060242,1287.848551807229,Low Value,Repeat Customer
16086.0,2687.73,10,1450,268.773,10,677,22.57,2687.7300000000005,High Value,22.24047306176084,120.84859852289513,1450.1831822747415,Medium Value,Repeat Customer
16087.0,1739.92,5,664,347.98400000000004,5,300,10.0,1739.92,High Value,9.85545335085414,176.54388266666666,2118.526592,Medium Value,Repeat Customer
16088.0,1437.43,2,373,718.715,2,15,0.5,1437.43,Medium Value,1.0,1437.43,17249.16,High Value,Repeat Customer
16089.0,263.49,2,119,131.745,2,122,4.07,263.49,Low Value,4.0078843626806835,65.74291475409836,788.9149770491804,Low Value,Repeat Customer
16090.0,180.56,1,58,180.56,1,0,0.0,180.56,Low Value,1.0,180.56,2166.7200000000003,Medium Value,Single Purchase
16091.0,315.06,2,154,157.53,2,43,1.43,315.06,Low Value,1.4126149802890933,223.03317209302327,2676.398065116279,Medium Value,Repeat Customer
16092.0,1587.94,6,1188,264.6566666666667,6,464,15.47,1587.94,High Value,15.243101182654401,104.17433965517242,1250.0920758620691,Low Value,Repeat Customer
16093.0,17.0,1,20,17.0,1,0,0.0,17.0,Low Value,1.0,17.0,204.0,Low Value,Single Purchase
16094.0,3695.56,11,2020,335.96,11,590,19.67,3695.56,High Value,19.38239159001314,190.66584135593223,2287.9900962711868,Medium Value,Repeat Customer
16095.0,447.05,1,265,447.05,1,0,0.0,447.05,Low Value,1.0,447.05,5364.6,High Value,Single Purchase
16096.0,1584.97,4,700,396.2425,4,380,12.67,1584.97,Medium Value,12.483574244415243,126.96443894736842,1523.573267368421,Medium Value,Repeat Customer
16097.0,185.04999999999998,1,87,185.04999999999998,1,0,0.0,185.04999999999998,Low Value,1.0,185.04999999999998,2220.6,Medium Value,Single Purchase
16098.0,4010.7,14,2008,286.4785714285714,14,637,21.23,4010.7,High Value,20.92641261498029,191.65731240188381,2299.8877488226058,Medium Value,Repeat Customer
16099.0,1573.2,7,960,224.74285714285716,7,596,19.87,1573.2,Medium Value,19.579500657030223,80.3493422818792,964.1921073825504,Low Value,Repeat Customer
16100.0,582.64,1,438,582.64,1,0,0.0,582.64,Medium Value,1.0,582.64,6991.68,High Value,Single Purchase
16101.0,3229.16,4,1844,807.29,4,490,16.33,3229.16,High Value,16.09724047306176,200.60332734693878,2407.239928163265,Medium Value,Repeat Customer
16102.0,1842.14,3,942,614.0466666666667,3,86,2.87,1842.1400000000003,High Value,2.8252299605781865,652.0318790697675,7824.3825488372095,High Value,Repeat Customer
16103.0,6191.71,22,2639,281.44136363636363,22,693,23.1,6191.71,High Value,22.766097240473062,271.9706383838384,3263.6476606060605,Medium Value,Repeat Customer
16104.0,2774.46,9,1047,308.2733333333333,9,671,22.37,2774.46,High Value,22.043363994743757,125.86372935916543,1510.3647523099853,Medium Value,Repeat Customer
16105.0,2386.19,5,2125,477.238,5,355,11.83,2386.19,High Value,11.662286465177397,204.60739042253525,2455.288685070423,Medium Value,Repeat Customer
16106.0,108.38,1,74,108.38,1,0,0.0,108.38,Low Value,1.0,108.38,1300.56,Low Value,Single Purchase
16107.0,3204.1600000000003,7,1176,457.7371428571429,7,165,5.5,3204.1600000000003,High Value,5.4204993429697765,591.1189721212122,7093.4276654545465,High Value,Repeat Customer
16108.0,2235.92,4,1473,558.98,4,546,18.2,2235.92,High Value,17.936925098554532,124.65458754578756,1495.8550505494509,Medium Value,Repeat Customer
16109.0,939.48,3,1092,313.16,3,479,15.97,939.48,Medium Value,15.735873850197109,59.70307139874739,716.4368567849687,Low Value,Repeat Customer
16110.0,1781.59,4,880,445.3975,4,477,15.9,1781.59,High Value,15.670170827858081,113.69308092243186,1364.3169710691823,Low Value,Repeat Customer
16111.0,549.33,1,233,549.33,1,0,0.0,549.33,Medium Value,1.0,549.33,6591.960000000001,High Value,Single Purchase
16112.0,195.73999999999998,4,574,48.934999999999995,4,195,6.5,195.73999999999998,Low Value,6.40604467805519,30.555515897435896,366.66619076923075,Low Value,Repeat Customer
16113.0,161.38,1,176,161.38,1,0,0.0,161.38,Low Value,1.0,161.38,1936.56,Medium Value,Single Purchase
16114.0,135.75000000000003,1,43,135.75000000000003,1,0,0.0,135.75000000000003,Low Value,1.0,135.75000000000003,1629.0000000000005,Medium Value,Single Purchase
16115.0,2553.8,12,1589,212.8166666666667,12,564,18.8,2553.8,High Value,18.528252299605782,137.83275177304967,1653.993021276596,Medium Value,Repeat Customer
16116.0,612.78,1,248,612.78,1,0,0.0,612.78,Medium Value,1.0,612.78,7353.36,High Value,Single Purchase
16117.0,654.4,3,321,218.13333333333333,3,401,13.37,654.4,Medium Value,13.173455978975033,49.675650872817954,596.1078104738154,Low Value,Repeat Customer
16118.0,4376.25,1,2851,4376.25,1,0,0.0,4376.25,High Value,1.0,4376.25,52515.0,High Value,Single Purchase
16119.0,1720.81,8,811,215.10125,8,715,23.83,1720.81,High Value,23.488830486202364,73.26077818181818,879.1293381818182,Low Value,Repeat Customer
16120.0,2967.51,6,2161,494.58500000000004,6,362,12.07,2967.51,High Value,11.892247043363994,249.5331613259669,2994.397935911603,Medium Value,Repeat Customer
16121.0,1450.04,5,879,290.008,5,508,16.93,1450.04,Medium Value,16.68856767411301,86.88822362204724,1042.6586834645668,Low Value,Repeat Customer
16122.0,895.62,6,1280,149.27,6,352,11.73,895.6200000000001,Medium Value,11.563731931668856,77.45077500000001,929.4093,Low Value,Repeat Customer
16123.0,307.78,1,170,307.78,1,0,0.0,307.78,Low Value,1.0,307.78,3693.3599999999997,High Value,Single Purchase
16124.0,1772.49,4,797,443.1225,4,415,13.83,1772.49,High Value,13.633377135348226,130.01107373493977,1560.1328848192773,Medium Value,Repeat Customer
16125.0,4292.35,14,1819,306.5964285714286,14,358,11.93,4292.35,High Value,11.76084099868594,364.9696480446928,4379.635776536314,High Value,Repeat Customer
16126.0,14644.6,15,6140,976.3066666666667,15,708,23.6,14644.6,High Value,23.258869908015768,629.6350621468927,7555.6207457627115,High Value,Repeat Customer
16127.0,801.31,2,391,400.655,2,687,22.9,801.31,Medium Value,22.568988173455978,35.504914701601166,426.058976419214,Low Value,Repeat Customer
16128.0,3801.05,11,2445,345.55,11,493,16.43,3801.05,High Value,16.1957950065703,234.69363488843817,2816.323618661258,Medium Value,Repeat Customer
16129.0,1396.05,3,1261,465.34999999999997,3,100,3.33,1396.05,Medium Value,3.2851511169513796,424.95762,5099.49144,High Value,Repeat Customer
16130.0,987.48,4,296,246.87,4,195,6.5,987.48,Medium Value,6.40604467805519,154.14816000000002,1849.7779200000002,Medium Value,Repeat Customer
16131.0,9957.42,12,4768,829.785,12,686,22.87,9957.42,High Value,22.536136662286463,441.8423685131196,5302.108422157435,High Value,Repeat Customer
16132.0,664.1999999999999,2,280,332.09999999999997,2,83,2.77,664.1999999999999,Medium Value,2.726675427069645,243.59334939759034,2923.120192771084,Medium Value,Repeat Customer
16133.0,22992.260000000002,56,13653,410.5760714285715,56,614,20.47,22992.260000000002,High Value,20.17082785808147,1139.8768638436484,13678.52236612378,High Value,Repeat Customer
16134.0,2145.34,5,1637,429.06800000000004,5,519,17.3,2145.34,High Value,17.04993429697766,125.82687784200387,1509.9225341040465,Medium Value,Repeat Customer
16135.0,819.45,2,395,409.725,2,321,10.7,819.45,Medium Value,10.545335085413928,77.70734579439254,932.4881495327104,Low Value,Repeat Customer
16136.0,946.8,4,674,236.7,4,603,20.1,946.8,Medium Value,19.80946123521682,47.79534328358209,573.5441194029851,Low Value,Repeat Customer
16137.0,422.7,1,210,422.7,1,0,0.0,422.7,Low Value,1.0,422.7,5072.4,High Value,Single Purchase
16138.0,910.35,3,774,303.45,3,212,7.07,910.3499999999999,Medium Value,6.964520367936925,130.71251886792453,1568.5502264150944,Medium Value,Repeat Customer
16139.0,1111.15,5,602,222.23000000000002,5,717,23.9,1111.15,Medium Value,23.554533508541393,47.17350906555091,566.0821087866109,Low Value,Repeat Customer
16140.0,1433.46,3,1272,477.82,3,376,12.53,1433.46,Medium Value,12.352168199737187,116.04926170212767,1392.591140425532,Low Value,Repeat Customer
16141.0,955.94,2,410,477.97,2,328,10.93,955.94,Medium Value,10.775295663600525,88.71589512195122,1064.5907414634146,Low Value,Repeat Customer
16142.0,535.34,1,422,535.34,1,0,0.0,535.34,Medium Value,1.0,535.34,6424.08,High Value,Single Purchase
16143.0,4555.08,12,1866,379.59,12,726,24.2,4555.08,High Value,23.850197109067015,190.9871008264463,2291.8452099173555,Medium Value,Repeat Customer
16144.0,175.2,1,16,175.2,1,0,0.0,175.2,Low Value,1.0,175.2,2102.3999999999996,Medium Value,Single Purchase
16145.0,6805.4400000000005,19,5270,358.18105263157895,19,575,19.17,6805.4400000000005,High Value,18.889618922470433,360.27407582608697,4323.288909913043,High Value,Repeat Customer
16146.0,946.38,4,544,236.595,4,291,9.7,946.38,Medium Value,9.559789750328514,98.99590103092784,1187.9508123711341,Low Value,Repeat Customer
16147.0,2398.91,5,1395,479.782,5,538,17.93,2398.91,High Value,17.67411300919842,135.73014944237917,1628.76179330855,Medium Value,Repeat Customer
16148.0,386.62,2,250,193.31,2,140,4.67,386.62,Low Value,4.599211563731932,84.06223428571428,1008.7468114285714,Low Value,Repeat Customer
16149.0,422.22,3,598,140.74,3,424,14.13,422.22,Low Value,13.92904073587385,30.312209433962266,363.7465132075472,Low Value,Repeat Customer
16150.0,4002.17,10,1990,400.217,10,679,22.63,4002.17,High Value,22.306176084099867,179.41981561119294,2153.0377873343155,Medium Value,Repeat Customer
16152.0,1829.04,1,642,1829.04,1,0,0.0,1829.04,High Value,1.0,1829.04,21948.48,High Value,Single Purchase
16153.0,5133.49,11,3693,466.6809090909091,11,512,17.07,5133.49,High Value,16.819973718791065,305.20202265625,3662.424271875,High Value,Repeat Customer
16155.0,796.9,5,495,159.38,5,158,5.27,796.9,Medium Value,5.19053876478318,153.5293417721519,1842.3521012658227,Medium Value,Repeat Customer
16156.0,6188.18,20,3205,309.409,20,728,24.27,6188.18,High Value,23.915900131406044,258.7475263736264,3104.9703164835164,Medium Value,Repeat Customer
16157.0,656.69,3,347,218.89666666666668,3,56,1.87,656.69,Medium Value,1.8396846254927726,356.95792142857147,4283.495057142858,High Value,Repeat Customer
16158.0,628.32,9,182,69.81333333333333,9,211,7.03,628.3199999999999,Medium Value,6.931668856767411,90.64483791469195,1087.7380549763034,Low Value,Repeat Customer
16159.0,1232.79,4,635,308.1975,4,455,15.17,1232.79,Medium Value,14.947437582128778,82.47500571428571,989.7000685714286,Low Value,Repeat Customer
16160.0,1025.44,2,1162,512.72,2,20,0.67,1025.44,Medium Value,1.0,1025.44,12305.28,High Value,Repeat Customer
16161.0,12580.06,43,6255,292.5595348837209,43,668,22.27,12580.06,High Value,21.944809461235216,573.2590215568862,6879.108258682634,High Value,Repeat Customer
16162.0,37.4,1,4,37.4,1,0,0.0,37.4,Low Value,1.0,37.4,448.79999999999995,Low Value,Single Purchase
16163.0,2407.98,6,676,401.33,6,505,16.83,2407.98,High Value,16.590013140604466,145.1463588118812,1741.7563057425746,Medium Value,Repeat Customer
16164.0,822.48,3,433,274.16,3,25,0.83,822.48,Medium Value,1.0,822.48,9869.76,High Value,Repeat Customer
16165.0,79.9,1,2,79.9,1,0,0.0,79.9,Low Value,1.0,79.9,958.8000000000001,Low Value,Single Purchase
16166.0,435.83,2,173,217.915,2,263,8.77,435.83,Low Value,8.639947437582128,50.44359391634981,605.3231269961977,Low Value,Repeat Customer
16167.0,1386.1200000000001,5,1494,277.22400000000005,5,324,10.8,1386.1200000000003,Medium Value,10.64388961892247,130.22682962962963,1562.7219555555557,Medium Value,Repeat Customer
16168.0,10360.67,66,4975,156.97984848484847,66,726,24.2,10360.67,High Value,23.850197109067015,434.4060534435262,5212.872641322315,High Value,Repeat Customer
16169.0,1822.97,4,1325,455.7425,4,67,2.23,1822.97,High Value,2.2010512483574245,828.2269671641791,9938.72360597015,High Value,Repeat Customer
16170.0,6869.0,20,6056,343.45,20,608,20.27,6869.0,High Value,19.97371879106439,343.90190789473684,4126.8228947368425,High Value,Repeat Customer
16171.0,73.2,1,24,73.2,1,0,0.0,73.2,Low Value,1.0,73.2,878.4000000000001,Low Value,Single Purchase
16172.0,1884.55,8,1419,235.56875,8,417,13.9,1884.55,High Value,13.699080157687254,137.56763069544363,1650.8115683453234,Medium Value,Repeat Customer
16173.0,1418.32,6,575,236.38666666666666,6,82,2.73,1418.32,Medium Value,2.6938239159001314,526.5080585365854,6318.096702439025,High Value,Repeat Customer
16174.0,2246.75,7,1431,320.9642857142857,7,476,15.87,2246.75,High Value,15.637319316688567,143.67871848739497,1724.1446218487397,Medium Value,Repeat Customer
16175.0,1836.44,7,932,262.34857142857146,7,469,15.63,1836.4400000000003,High Value,15.407358738501971,119.19239573560768,1430.3087488272922,Low Value,Repeat Customer
16176.0,2052.69,4,952,513.1725,4,198,6.6,2052.69,High Value,6.504599211563732,315.57516969696974,3786.902036363637,High Value,Repeat Customer
16177.0,2247.31,8,1021,280.91375,8,596,19.87,2247.31,High Value,19.579500657030223,114.7787187919463,1377.3446255033557,Low Value,Repeat Customer
16178.0,612.6,2,304,306.3,2,263,8.77,612.6,Medium Value,8.639947437582128,70.9032091254753,850.8385095057035,Low Value,Repeat Customer
16179.0,215.83,1,99,215.83,1,0,0.0,215.83,Low Value,1.0,215.83,2589.96,Medium Value,Single Purchase
16180.0,16249.87,13,9813,1249.99,13,434,14.47,16249.87,High Value,14.257555847568987,1139.7374258064517,13676.84910967742,High Value,Repeat Customer
16181.0,305.54,1,152,305.54,1,0,0.0,305.54,Low Value,1.0,305.54,3666.4800000000005,High Value,Single Purchase
16182.0,9971.65,9,5887,1107.961111111111,9,568,18.93,9971.65,High Value,18.659658344283837,534.3961725352112,6412.754070422535,High Value,Repeat Customer
16183.0,1077.81,4,351,269.4525,4,340,11.33,1077.81,Medium Value,11.169513797634691,96.49569529411764,1157.9483435294117,Low Value,Repeat Customer
16184.0,1158.79,6,561,193.13166666666666,6,147,4.9,1158.79,Medium Value,4.829172141918528,239.95624217687075,2879.474906122449,Medium Value,Repeat Customer
16185.0,644.72,3,321,214.90666666666667,3,547,18.23,644.72,Medium Value,17.969776609724047,35.878019744058506,430.53623692870207,Low Value,Repeat Customer
16186.0,8718.43,26,6594,335.3242307692308,26,707,23.57,8718.43,High Value,23.226018396846253,375.37342178217824,4504.481061386139,High Value,Repeat Customer
16187.0,6911.4400000000005,15,5048,460.7626666666667,15,252,8.4,6911.4400000000005,High Value,8.278580814717477,834.8580698412699,10018.296838095239,High Value,Repeat Customer
16188.0,1087.66,5,838,217.532,5,364,12.13,1087.66,Medium Value,11.957950065703022,90.95706153846155,1091.4847384615387,Low Value,Repeat Customer
16189.0,215.48,2,134,107.74,2,69,2.3,215.48,Low Value,2.266754270696452,95.06103188405797,1140.7323826086956,Low Value,Repeat Customer
16190.0,2723.55,8,1231,340.44375,8,685,22.83,2723.55,High Value,22.503285151116952,121.02899562043797,1452.3479474452556,Medium Value,Repeat Customer
16191.0,15677.82,24,9348,653.2425,24,725,24.17,15677.82,High Value,23.817345597897503,658.2521942068965,7899.026330482759,High Value,Repeat Customer
16192.0,351.3,1,208,351.3,1,0,0.0,351.3,Low Value,1.0,351.3,4215.6,High Value,Single Purchase
16193.0,630.43,2,379,315.215,2,174,5.8,630.43,Medium Value,5.716162943495401,110.28901839080459,1323.468220689655,Low Value,Repeat Customer
16194.0,308.59999999999997,1,140,308.59999999999997,1,0,0.0,308.59999999999997,Low Value,1.0,308.59999999999997,3703.2,High Value,Single Purchase
16195.0,323.25,1,123,323.25,1,0,0.0,323.25,Low Value,1.0,323.25,3879.0,High Value,Single Purchase
16196.0,93.3,1,26,93.3,1,0,0.0,93.3,Low Value,1.0,93.3,1119.6,Low Value,Single Purchase
16197.0,2016.71,9,1420,224.07888888888888,9,254,8.47,2016.71,High Value,8.344283837056505,241.68760787401575,2900.251294488189,Medium Value,Repeat Customer
16198.0,1030.0410000000002,2,384,515.0205000000001,2,362,12.07,1030.0410000000002,Medium Value,11.892247043363994,86.61449734806631,1039.3739681767956,Low Value,Repeat Customer
16199.0,942.75,7,321,134.67857142857142,7,238,7.93,942.7499999999999,Medium Value,7.818659658344283,120.57693277310925,1446.923193277311,Low Value,Repeat Customer
16200.0,5608.1,12,3068,467.3416666666667,12,732,24.4,5608.1,High Value,24.0473061760841,233.2111530054645,2798.533836065574,Medium Value,Repeat Customer
16201.0,2112.12,5,1421,422.424,5,412,13.73,2112.12,High Value,13.534822601839684,156.0508077669903,1872.6096932038836,Medium Value,Repeat Customer
16202.0,2501.9900000000002,9,1307,277.9988888888889,9,376,12.53,2501.9900000000002,High Value,12.352168199737187,202.55472234042557,2430.656668085107,Medium Value,Repeat Customer
16203.0,943.84,6,537,157.30666666666667,6,445,14.83,943.84,Medium Value,14.61892247043364,64.5628979775281,774.7547757303371,Low Value,Repeat Customer
16204.0,918.71,3,671,306.2366666666667,3,707,23.57,918.71,Medium Value,23.226018396846253,39.55520848656295,474.66250183875536,Low Value,Repeat Customer
16205.0,1820.1100000000001,7,1452,260.0157142857143,7,511,17.03,1820.1100000000001,High Value,16.78712220762155,108.42299099804306,1301.0758919765167,Low Value,Repeat Customer
16206.0,2589.87,13,1379,199.22076923076924,13,629,20.97,2589.87,High Value,20.66360052562418,125.33488521462638,1504.0186225755165,Medium Value,Repeat Customer
16207.0,394.38,1,140,394.38,1,0,0.0,394.38,Low Value,1.0,394.38,4732.5599999999995,High Value,Single Purchase
16208.0,3440.45,10,1541,344.04499999999996,10,608,20.27,3440.45,High Value,19.97371879106439,172.24884539473683,2066.986144736842,Medium Value,Repeat Customer
16209.0,4146.78,9,1895,460.75333333333333,9,458,15.27,4146.78,High Value,15.045992115637318,275.6069502183406,3307.283402620087,Medium Value,Repeat Customer
16210.0,33750.97,35,12397,964.3134285714286,35,735,24.5,33750.97,High Value,24.14586070959264,1397.7952745578232,16773.543294693878,High Value,Repeat Customer
16211.0,1090.59,3,519,363.53,3,349,11.63,1090.59,Medium Value,11.465177398160314,95.12194727793697,1141.4633673352437,Low Value,Repeat Customer
16212.0,1293.71,4,571,323.4275,4,650,21.67,1293.71,Medium Value,21.353482260183966,60.58543446153847,727.0252135384617,Low Value,Repeat Customer
16213.0,159.0,1,48,159.0,1,0,0.0,159.0,Low Value,1.0,159.0,1908.0,Medium Value,Single Purchase
16214.0,2038.25,4,1308,509.5625,4,264,8.8,2038.25,High Value,8.672798948751643,235.0164015151515,2820.196818181818,Medium Value,Repeat Customer
16215.0,242.35,1,104,242.35,1,0,0.0,242.35,Low Value,1.0,242.35,2908.2,Medium Value,Single Purchase
16216.0,914.9300000000001,1,254,914.9300000000001,1,0,0.0,914.9300000000001,Medium Value,1.0,914.9300000000001,10979.16,High Value,Single Purchase
16217.0,304.25,2,91,152.125,2,46,1.53,304.25,Low Value,1.5111695137976346,201.33413043478262,2416.0095652173914,Medium Value,Repeat Customer
16218.0,3968.67,13,2799,305.2823076923077,13,531,17.7,3968.67,High Value,17.444152431011826,227.50718418079097,2730.0862101694916,Medium Value,Repeat Customer
16219.0,40.8,1,48,40.8,1,0,0.0,40.8,Low Value,1.0,40.8,489.59999999999997,Low Value,Single Purchase
16221.0,2019.92,9,1449,224.43555555555557,9,449,14.97,2019.92,High Value,14.750328515111695,136.94067884187083,1643.28814610245,Medium Value,Repeat Customer
16222.0,1272.05,2,463,636.025,2,402,13.4,1272.05,Medium Value,13.206307490144546,96.32139800995024,1155.8567761194029,Low Value,Repeat Customer
16223.0,1087.05,2,643,543.525,2,20,0.67,1087.05,Medium Value,1.0,1087.05,13044.599999999999,High Value,Repeat Customer
16224.0,1616.54,5,1555,323.308,5,330,11.0,1616.54,High Value,10.840998685939553,149.11356848484849,1789.3628218181818,Medium Value,Repeat Customer
16225.0,2859.31,15,1281,190.62066666666666,15,625,20.83,2859.31,High Value,20.532194480946124,139.25983424,1671.11801088,Medium Value,Repeat Customer
16226.0,672.1700000000001,5,521,134.43400000000003,5,210,7.0,672.1700000000001,Medium Value,6.898817345597897,97.43264190476192,1169.1917028571431,Low Value,Repeat Customer
16227.0,1027.22,3,436,342.4066666666667,3,310,10.33,1027.22,Medium Value,10.183968462549277,100.86637677419355,1210.3965212903227,Low Value,Repeat Customer
16228.0,885.71,3,555,295.2366666666667,3,14,0.47,885.71,Medium Value,1.0,885.71,10628.52,High Value,Repeat Customer
16229.0,2867.86,6,1292,477.9766666666667,6,477,15.9,2867.86,High Value,15.670170827858081,183.01395890985327,2196.1675069182393,Medium Value,Repeat Customer
16230.0,542.03,2,365,271.015,2,30,1.0,542.03,Medium Value,1.0,542.03,6504.36,High Value,Repeat Customer
16231.0,1074.47,4,563,268.6175,4,218,7.27,1074.47,Medium Value,7.1616294349540075,150.0314990825688,1800.3779889908258,Medium Value,Repeat Customer
16232.0,2712.97,7,1849,387.5671428571428,7,506,16.87,2712.97,High Value,16.62286465177398,163.2071280632411,1958.4855367588932,Medium Value,Repeat Customer
16233.0,1818.31,9,677,202.03444444444443,9,666,22.2,1818.31,High Value,21.879106438896187,83.10714174174174,997.2857009009009,Low Value,Repeat Customer
16234.0,333.18,3,170,111.06,3,85,2.83,333.18,Low Value,2.7923784494086727,119.31763764705883,1431.8116517647059,Low Value,Repeat Customer
16235.0,2053.71,9,788,228.19,9,429,14.3,2053.71,High Value,14.09329829172142,145.72245314685316,1748.669437762238,Medium Value,Repeat Customer
16236.0,432.2,1,184,432.2,1,0,0.0,432.2,Low Value,1.0,432.2,5186.4,High Value,Single Purchase
16237.0,136.65,1,57,136.65,1,0,0.0,136.65,Low Value,1.0,136.65,1639.8000000000002,Medium Value,Single Purchase
16238.0,63.66,1,85,63.66,1,0,0.0,63.66,Low Value,1.0,63.66,763.92,Low Value,Single Purchase
16239.0,1492.2,6,692,248.70000000000002,6,406,13.53,1492.2,Medium Value,13.337713534822601,111.87824630541873,1342.5389556650248,Low Value,Repeat Customer
16240.0,3718.8,2,1641,1859.4,2,53,1.77,3718.8,High Value,1.7411300919842312,2135.8541886792455,25630.250264150945,High Value,Repeat Customer
16241.0,3992.86,16,2258,249.55375,16,400,13.33,3992.86,High Value,13.140604467805518,303.856646,3646.2797520000004,High Value,Repeat Customer
16242.0,7404.65,14,3921,528.9035714285714,14,625,20.83,7404.649999999999,High Value,20.532194480946124,360.6360736,4327.6328832,High Value,Repeat Customer
16243.0,409.1,2,110,204.55,2,21,0.7,409.1,Low Value,1.0,409.1,4909.200000000001,High Value,Repeat Customer
16244.0,1522.75,2,855,761.375,2,160,5.33,1522.75,Medium Value,5.256241787122208,289.7031875,3476.43825,High Value,Repeat Customer
16245.0,1413.66,3,1014,471.22,3,233,7.77,1413.66,Medium Value,7.654402102496714,184.6858815450644,2216.230578540773,Medium Value,Repeat Customer
16246.0,821.35,2,336,410.675,2,209,6.97,821.35,Medium Value,6.865965834428383,119.62628708133973,1435.5154449760767,Low Value,Repeat Customer
16247.0,114.56,1,182,114.56,1,0,0.0,114.56,Low Value,1.0,114.56,1374.72,Low Value,Single Purchase
16248.0,152.94,1,78,152.94,1,0,0.0,152.94,Low Value,1.0,152.94,1835.28,Medium Value,Single Purchase
16249.0,1800.07,5,950,360.014,5,186,6.2,1800.0700000000002,High Value,6.110381077529566,294.59210107526883,3535.105212903226,High Value,Repeat Customer
16250.0,565.24,3,268,188.41333333333333,3,125,4.17,565.24,Medium Value,4.106438896189225,137.6472448,1651.7669376000001,Medium Value,Repeat Customer
16251.0,128.31,1,44,128.31,1,0,0.0,128.31,Low Value,1.0,128.31,1539.72,Medium Value,Single Purchase
16252.0,295.09000000000003,1,158,295.09000000000003,1,0,0.0,295.09000000000003,Low Value,1.0,295.09000000000003,3541.0800000000004,High Value,Single Purchase
16253.0,7272.2,7,6030,1038.8857142857144,7,664,22.13,7272.200000000001,High Value,21.81340341655716,333.3821807228916,4000.586168674699,High Value,Repeat Customer
16254.0,967.44,3,543,322.48,3,253,8.43,967.44,Medium Value,8.31143232588699,116.39870988142295,1396.7845185770752,Low Value,Repeat Customer
16255.0,4530.0,15,2876,302.0,15,668,22.27,4530.0,High Value,21.944809461235216,206.42694610778443,2477.123353293413,Medium Value,Repeat Customer
16256.0,1629.37,3,1590,543.1233333333333,3,331,11.03,1629.37,High Value,10.873850197109066,149.84296918429004,1798.1156302114805,Medium Value,Repeat Customer
16257.0,46.95,1,2,46.95,1,0,0.0,46.95,Low Value,1.0,46.95,563.4000000000001,Low Value,Single Purchase
16258.0,11942.52,15,7200,796.168,15,593,19.77,11942.52,High Value,19.48094612352168,613.035933895447,7356.431206745364,High Value,Repeat Customer
16259.0,340.94,3,143,113.64666666666666,3,194,6.47,340.94,Low Value,6.3731931668856765,53.49594639175258,641.951356701031,Low Value,Repeat Customer
16260.0,1035.45,1,311,1035.45,1,0,0.0,1035.45,Medium Value,1.0,1035.45,12425.400000000001,High Value,Single Purchase
16261.0,1041.16,6,454,173.52666666666667,6,425,14.17,1041.16,Medium Value,13.961892247043364,74.57155388235294,894.8586465882354,Low Value,Repeat Customer
16262.0,755.15,1,446,755.15,1,0,0.0,755.15,Medium Value,1.0,755.15,9061.8,High Value,Single Purchase
16263.0,348.16,1,197,348.16,1,0,0.0,348.16,Low Value,1.0,348.16,4177.92,High Value,Single Purchase
16264.0,823.53,2,616,411.765,2,7,0.23,823.53,Medium Value,1.0,823.53,9882.36,High Value,Repeat Customer
16265.0,6935.17,12,3214,577.9308333333333,12,398,13.27,6935.17,High Value,13.074901445466491,530.4185296482412,6365.022355778895,High Value,Repeat Customer
16266.0,1757.95,14,791,125.56785714285715,14,599,19.97,1757.95,High Value,19.678055190538764,89.33555592654425,1072.0266711185309,Low Value,Repeat Customer
16267.0,186.66,1,198,186.66,1,0,0.0,186.66,Low Value,1.0,186.66,2239.92,Medium Value,Single Purchase
16268.0,667.65,2,533,333.825,2,0,0.0,667.65,Medium Value,1.0,667.65,8011.799999999999,High Value,Repeat Customer
16269.0,717.57,1,579,717.57,1,0,0.0,717.57,Medium Value,1.0,717.57,8610.84,High Value,Single Purchase
16270.0,1141.24,1,688,1141.24,1,0,0.0,1141.24,Medium Value,1.0,1141.24,13694.880000000001,High Value,Single Purchase
16271.0,3397.82,10,2359,339.78200000000004,10,640,21.33,3397.8200000000006,High Value,21.02496714848883,161.60881375,1939.305765,Medium Value,Repeat Customer
16272.0,411.7,1,224,411.7,1,0,0.0,411.7,Low Value,1.0,411.7,4940.4,High Value,Single Purchase
16273.0,318.34000000000003,2,40,159.17000000000002,2,7,0.23,318.34000000000003,Low Value,1.0,318.34000000000003,3820.0800000000004,High Value,Repeat Customer
16274.0,351.75,1,153,351.75,1,0,0.0,351.75,Low Value,1.0,351.75,4221.0,High Value,Single Purchase
16275.0,2151.11,3,1268,717.0366666666667,3,444,14.8,2151.11,High Value,14.586070959264125,147.47700090090092,1769.724010810811,Medium Value,Repeat Customer
16276.0,2629.3900000000003,3,1467,876.4633333333335,3,430,14.33,2629.3900000000003,High Value,14.126149802890932,186.13635255813958,2233.636230697675,Medium Value,Repeat Customer
16277.0,188.69,1,33,188.69,1,0,0.0,188.69,Low Value,1.0,188.69,2264.2799999999997,Medium Value,Single Purchase
16278.0,1117.84,3,342,372.6133333333333,3,399,13.3,1117.84,Medium Value,13.107752956636006,85.2808260651629,1023.3699127819548,Low Value,Repeat Customer
16279.0,5698.28,9,3683,633.1422222222222,9,575,19.17,5698.280000000001,High Value,18.889618922470433,301.661988173913,3619.9438580869564,High Value,Repeat Customer
16280.0,238.05,1,101,238.05,1,0,0.0,238.05,Low Value,1.0,238.05,2856.6000000000004,Medium Value,Single Purchase
16281.0,3424.02,3,1570,1141.34,3,610,20.33,3424.0199999999995,High Value,20.039421813403415,170.864211147541,2050.370533770492,Medium Value,Repeat Customer
16282.0,1307.58,3,790,435.85999999999996,3,378,12.6,1307.58,Medium Value,12.417871222076215,105.29824126984127,1263.5788952380954,Low Value,Repeat Customer
16283.0,4350.32,8,2867,543.79,8,643,21.43,4350.32,High Value,21.12352168199737,205.9467197511664,2471.360637013997,Medium Value,Repeat Customer
16284.0,1018.48,3,674,339.49333333333334,3,362,12.07,1018.48,Medium Value,11.892247043363994,85.64235138121548,1027.7082165745858,Low Value,Repeat Customer
16285.0,176.9,1,60,176.9,1,0,0.0,176.9,Low Value,1.0,176.9,2122.8,Medium Value,Single Purchase
16286.0,328.95,2,101,164.475,2,146,4.87,328.95,Low Value,4.7963206307490145,68.58382191780822,823.0058630136987,Low Value,Repeat Customer
16287.0,1006.98,5,1426,201.39600000000002,5,519,17.3,1006.98,Medium Value,17.04993429697766,59.06063815028902,708.7276578034682,Low Value,Repeat Customer
16288.0,129.85,1,19,129.85,1,0,0.0,129.85,Low Value,1.0,129.85,1558.1999999999998,Medium Value,Single Purchase
16289.0,136.31,1,97,136.31,1,0,0.0,136.31,Low Value,1.0,136.31,1635.72,Medium Value,Single Purchase
16290.0,1957.7,4,957,489.425,4,101,3.37,1957.7,High Value,3.3180026281208934,590.0236435643565,7080.2837227722775,High Value,Repeat Customer
16291.0,117.72,1,1,117.72,1,0,0.0,117.72,Low Value,1.0,117.72,1412.6399999999999,Low Value,Single Purchase
16292.0,1253.76,5,688,250.752,5,482,16.07,1253.76,Medium Value,15.83442838370565,79.17936597510374,950.1523917012448,Low Value,Repeat Customer
16293.0,4279.2,15,1833,285.28,15,707,23.57,4279.2,High Value,23.226018396846253,184.24165205091938,2210.8998246110327,Medium Value,Repeat Customer
16294.0,126.05000000000001,1,54,126.05000000000001,1,0,0.0,126.05000000000001,Low Value,1.0,126.05000000000001,1512.6000000000001,Medium Value,Single Purchase
16295.0,1328.55,4,841,332.1375,4,54,1.8,1328.55,Medium Value,1.773981603153745,748.9085555555556,8986.902666666667,High Value,Repeat Customer
16296.0,1313.67,4,645,328.4175,4,95,3.17,1313.67,Medium Value,3.1208935611038107,420.92752421052637,5051.1302905263165,High Value,Repeat Customer
16297.0,301.9,1,206,301.9,1,0,0.0,301.9,Low Value,1.0,301.9,3622.7999999999997,High Value,Single Purchase
16298.0,1085.7,7,308,155.1,7,419,13.97,1085.7,Medium Value,13.764783180026281,78.87519809069212,946.5023770883055,Low Value,Repeat Customer
16299.0,193.65,1,107,193.65,1,0,0.0,193.65,Low Value,1.0,193.65,2323.8,Medium Value,Single Purchase
16300.0,1367.32,3,643,455.7733333333333,3,245,8.17,1367.32,Medium Value,8.04862023653088,169.88253387755103,2038.5904065306122,Medium Value,Repeat Customer
16301.0,107.33,1,41,107.33,1,0,0.0,107.33,Low Value,1.0,107.33,1287.96,Low Value,Single Purchase
16302.0,233.22,1,158,233.22,1,0,0.0,233.22,Low Value,1.0,233.22,2798.64,Medium Value,Single Purchase
16303.0,7928.27,7,3859,1132.6100000000001,7,605,20.17,7928.27,High Value,19.87516425755585,398.90336991735535,4786.840439008264,High Value,Repeat Customer
16304.0,381.66,1,228,381.66,1,0,0.0,381.66,Low Value,1.0,381.66,4579.92,High Value,Single Purchase
16305.0,361.21999999999997,1,256,361.21999999999997,1,0,0.0,361.21999999999997,Low Value,1.0,361.21999999999997,4334.639999999999,High Value,Single Purchase
16306.0,1124.72,7,712,160.67428571428573,7,221,7.37,1124.72,Medium Value,7.260183968462549,154.91618461538462,1858.9942153846155,Medium Value,Repeat Customer
16307.0,1194.92,3,1123,398.3066666666667,3,147,4.9,1194.92,Medium Value,4.829172141918528,247.43785578231294,2969.2542693877554,Medium Value,Repeat Customer
16308.0,5120.0,7,16000,731.4285714285714,7,686,22.87,5120.0,High Value,22.536136662286463,227.1906705539359,2726.2880466472307,Medium Value,Repeat Customer
16309.0,706.57,2,467,353.285,2,134,4.47,706.57,Medium Value,4.402102496714849,160.50739402985076,1926.0887283582092,Medium Value,Repeat Customer
16310.0,460.08,2,270,230.04,2,227,7.57,460.08,Low Value,7.457293035479632,61.69530925110132,740.3437110132159,Low Value,Repeat Customer
16311.0,616.26,2,394,308.13,2,31,1.03,616.26,Medium Value,1.0183968462549278,605.1275612903225,7261.530735483871,High Value,Repeat Customer
16312.0,171.15,1,53,171.15,1,0,0.0,171.15,Low Value,1.0,171.15,2053.8,Medium Value,Single Purchase
16313.0,274.15000000000003,2,165,137.07500000000002,2,46,1.53,274.15000000000003,Low Value,1.5111695137976346,181.41578260869568,2176.989391304348,Medium Value,Repeat Customer
16314.0,1491.4,3,636,497.1333333333334,3,83,2.77,1491.4,Medium Value,2.726675427069645,546.9664578313253,6563.5974939759035,High Value,Repeat Customer
16315.0,402.71,2,143,201.355,2,205,6.83,402.71,Low Value,6.734559789750328,59.797523902439025,717.5702868292683,Low Value,Repeat Customer
16316.0,5744.91,13,3057,441.91615384615386,13,428,14.27,5744.91,High Value,14.060446780551905,408.5865897196262,4903.039076635514,High Value,Repeat Customer
16317.0,2192.51,5,1236,438.50200000000007,5,465,15.5,2192.51,High Value,15.275952693823916,143.5268911827957,1722.3226941935486,Medium Value,Repeat Customer
16318.0,328.15,1,199,328.15,1,0,0.0,328.15,Low Value,1.0,328.15,3937.7999999999997,High Value,Single Purchase
16319.0,404.40000000000003,1,72,404.40000000000003,1,0,0.0,404.40000000000003,Low Value,1.0,404.40000000000003,4852.8,High Value,Single Purchase
16320.0,5628.99,6,3319,938.165,6,509,16.97,5628.99,High Value,16.72141918528252,336.6335080550098,4039.602096660118,High Value,Repeat Customer
16321.0,604.5500000000001,7,259,86.36428571428573,7,666,22.2,604.5500000000001,Medium Value,21.879106438896187,27.63138438438439,331.5766126126127,Low Value,Repeat Customer
16322.0,326.75,2,231,163.375,2,35,1.17,326.75,Low Value,1.149802890932983,284.17914285714284,3410.1497142857143,High Value,Repeat Customer
16323.0,353.66,2,146,176.83,2,381,12.7,353.66,Low Value,12.516425755584756,28.255670341207352,339.06804409448824,Low Value,Repeat Customer
16324.0,408.59000000000003,3,270,136.1966666666667,3,48,1.6,408.59000000000003,Low Value,1.5768725361366622,259.11415833333336,3109.3699000000006,Medium Value,Repeat Customer
16325.0,3597.5,12,2464,299.7916666666667,12,688,22.93,3597.5,High Value,22.601839684625492,159.16845930232557,1910.0215116279069,Medium Value,Repeat Customer
16326.0,4721.25,24,1083,196.71875,24,674,22.47,4721.25,High Value,22.141918528252297,213.22678041543028,2558.7213649851633,Medium Value,Repeat Customer
16327.0,10159.64,16,8124,634.9775,16,711,23.7,10159.64,High Value,23.35742444152431,434.96405288326304,5219.568634599156,High Value,Repeat Customer
16328.0,310.83,1,141,310.83,1,0,0.0,310.83,Low Value,1.0,310.83,3729.96,High Value,Single Purchase
16329.0,1664.92,4,797,416.23,4,311,10.37,1664.92,High Value,10.21681997371879,162.95872926045018,1955.5047511254022,Medium Value,Repeat Customer
16330.0,625.38,7,326,89.34,7,644,21.47,625.38,Medium Value,21.156373193166885,29.55988695652174,354.7186434782609,Low Value,Repeat Customer
16331.0,2037.7,6,756,339.6166666666667,6,210,7.0,2037.7,High Value,6.898817345597897,295.3694666666667,3544.4336000000003,High Value,Repeat Customer
16332.0,2000.01,11,1128,181.8190909090909,11,561,18.7,2000.01,High Value,18.429697766097238,108.52104171122996,1302.2525005347595,Low Value,Repeat Customer
16333.0,26626.8,22,32184,1210.3090909090909,22,302,10.07,26626.8,High Value,9.921156373193167,2683.840370860927,32206.084450331124,High Value,Repeat Customer
16334.0,263.73,1,206,263.73,1,0,0.0,263.73,Low Value,1.0,263.73,3164.76,Medium Value,Single Purchase
16335.0,2753.52,7,1004,393.36,7,184,6.13,2753.52,High Value,6.044678055190539,455.52798260869565,5466.335791304347,High Value,Repeat Customer
16336.0,3517.69,4,1473,879.4225,4,211,7.03,3517.69,High Value,6.931668856767411,507.48096492891,6089.77157914692,High Value,Repeat Customer
16337.0,151.05,1,87,151.05,1,0,0.0,151.05,Low Value,1.0,151.05,1812.6000000000001,Medium Value,Single Purchase
16338.0,214.79999999999998,1,94,214.79999999999998,1,0,0.0,214.79999999999998,Low Value,1.0,214.79999999999998,2577.6,Medium Value,Single Purchase
16339.0,94.05,1,21,94.05,1,0,0.0,94.05,Low Value,1.0,94.05,1128.6,Low Value,Single Purchase
16340.0,1496.24,3,1319,498.74666666666667,3,444,14.8,1496.24,Medium Value,14.586070959264125,102.58005765765766,1230.9606918918919,Low Value,Repeat Customer
16341.0,3850.79,7,3022,550.1128571428571,7,584,19.47,3850.79,High Value,19.185282522996058,200.71583493150683,2408.590019178082,Medium Value,Repeat Customer
16342.0,322.41,4,157,80.6025,4,104,3.47,322.41,Low Value,3.416557161629435,94.36692692307693,1132.4031230769233,Low Value,Repeat Customer
16343.0,614.12,3,345,204.70666666666668,3,391,13.03,614.12,Medium Value,12.844940867279893,47.81026291560103,573.7231549872124,Low Value,Repeat Customer
16344.0,842.42,4,706,210.605,4,510,17.0,842.42,Medium Value,16.754270696452036,50.28091137254902,603.3709364705883,Low Value,Repeat Customer
16345.0,1178.79,2,611,589.395,2,438,14.6,1178.79,Medium Value,14.388961892247043,81.92321369863014,983.0785643835616,Low Value,Repeat Customer
16346.0,224.51,1,289,224.51,1,0,0.0,224.51,Low Value,1.0,224.51,2694.12,Medium Value,Single Purchase
16347.0,3442.96,11,1715,312.99636363636364,11,626,20.87,3442.96,High Value,20.565045992115635,167.4180549520767,2009.0166594249204,Medium Value,Repeat Customer
16348.0,1744.42,8,1164,218.0525,8,398,13.27,1744.42,High Value,13.074901445466491,133.41744924623117,1601.009390954774,Medium Value,Repeat Customer
16349.0,53.5,1,9,53.5,1,0,0.0,53.5,Low Value,1.0,53.5,642.0,Low Value,Single Purchase
16350.0,2253.89,9,1077,250.4322222222222,9,406,13.53,2253.89,High Value,13.337713534822601,168.9862354679803,2027.8348256157635,Medium Value,Repeat Customer
16351.0,3330.0299999999997,13,2165,256.1561538461538,13,402,13.4,3330.0299999999997,High Value,13.206307490144546,252.1545104477612,3025.8541253731346,Medium Value,Repeat Customer
16352.0,494.44,2,300,247.22,2,20,0.67,494.44,Medium Value,1.0,494.44,5933.28,High Value,Repeat Customer
16353.0,9795.460000000001,38,3483,257.77526315789476,38,728,24.27,9795.460000000001,High Value,23.915900131406044,409.57939890109895,4914.952786813187,High Value,Repeat Customer
16354.0,1119.46,5,592,223.892,5,528,17.6,1119.46,Medium Value,17.345597897503286,64.53856515151516,774.4627818181818,Low Value,Repeat Customer
16355.0,416.35,1,179,416.35,1,0,0.0,416.35,Low Value,1.0,416.35,4996.200000000001,High Value,Single Purchase
16356.0,415.87,6,190,69.31166666666667,6,354,11.8,415.87,Low Value,11.629434954007884,35.76012090395481,429.1214508474577,Low Value,Repeat Customer
16357.0,868.37,4,389,217.0925,4,347,11.57,868.37,Medium Value,11.399474375821287,76.17631930835735,914.1158317002883,Low Value,Repeat Customer
16358.0,2919.65,5,2065,583.9300000000001,5,393,13.1,2919.6500000000005,High Value,12.910643889618921,226.14286513994915,2713.7143816793896,Medium Value,Repeat Customer
16359.0,2697.75,16,1764,168.609375,16,654,21.8,2697.75,High Value,21.48488830486202,125.56500000000001,1506.7800000000002,Medium Value,Repeat Customer
16360.0,3450.41,6,2110,575.0683333333333,6,83,2.77,3450.41,High Value,2.726675427069645,1265.427474698795,15185.129696385542,High Value,Repeat Customer
16361.0,891.21,4,418,222.8025,4,61,2.03,891.21,Medium Value,2.0039421813403417,444.7284,5336.7408000000005,High Value,Repeat Customer
16362.0,922.16,6,467,153.69333333333333,6,405,13.5,922.16,Medium Value,13.304862023653088,69.31000098765432,831.7200118518518,Low Value,Repeat Customer
16363.0,109.36000000000001,1,52,109.36000000000001,1,0,0.0,109.36000000000001,Low Value,1.0,109.36000000000001,1312.3200000000002,Low Value,Single Purchase
16364.0,705.79,2,279,352.895,2,125,4.17,705.79,Medium Value,4.106438896189225,171.8739808,2062.4877696,Medium Value,Repeat Customer
16365.0,3167.34,15,1034,211.156,15,710,23.67,3167.34,High Value,23.324572930354794,135.79412619718312,1629.5295143661974,Medium Value,Repeat Customer
16366.0,1548.1299999999999,4,882,387.03249999999997,4,704,23.47,1548.1299999999999,Medium Value,23.127463863337713,66.93903011363636,803.2683613636364,Low Value,Repeat Customer
16367.0,1350.48,3,1103,450.16,3,345,11.5,1350.48,Medium Value,11.333771353482259,119.15539478260871,1429.8647373913045,Low Value,Repeat Customer
16368.0,621.44,3,307,207.14666666666668,3,433,14.43,621.44,Medium Value,14.224704336399475,43.687375519630486,524.2485062355659,Low Value,Repeat Customer
16369.0,2656.56,7,1589,379.50857142857143,7,592,19.73,2656.56,High Value,19.44809461235217,136.59744324324325,1639.169318918919,Medium Value,Repeat Customer
16370.0,1301.91,4,640,325.4775,4,142,4.73,1301.91,Medium Value,4.664914586070959,279.0854957746479,3349.025949295775,Medium Value,Repeat Customer
16371.0,157.2,1,108,157.2,1,0,0.0,157.2,Low Value,1.0,157.2,1886.3999999999999,Medium Value,Single Purchase
16372.0,1290.31,5,722,258.062,5,573,19.1,1290.31,Medium Value,18.823915900131404,68.54631134380455,822.5557361256546,Low Value,Repeat Customer
16373.0,309.49,2,119,154.745,2,29,0.97,309.49,Low Value,1.0,309.49,3713.88,High Value,Repeat Customer
16374.0,1723.4,5,771,344.68,5,522,17.4,1723.4,High Value,17.1484888304862,100.49865134099618,1205.9838160919542,Low Value,Repeat Customer
16375.0,104.0,2,74,52.0,2,0,0.0,104.0,Low Value,1.0,104.0,1248.0,Low Value,Repeat Customer
16376.0,974.96,2,691,487.48,2,8,0.27,974.96,Medium Value,1.0,974.96,11699.52,High Value,Repeat Customer
16377.0,1308.48,2,2928,654.24,2,350,11.67,1308.48,Medium Value,11.498028909329829,113.80037485714286,1365.6044982857143,Low Value,Repeat Customer
16378.0,362.95,3,267,120.98333333333333,3,63,2.1,362.95,Low Value,2.0696452036793693,175.36822222222222,2104.4186666666665,Medium Value,Repeat Customer
16379.0,2157.4,4,1410,539.35,4,74,2.47,2157.4,High Value,2.431011826544021,887.4494054054054,10649.392864864865,High Value,Repeat Customer
16380.0,1743.1499999999999,1,1428,1743.1499999999999,1,0,0.0,1743.1499999999999,High Value,1.0,1743.1499999999999,20917.8,High Value,Single Purchase
16381.0,247.85,2,108,123.925,2,22,0.73,247.85,Low Value,1.0,247.85,2974.2,Medium Value,Repeat Customer
16382.0,353.1,2,167,176.55,2,142,4.73,353.1,Low Value,4.664914586070959,75.69270422535212,908.3124507042254,Low Value,Repeat Customer
16383.0,2896.69,7,1596,413.8128571428571,7,598,19.93,2896.69,High Value,19.64520367936925,147.4502401337793,1769.4028816053515,Medium Value,Repeat Customer
16384.0,1358.95,4,861,339.7375,4,500,16.67,1358.95,Medium Value,16.4257555847569,82.732876,992.794512,Low Value,Repeat Customer
16385.0,881.35,5,476,176.27,5,571,19.03,881.35,Medium Value,18.758212877792378,46.9847530647986,563.8170367775832,Low Value,Repeat Customer
16386.0,1068.16,3,700,356.05333333333334,3,359,11.97,1068.16,Medium Value,11.793692509855452,90.5704467966574,1086.8453615598887,Low Value,Repeat Customer
16387.0,882.46,5,448,176.49200000000002,5,315,10.5,882.46,Medium Value,10.348226018396845,85.27645206349207,1023.3174247619049,Low Value,Repeat Customer
16388.0,186.05,1,83,186.05,1,0,0.0,186.05,Low Value,1.0,186.05,2232.6000000000004,Medium Value,Single Purchase
16389.0,1382.07,4,1242,345.5175,4,229,7.63,1382.07,Medium Value,7.522996057818659,183.71271091703056,2204.5525310043668,Medium Value,Repeat Customer
16390.0,467.5,3,122,155.83333333333334,3,142,4.73,467.5,Medium Value,4.664914586070959,100.21619718309859,1202.594366197183,Low Value,Repeat Customer
16391.0,1052.26,4,715,263.065,4,161,5.37,1052.26,Medium Value,5.289093298291721,198.94903354037268,2387.388402484472,Medium Value,Repeat Customer
16392.0,756.7,3,604,252.23333333333335,3,292,9.73,756.7,Medium Value,9.592641261498029,78.88338356164384,946.6006027397261,Low Value,Repeat Customer
16393.0,5297.77,23,3001,230.33782608695654,23,736,24.53,5297.77,High Value,24.178712220762154,219.10885706521742,2629.306284782609,Medium Value,Repeat Customer
16394.0,1555.34,5,2604,311.068,5,232,7.73,1555.34,Medium Value,7.621550591327201,204.07133448275863,2448.8560137931036,Medium Value,Repeat Customer
16395.0,3518.41,14,2901,251.315,14,673,22.43,3518.41,High Value,22.109067017082786,159.13878216939077,1909.6653860326892,Medium Value,Repeat Customer
16396.0,137.8,1,80,137.8,1,0,0.0,137.8,Low Value,1.0,137.8,1653.6000000000001,Medium Value,Single Purchase
16397.0,123.13,1,43,123.13,1,0,0.0,123.13,Low Value,1.0,123.13,1477.56,Medium Value,Single Purchase
16398.0,1705.8,2,758,852.9,2,99,3.3,1705.8,High Value,3.252299605781866,524.4904242424243,6293.885090909092,High Value,Repeat Customer
16399.0,630.22,3,452,210.07333333333335,3,370,12.33,630.22,Medium Value,12.155059132720105,51.84836972972973,622.1804367567568,Low Value,Repeat Customer
16400.0,3059.85,9,2066,339.98333333333335,9,636,21.2,3059.8500000000004,High Value,20.893561103810775,146.44942452830188,1757.3930943396226,Medium Value,Repeat Customer
16401.0,6849.15,23,6035,297.7891304347826,23,554,18.47,6849.15,High Value,18.199737187910642,376.33235740072206,4515.988288808665,High Value,Repeat Customer
16402.0,293.45,2,146,146.725,2,104,3.47,293.45,Low Value,3.416557161629435,85.8905576923077,1030.6866923076923,Low Value,Repeat Customer
16403.0,177.5,1,114,177.5,1,0,0.0,177.5,Low Value,1.0,177.5,2130.0,Medium Value,Single Purchase
16404.0,443.05,1,157,443.05,1,0,0.0,443.05,Low Value,1.0,443.05,5316.6,High Value,Single Purchase
16405.0,167.25,2,187,83.625,2,7,0.23,167.25,Low Value,1.0,167.25,2007.0,Medium Value,Repeat Customer
16406.0,528.36,3,257,176.12,3,635,21.17,528.36,Medium Value,20.86070959264126,25.327997480314963,303.93596976377955,Low Value,Repeat Customer
16407.0,2761.65,14,1448,197.2607142857143,14,419,13.97,2761.65,High Value,13.764783180026281,200.63156563245823,2407.578787589499,Medium Value,Repeat Customer
16408.0,231.93,1,227,231.93,1,0,0.0,231.93,Low Value,1.0,231.93,2783.16,Medium Value,Single Purchase
16409.0,5652.74,12,3664,471.06166666666667,12,690,23.0,5652.74,High Value,22.667542706964518,249.37595014492754,2992.5114017391306,Medium Value,Repeat Customer
16410.0,130.32,1,348,130.32,1,0,0.0,130.32,Low Value,1.0,130.32,1563.84,Medium Value,Single Purchase
16411.0,756.39,4,461,189.0975,4,408,13.6,756.39,Medium Value,13.403416557161629,56.43262647058824,677.1915176470588,Low Value,Repeat Customer
16412.0,593.19,5,288,118.638,5,619,20.63,593.19,Medium Value,20.33508541392904,29.17076510500808,350.04918126009693,Low Value,Repeat Customer
16413.0,522.03,2,283,261.015,2,318,10.6,522.03,Medium Value,10.446780551905388,49.97041886792453,599.6450264150943,Low Value,Repeat Customer
16414.0,551.21,5,201,110.242,5,672,22.4,551.21,Medium Value,22.07621550591327,24.968500595238098,299.62200714285717,Low Value,Repeat Customer
16415.0,696.76,3,508,232.25333333333333,3,632,21.07,696.76,Medium Value,20.76215505913272,33.55913670886076,402.70964050632915,Low Value,Repeat Customer
16416.0,2957.88,9,2198,328.65333333333336,9,628,20.93,2957.88,High Value,20.630749014454665,143.3724,1720.4688,Medium Value,Repeat Customer
16417.0,35.7,1,6,35.7,1,0,0.0,35.7,Low Value,1.0,35.7,428.40000000000003,Low Value,Single Purchase
16418.0,1028.74,5,564,205.748,5,378,12.6,1028.74,Medium Value,12.417871222076215,82.84350687830688,994.1220825396827,Low Value,Repeat Customer
16419.0,1463.7,8,701,182.9625,8,555,18.5,1463.7,Medium Value,18.232588699080157,80.27932972972974,963.3519567567569,Low Value,Repeat Customer
16420.0,75.0,1,120,75.0,1,0,0.0,75.0,Low Value,1.0,75.0,900.0,Low Value,Single Purchase
16421.0,526.27,3,123,175.42333333333332,3,93,3.1,526.27,Medium Value,3.055190538764783,172.25439569892472,2067.0527483870965,Medium Value,Repeat Customer
16422.0,61920.87,109,64225,568.081376146789,109,679,22.63,61920.87,High Value,22.306176084099867,2775.951815611193,33311.421787334315,High Value,Repeat Customer
16423.0,346.12,1,230,346.12,1,0,0.0,346.12,Low Value,1.0,346.12,4153.4400000000005,High Value,Single Purchase
16424.0,443.06,2,212,221.53,2,191,6.37,443.06,Low Value,6.274638633377135,70.61123769633508,847.334852356021,Low Value,Repeat Customer
16425.0,302.7,1,199,302.7,1,0,0.0,302.7,Low Value,1.0,302.7,3632.3999999999996,High Value,Single Purchase
16426.0,1863.76,10,1215,186.376,10,273,9.1,1863.76,High Value,8.968462549277266,207.8126534798535,2493.7518417582423,Medium Value,Repeat Customer
16427.0,241.06,2,156,120.53,2,21,0.7,241.06,Low Value,1.0,241.06,2892.7200000000003,Medium Value,Repeat Customer
16428.0,638.49,3,575,212.83,3,84,2.8,638.49,Medium Value,2.759526938239159,231.37661428571428,2776.5193714285715,Medium Value,Repeat Customer
16429.0,284.55,1,9,284.55,1,0,0.0,284.55,Low Value,1.0,284.55,3414.6000000000004,High Value,Single Purchase
16430.0,1117.94,7,307,159.7057142857143,7,624,20.8,1117.94,Medium Value,20.49934296977661,54.535406410256414,654.4248769230769,Low Value,Repeat Customer
16431.0,623.28,3,442,207.76,3,84,2.8,623.28,Medium Value,2.759526938239159,225.8648,2710.3776,Medium Value,Repeat Customer
16432.0,287.4,1,276,287.4,1,0,0.0,287.4,Low Value,1.0,287.4,3448.7999999999997,High Value,Single Purchase
16433.0,384.52,2,214,192.26,2,380,12.67,384.52,Low Value,12.483574244415243,30.802075789473683,369.62490947368417,Low Value,Repeat Customer
16434.0,2673.69,12,1310,222.8075,12,661,22.03,2673.69,High Value,21.71484888304862,123.1272671709531,1477.5272060514371,Medium Value,Repeat Customer
16435.0,1003.0699999999999,3,608,334.3566666666666,3,2,0.07,1003.0699999999999,Medium Value,1.0,1003.0699999999999,12036.84,High Value,Repeat Customer
16436.0,319.14,3,227,106.38,3,64,2.13,319.14,Low Value,2.102496714848883,151.79096249999998,1821.4915499999997,Medium Value,Repeat Customer
16437.0,301.25,2,197,150.625,2,48,1.6,301.25,Low Value,1.5768725361366622,191.04270833333334,2292.5125,Medium Value,Repeat Customer
16438.0,798.35,5,463,159.67000000000002,5,76,2.53,798.3500000000001,Medium Value,2.4967148488830486,319.76018421052635,3837.122210526316,High Value,Repeat Customer
16439.0,310.70000000000005,1,74,310.70000000000005,1,0,0.0,310.70000000000005,Low Value,1.0,310.70000000000005,3728.4000000000005,High Value,Single Purchase
16440.0,3856.9700000000003,6,2108,642.8283333333334,6,486,16.2,3856.9700000000003,High Value,15.965834428383705,241.57647489711937,2898.9176987654323,Medium Value,Repeat Customer
16441.0,1019.13,5,478,203.826,5,559,18.63,1019.13,Medium Value,18.363994743758212,55.49609516994634,665.9531420393561,Low Value,Repeat Customer
16442.0,891.98,5,580,178.39600000000002,5,725,24.17,891.98,Medium Value,23.817345597897503,37.45085682758621,449.4102819310345,Low Value,Repeat Customer
16443.0,162.24,1,96,162.24,1,0,0.0,162.24,Low Value,1.0,162.24,1946.88,Medium Value,Single Purchase
16444.0,3625.88,17,1945,213.2870588235294,17,578,19.27,3625.88,High Value,18.988173455978973,190.9546491349481,2291.4557896193774,Medium Value,Repeat Customer
16445.0,583.16,4,287,145.79,4,377,12.57,583.16,Medium Value,12.3850197109067,47.085916180371356,565.0309941644563,Low Value,Repeat Customer
16446.0,168472.5,2,80997,84236.25,2,204,6.8,168472.5,High Value,6.701708278580814,25138.739705882355,301664.87647058826,High Value,Repeat Customer
16447.0,727.1,3,315,242.36666666666667,3,524,17.47,727.1,Medium Value,17.21419185282523,42.238404580152675,506.8608549618321,Low Value,Repeat Customer
16448.0,361.12,2,176,180.56,2,272,9.07,361.12,Low Value,8.935611038107753,40.41357647058823,484.9629176470588,Low Value,Repeat Customer
16449.0,707.69,2,367,353.845,2,82,2.73,707.69,Medium Value,2.6938239159001314,262.7083365853659,3152.5000390243904,Medium Value,Repeat Customer
16450.0,1505.73,3,681,501.91,3,506,16.87,1505.73,Medium Value,16.62286465177398,90.5818600790514,1086.9823209486167,Low Value,Repeat Customer
16451.0,1013.15,3,524,337.71666666666664,3,647,21.57,1013.1499999999999,Medium Value,21.254927726675426,47.666593508500775,571.9991221020093,Low Value,Repeat Customer
16452.0,332.17,2,199,166.085,2,63,2.1,332.17,Low Value,2.0696452036793693,160.49610793650794,1925.9532952380953,Medium Value,Repeat Customer
16453.0,251.71,2,139,125.855,2,17,0.57,251.71,Low Value,1.0,251.71,3020.52,Medium Value,Repeat Customer
16454.0,30.950000000000003,4,9,7.737500000000001,4,566,18.87,30.950000000000003,Low Value,18.593955321944808,1.6645194346289756,19.974233215547706,Low Value,Repeat Customer
16455.0,3995.57,11,2851,363.2336363636364,11,556,18.53,3995.57,High Value,18.265440210249672,218.7502712230216,2625.003254676259,Medium Value,Repeat Customer
16456.0,6000.94,13,3296,461.6107692307692,13,521,17.37,6000.94,High Value,17.115637319316686,350.6115424184261,4207.338509021113,High Value,Repeat Customer
16457.0,208.36,1,140,208.36,1,0,0.0,208.36,Low Value,1.0,208.36,2500.32,Medium Value,Single Purchase
16458.0,5690.89,30,3395,189.69633333333334,30,559,18.63,5690.89,High Value,18.363994743758212,309.8939026833632,3718.7268322003583,High Value,Repeat Customer
16459.0,71.78999999999999,1,59,71.78999999999999,1,0,0.0,71.78999999999999,Low Value,1.0,71.78999999999999,861.4799999999999,Low Value,Single Purchase
16460.0,811.23,3,876,270.41,3,53,1.77,811.23,Medium Value,1.7411300919842312,465.92153207547176,5591.058384905661,High Value,Repeat Customer
16461.0,1545.83,3,933,515.2766666666666,3,468,15.6,1545.83,Medium Value,15.374507227332456,100.54501111111111,1206.5401333333334,Low Value,Repeat Customer
16462.0,136.0,3,16,45.333333333333336,3,210,7.0,136.0,Low Value,6.898817345597897,19.71352380952381,236.56228571428574,Low Value,Repeat Customer
16463.0,1422.4,4,1163,355.6,4,182,6.07,1422.4,Medium Value,5.978975032851511,237.9003076923077,2854.8036923076925,Medium Value,Repeat Customer
16464.0,1298.66,3,952,432.8866666666667,3,122,4.07,1298.66,Medium Value,4.0078843626806835,324.0263147540984,3888.3157770491807,High Value,Repeat Customer
16465.0,746.24,2,504,373.12,2,23,0.77,746.24,Medium Value,1.0,746.24,8954.880000000001,High Value,Repeat Customer
16466.0,3767.09,15,1777,251.13933333333335,15,608,20.27,3767.09,High Value,19.97371879106439,188.60233486842105,2263.2280184210526,Medium Value,Repeat Customer
16467.0,2869.16,7,7384,409.88,7,228,7.6,2869.16,High Value,7.490144546649145,383.05802807017545,4596.696336842106,High Value,Repeat Customer
16468.0,787.52,3,371,262.50666666666666,3,407,13.57,787.52,Medium Value,13.370565045992116,58.89953022113022,706.7943626535626,Low Value,Repeat Customer
16469.0,803.9,5,332,160.78,5,490,16.33,803.9,Medium Value,16.09724047306176,49.940236734693876,599.2828408163265,Low Value,Repeat Customer
16470.0,2416.85,11,1335,219.71363636363637,11,676,22.53,2416.85,High Value,22.207621550591327,108.82975443786982,1305.9570532544378,Low Value,Repeat Customer
16471.0,1189.98,4,670,297.495,4,377,12.57,1189.98,Medium Value,12.3850197109067,96.08220477453582,1152.9864572944298,Low Value,Repeat Customer
16472.0,789.6,2,252,394.8,2,163,5.43,789.6,Medium Value,5.354796320630749,147.45658895705523,1769.4790674846627,Medium Value,Repeat Customer
16473.0,470.83,4,296,117.7075,4,209,6.97,470.83,Medium Value,6.865965834428383,68.57447464114833,822.8936956937799,Low Value,Repeat Customer
16474.0,1810.65,7,909,258.6642857142857,7,137,4.57,1810.65,High Value,4.50065703022339,402.30792700729927,4827.6951240875915,High Value,Repeat Customer
16475.0,544.3,4,319,136.075,4,185,6.17,544.3,Medium Value,6.077529566360052,89.5594162162162,1074.7129945945944,Low Value,Repeat Customer
16476.0,350.35,1,187,350.35,1,0,0.0,350.35,Low Value,1.0,350.35,4204.200000000001,High Value,Single Purchase
16477.0,4094.37,11,2507,372.2154545454545,11,421,14.03,4094.37,High Value,13.830486202365309,296.03948408551065,3552.473809026128,High Value,Repeat Customer
16478.0,331.0,3,224,110.33333333333333,3,40,1.33,331.0,Low Value,1.314060446780552,251.891,3022.692,Medium Value,Repeat Customer
16479.0,300.83,2,102,150.415,2,0,0.0,300.83,Low Value,1.0,300.83,3609.96,High Value,Repeat Customer
16480.0,769.29,1,455,769.29,1,0,0.0,769.29,Medium Value,1.0,769.29,9231.48,High Value,Single Purchase
16481.0,453.38,1,201,453.38,1,0,0.0,453.38,Low Value,1.0,453.38,5440.5599999999995,High Value,Single Purchase
16482.0,220.62,1,346,220.62,1,0,0.0,220.62,Low Value,1.0,220.62,2647.44,Medium Value,Single Purchase
16483.0,139.35,1,44,139.35,1,0,0.0,139.35,Low Value,1.0,139.35,1672.1999999999998,Medium Value,Single Purchase
16484.0,404.3,2,200,202.15,2,17,0.57,404.3,Low Value,1.0,404.3,4851.6,High Value,Repeat Customer
16485.0,2287.19,5,1153,457.438,5,656,21.87,2287.19,High Value,21.55059132720105,106.13119451219512,1273.5743341463415,Low Value,Repeat Customer
16486.0,134.36,1,24,134.36,1,0,0.0,134.36,Low Value,1.0,134.36,1612.3200000000002,Medium Value,Single Purchase
16487.0,209.4,2,163,104.7,2,81,2.7,209.4,Low Value,2.6609724047306176,78.69303703703704,944.3164444444445,Low Value,Repeat Customer
16488.0,498.8,3,728,166.26666666666668,3,115,3.83,498.80000000000007,Medium Value,3.7779237844940865,132.03019130434782,1584.362295652174,Medium Value,Repeat Customer
16489.0,303.7,2,38,151.85,2,55,1.83,303.7,Low Value,1.8068331143232588,168.08414545454545,2017.0097454545453,Medium Value,Repeat Customer
16490.0,205.41000000000003,1,113,205.41000000000003,1,0,0.0,205.41000000000003,Low Value,1.0,205.41000000000003,2464.92,Medium Value,Single Purchase
16491.0,1533.16,2,1060,766.58,2,366,12.2,1533.16,Medium Value,12.02365308804205,127.5119956284153,1530.1439475409836,Medium Value,Repeat Customer
16492.0,385.56,1,235,385.56,1,0,0.0,385.56,Low Value,1.0,385.56,4626.72,High Value,Single Purchase
16493.0,2132.09,7,1988,304.5842857142857,7,543,18.1,2132.09,High Value,17.83837056504599,119.52268802946594,1434.2722563535913,Low Value,Repeat Customer
16494.0,826.53,1,675,826.53,1,0,0.0,826.53,Medium Value,1.0,826.53,9918.36,High Value,Single Purchase
16495.0,648.26,3,328,216.08666666666667,3,272,9.07,648.26,Medium Value,8.935611038107753,72.54792058823529,870.5750470588234,Low Value,Repeat Customer
16496.0,2330.77,6,1764,388.46166666666664,6,500,16.67,2330.77,High Value,16.4257555847569,141.8972776,1702.7673312,Medium Value,Repeat Customer
16497.0,6695.28,23,3050,291.0991304347826,23,686,22.87,6695.28,High Value,22.536136662286463,297.0908501457726,3565.0902017492713,High Value,Repeat Customer
16498.0,100.97,2,45,50.485,2,0,0.0,100.97,Low Value,1.0,100.97,1211.6399999999999,Low Value,Repeat Customer
16499.0,2578.34,8,1364,322.2925,8,186,6.2,2578.34,High Value,6.110381077529566,421.9605892473119,5063.5270709677425,High Value,Repeat Customer
16500.0,843.9100000000001,9,386,93.76777777777778,9,538,17.93,843.9100000000001,Medium Value,17.67411300919842,47.74836505576209,572.9803806691451,Low Value,Repeat Customer
16501.0,1191.23,1,628,1191.23,1,0,0.0,1191.23,Medium Value,1.0,1191.23,14294.76,High Value,Single Purchase
16502.0,258.55,2,220,129.275,2,0,0.0,258.55,Low Value,1.0,258.55,3102.6000000000004,Medium Value,Repeat Customer
16503.0,3614.34,11,1535,328.5763636363636,11,429,14.3,3614.3399999999997,High Value,14.09329829172142,256.45806433566435,3077.496772027972,Medium Value,Repeat Customer
16504.0,465.88,1,510,465.88,1,0,0.0,465.88,Medium Value,1.0,465.88,5590.5599999999995,High Value,Single Purchase
16505.0,777.6,1,576,777.6,1,0,0.0,777.6,Medium Value,1.0,777.6,9331.2,High Value,Single Purchase
16506.0,90.30000000000001,2,42,45.150000000000006,2,20,0.67,90.30000000000001,Low Value,1.0,90.30000000000001,1083.6000000000001,Low Value,Repeat Customer
16507.0,142.71,1,111,142.71,1,0,0.0,142.71,Low Value,1.0,142.71,1712.52,Medium Value,Single Purchase
16508.0,240.95,1,103,240.95,1,0,0.0,240.95,Low Value,1.0,240.95,2891.3999999999996,Medium Value,Single Purchase
16509.0,363.7,1,64,363.7,1,0,0.0,363.7,Low Value,1.0,363.7,4364.4,High Value,Single Purchase
16510.0,1777.5,6,930,296.25,6,319,10.63,1777.5,High Value,10.4796320630749,169.61473354231975,2035.376802507837,Medium Value,Repeat Customer
16511.0,1760.49,6,769,293.415,6,626,20.87,1760.4900000000002,High Value,20.565045992115635,85.60593546325879,1027.2712255591055,Low Value,Repeat Customer
16513.0,874.59,4,407,218.6475,4,38,1.27,874.59,Medium Value,1.2483574244415243,700.5926210526316,8407.11145263158,High Value,Repeat Customer
16515.0,3179.06,10,1573,317.906,10,488,16.27,3179.06,High Value,16.031537450722734,198.3003819672131,2379.6045836065573,Medium Value,Repeat Customer
16516.0,101.69999999999999,1,58,101.69999999999999,1,0,0.0,101.69999999999999,Low Value,1.0,101.69999999999999,1220.3999999999999,Low Value,Single Purchase
16517.0,162.7,1,96,162.7,1,0,0.0,162.7,Low Value,1.0,162.7,1952.3999999999999,Medium Value,Single Purchase
16518.0,959.37,4,524,239.8425,4,495,16.5,959.37,Medium Value,16.26149802890933,58.9964096969697,707.9569163636364,Low Value,Repeat Customer
16519.0,439.06,4,150,109.765,4,623,20.77,439.06,Low Value,20.466491458607095,21.45262664526485,257.4315197431782,Low Value,Repeat Customer
16520.0,2148.38,6,1045,358.06333333333333,6,460,15.33,2148.38,High Value,15.111695137976346,142.16671130434784,1706.0005356521742,Medium Value,Repeat Customer
16521.0,1140.11,3,1014,380.03666666666663,3,232,7.73,1140.11,Medium Value,7.621550591327201,149.5902948275862,1795.0835379310345,Medium Value,Repeat Customer
16522.0,433.36,2,212,216.68,2,14,0.47,433.36,Low Value,1.0,433.36,5200.32,High Value,Repeat Customer
16523.0,11916.33,28,4979,425.5832142857143,28,682,22.73,11916.33,High Value,22.404730617608408,531.8666938416422,6382.400326099707,High Value,Repeat Customer
16524.0,306.19,2,259,153.095,2,245,8.17,306.19,Low Value,8.04862023653088,38.04254530612245,456.5105436734694,Low Value,Repeat Customer
16525.0,24151.3,48,14430,503.15208333333334,48,735,24.5,24151.3,High Value,24.14586070959264,1000.225268027211,12002.703216326532,High Value,Repeat Customer
16526.0,717.21,2,279,358.605,2,412,13.73,717.21,Medium Value,13.534822601839684,52.98998155339806,635.8797786407767,Low Value,Repeat Customer
16527.0,1232.94,2,708,616.47,2,343,11.43,1232.94,Medium Value,11.268068331143231,109.41893177842567,1313.0271813411082,Low Value,Repeat Customer
16528.0,244.41,1,171,244.41,1,0,0.0,244.41,Low Value,1.0,244.41,2932.92,Medium Value,Single Purchase
16529.0,1986.8,4,739,496.7,4,340,11.33,1986.8,High Value,11.169513797634691,177.87703529411763,2134.5244235294117,Medium Value,Repeat Customer
16530.0,48.349999999999994,1,17,48.349999999999994,1,0,0.0,48.349999999999994,Low Value,1.0,48.349999999999994,580.1999999999999,Low Value,Single Purchase
16531.0,2298.33,11,1863,208.9390909090909,11,419,13.97,2298.33,High Value,13.764783180026281,166.97175465393795,2003.6610558472553,Medium Value,Repeat Customer
16532.0,8756.64,5,2544,1751.328,5,603,20.1,8756.64,High Value,19.80946123521682,442.04331940298505,5304.51983283582,High Value,Repeat Customer
16533.0,1082.81,3,611,360.93666666666667,3,48,1.6,1082.81,Medium Value,1.5768725361366622,686.6820083333333,8240.1841,High Value,Repeat Customer
16534.0,635.9,1,168,635.9,1,0,0.0,635.9,Medium Value,1.0,635.9,7630.799999999999,High Value,Single Purchase
16535.0,972.04,3,664,324.0133333333333,3,674,22.47,972.04,Medium Value,22.141918528252297,43.90044154302671,526.8052985163205,Low Value,Repeat Customer
16536.0,548.12,1,250,548.12,1,0,0.0,548.12,Medium Value,1.0,548.12,6577.4400000000005,High Value,Single Purchase
16537.0,23.35,1,59,23.35,1,0,0.0,23.35,Low Value,1.0,23.35,280.20000000000005,Low Value,Single Purchase
16538.0,395.07,3,254,131.69,3,54,1.8,395.07,Low Value,1.773981603153745,222.70242222222222,2672.4290666666666,Medium Value,Repeat Customer
16539.0,3289.66,10,1014,328.966,10,529,17.63,3289.66,High Value,17.378449408672797,189.2953693761815,2271.544432514178,Medium Value,Repeat Customer
16540.0,205.75,1,105,205.75,1,0,0.0,205.75,Low Value,1.0,205.75,2469.0,Medium Value,Single Purchase
16541.0,424.03,1,173,424.03,1,0,0.0,424.03,Low Value,1.0,424.03,5088.36,High Value,Single Purchase
16542.0,257.32,2,142,128.66,2,347,11.57,257.32,Low Value,11.399474375821287,22.572970605187322,270.87564726224787,Low Value,Repeat Customer
16543.0,292.21,1,317,292.21,1,0,0.0,292.21,Low Value,1.0,292.21,3506.5199999999995,High Value,Single Purchase
16544.0,376.70000000000005,4,150,94.17500000000001,4,142,4.73,376.70000000000005,Low Value,4.664914586070959,80.75174647887324,969.0209577464789,Low Value,Repeat Customer
16545.0,689.82,2,322,344.91,2,210,7.0,689.82,Medium Value,6.898817345597897,99.99105142857144,1199.8926171428573,Low Value,Repeat Customer
16546.0,5307.07,5,4211,1061.414,5,151,5.03,5307.07,High Value,4.9605781865965834,1069.8490781456953,12838.188937748344,High Value,Repeat Customer
16547.0,104.25999999999999,1,108,104.25999999999999,1,0,0.0,104.25999999999999,Low Value,1.0,104.25999999999999,1251.12,Low Value,Single Purchase
16548.0,30.15,1,6,30.15,1,0,0.0,30.15,Low Value,1.0,30.15,361.79999999999995,Low Value,Single Purchase
16549.0,12781.8,34,7087,375.93529411764706,34,610,20.33,12781.8,High Value,20.039421813403415,637.8327737704918,7653.993285245902,High Value,Repeat Customer
16550.0,8813.58,18,5405,489.6433333333333,18,628,20.93,8813.58,High Value,20.630749014454665,427.2060114649681,5126.472137579618,High Value,Repeat Customer
16551.0,2237.12,7,2076,319.5885714285714,7,630,21.0,2237.12,High Value,20.69645203679369,108.09195682539684,1297.103481904762,Low Value,Repeat Customer
16552.0,379.73,2,219,189.865,2,130,4.33,379.73,Low Value,4.270696452036794,88.91524,1066.98288,Low Value,Repeat Customer
16553.0,16584.01,33,16427,502.54575757575753,33,502,16.73,16584.01,High Value,16.491458607095925,1005.6120804780876,12067.344965737051,High Value,Repeat Customer
16554.0,2841.72,8,1346,355.215,8,682,22.73,2841.72,High Value,22.404730617608408,126.8357137829912,1522.0285653958945,Medium Value,Repeat Customer
16555.0,1915.68,6,1816,319.28000000000003,6,470,15.67,1915.6800000000003,High Value,15.440210249671484,124.07084936170214,1488.8501923404258,Medium Value,Repeat Customer
16556.0,8012.58,17,4353,471.32823529411763,17,666,22.2,8012.58,High Value,21.879106438896187,366.22062342342343,4394.647481081081,High Value,Repeat Customer
16557.0,281.85,2,111,140.925,2,113,3.77,281.85,Low Value,3.712220762155059,75.92490265486727,911.0988318584073,Low Value,Repeat Customer
16558.0,13304.11,38,7813,350.10815789473685,38,735,24.5,13304.11,High Value,24.14586070959264,550.9892631292518,6611.871157551021,High Value,Repeat Customer
16559.0,175.0,1,61,175.0,1,0,0.0,175.0,Low Value,1.0,175.0,2100.0,Medium Value,Single Purchase
16560.0,3048.38,8,1603,381.0475,8,704,23.47,3048.38,High Value,23.127463863337713,131.80779431818183,1581.693531818182,Medium Value,Repeat Customer
16561.0,511.12,2,244,255.56,2,54,1.8,511.12,Medium Value,1.773981603153745,288.12023703703704,3457.4428444444447,High Value,Repeat Customer
16562.0,223.85999999999999,1,264,223.85999999999999,1,0,0.0,223.85999999999999,Low Value,1.0,223.85999999999999,2686.3199999999997,Medium Value,Single Purchase
16563.0,4412.56,6,2584,735.4266666666667,6,684,22.8,4412.56,High Value,22.470433639947437,196.37182222222225,2356.461866666667,Medium Value,Repeat Customer
16564.0,87.8,1,40,87.8,1,0,0.0,87.8,Low Value,1.0,87.8,1053.6,Low Value,Single Purchase
16565.0,773.05,4,211,193.2625,4,191,6.37,773.05,Medium Value,6.274638633377135,123.20231413612565,1478.4277696335078,Medium Value,Repeat Customer
16566.0,614.66,5,362,122.93199999999999,5,277,9.23,614.66,Medium Value,9.099868593955321,67.54603032490975,810.5523638989171,Low Value,Repeat Customer
16567.0,865.6,2,996,432.8,2,142,4.73,865.6,Medium Value,4.664914586070959,185.55538028169013,2226.664563380282,Medium Value,Repeat Customer
16568.0,1020.9000000000001,2,366,510.45000000000005,2,213,7.1,1020.9000000000001,Medium Value,6.9973718791064385,145.89763380281693,1750.7716056338031,Medium Value,Repeat Customer
16569.0,1455.23,5,988,291.046,5,720,24.0,1455.23,Medium Value,23.653088042049934,61.52389055555556,738.2866866666667,Low Value,Repeat Customer
16570.0,7434.31,20,4292,371.7155,20,604,20.13,7434.31,High Value,19.842312746386334,374.66953046357617,4496.034365562914,High Value,Repeat Customer
16571.0,4248.74,10,3703,424.87399999999997,10,605,20.17,4248.74,High Value,19.87516425755585,213.77131504132228,2565.2557804958674,Medium Value,Repeat Customer
16572.0,1009.6,3,532,336.53333333333336,3,148,4.93,1009.6000000000001,Medium Value,4.862023653088042,207.65016216216216,2491.801945945946,Medium Value,Repeat Customer
16573.0,663.61,2,360,331.805,2,205,6.83,663.61,Medium Value,6.734559789750328,98.53799219512196,1182.4559063414636,Low Value,Repeat Customer
16574.0,1301.78,3,1002,433.9266666666667,3,587,19.57,1301.78,Medium Value,19.2838370565046,67.50627461669507,810.0752954003408,Low Value,Repeat Customer
16576.0,540.87,2,323,270.435,2,101,3.37,540.87,Medium Value,3.3180026281208934,163.0107207920792,1956.1286495049505,Medium Value,Repeat Customer
16577.0,380.0,1,142,380.0,1,0,0.0,380.0,Low Value,1.0,380.0,4560.0,High Value,Single Purchase
16578.0,156.6,1,108,156.6,1,0,0.0,156.6,Low Value,1.0,156.6,1879.1999999999998,Medium Value,Single Purchase
16579.0,295.05,1,119,295.05,1,0,0.0,295.05,Low Value,1.0,295.05,3540.6000000000004,High Value,Single Purchase
16581.0,105.84,1,134,105.84,1,0,0.0,105.84,Low Value,1.0,105.84,1270.08,Low Value,Single Purchase
16582.0,313.62,1,164,313.62,1,0,0.0,313.62,Low Value,1.0,313.62,3763.44,High Value,Single Purchase
16583.0,297.95,2,153,148.975,2,299,9.97,297.95,Low Value,9.822601839684625,30.333103678929767,363.9972441471572,Low Value,Repeat Customer
16584.0,3156.17,5,1913,631.234,5,581,19.37,3156.17,High Value,19.086727989487514,165.35940585197937,1984.3128702237525,Medium Value,Repeat Customer
16585.0,341.59,2,151,170.795,2,101,3.37,341.59,Low Value,3.3180026281208934,102.95049108910891,1235.4058930693068,Low Value,Repeat Customer
16586.0,1462.78,3,348,487.5933333333333,3,386,12.87,1462.78,Medium Value,12.680683311432325,115.3549823834197,1384.2597886010362,Low Value,Repeat Customer
16587.0,225.15,1,71,225.15,1,0,0.0,225.15,Low Value,1.0,225.15,2701.8,Medium Value,Single Purchase
16588.0,1361.28,4,882,340.32,4,188,6.27,1361.28,Medium Value,6.176084099868594,220.41150638297873,2644.938076595745,Medium Value,Repeat Customer
16589.0,612.36,4,536,153.09,4,378,12.6,612.36,Medium Value,12.417871222076215,49.3128,591.7536,Low Value,Repeat Customer
16590.0,605.9,2,240,302.95,2,13,0.43,605.9,Medium Value,1.0,605.9,7270.799999999999,High Value,Repeat Customer
16591.0,213.5,1,41,213.5,1,0,0.0,213.5,Low Value,1.0,213.5,2562.0,Medium Value,Single Purchase
16592.0,7807.91,28,5504,278.8539285714286,28,716,23.87,7807.91,High Value,23.52168199737188,331.9452240223464,3983.342688268157,High Value,Repeat Customer
16593.0,1071.1399999999999,8,377,133.89249999999998,8,684,22.8,1071.1399999999999,Medium Value,22.470433639947437,47.66886198830409,572.026343859649,Low Value,Repeat Customer
16594.0,181.09,1,64,181.09,1,0,0.0,181.09,Low Value,1.0,181.09,2173.08,Medium Value,Single Purchase
16595.0,1757.75,5,1331,351.55,5,630,21.0,1757.75,High Value,20.69645203679369,84.93001587301588,1019.1601904761906,Low Value,Repeat Customer
16596.0,458.98,4,180,114.745,4,713,23.77,458.98,Low Value,23.423127463863338,19.595162973352036,235.14195568022444,Low Value,Repeat Customer
16597.0,90.04,1,184,90.04,1,0,0.0,90.04,Low Value,1.0,90.04,1080.48,Low Value,Single Purchase
16598.0,145.04999999999998,1,73,145.04999999999998,1,0,0.0,145.04999999999998,Low Value,1.0,145.04999999999998,1740.6,Medium Value,Single Purchase
16599.0,172.8,1,159,172.8,1,0,0.0,172.8,Low Value,1.0,172.8,2073.6000000000004,Medium Value,Single Purchase
16600.0,2153.41,13,2420,165.64692307692306,13,717,23.9,2153.41,High Value,23.554533508541393,91.42231576011157,1097.0677891213388,Low Value,Repeat Customer
16601.0,677.0,3,391,225.66666666666666,3,582,19.4,677.0,Medium Value,19.11957950065703,35.40872852233677,424.9047422680413,Low Value,Repeat Customer
16602.0,763.33,2,429,381.665,2,352,11.73,763.33,Medium Value,11.563731931668856,66.01069659090909,792.128359090909,Low Value,Repeat Customer
16603.0,482.47,2,480,241.235,2,16,0.53,482.47,Medium Value,1.0,482.47,5789.64,High Value,Repeat Customer
16604.0,432.45,2,175,216.225,2,5,0.17,432.45,Low Value,1.0,432.45,5189.4,High Value,Repeat Customer
16605.0,60.48,1,144,60.48,1,0,0.0,60.48,Low Value,1.0,60.48,725.76,Low Value,Single Purchase
16606.0,357.66,2,148,178.83,2,30,1.0,357.66,Low Value,1.0,357.66,4291.92,High Value,Repeat Customer
16607.0,5706.87,25,4436,228.2748,25,571,19.03,5706.87,High Value,18.758212877792378,304.23313975481614,3650.7976770577934,High Value,Repeat Customer
16608.0,1286.6200000000001,2,612,643.3100000000001,2,209,6.97,1286.6200000000001,Medium Value,6.865965834428383,187.39097033492826,2248.691644019139,Medium Value,Repeat Customer
16609.0,5493.46,7,2420,784.78,7,237,7.9,5493.46,High Value,7.7858081471747695,705.573512236287,8466.882146835444,High Value,Repeat Customer
16610.0,75.66,1,66,75.66,1,0,0.0,75.66,Low Value,1.0,75.66,907.92,Low Value,Single Purchase
16611.0,1785.13,6,874,297.5216666666667,6,452,15.07,1785.13,High Value,14.848883048620236,120.2198168141593,1442.6378017699117,Low Value,Repeat Customer
16612.0,3245.43,9,1419,360.6033333333333,9,703,23.43,3245.43,High Value,23.0946123521682,140.52758065433855,1686.3309678520627,Medium Value,Repeat Customer
16613.0,618.59,1,293,618.59,1,0,0.0,618.59,Medium Value,1.0,618.59,7423.08,High Value,Single Purchase
16614.0,1179.79,3,349,393.2633333333333,3,395,13.17,1179.79,Medium Value,12.976346911957949,90.91850025316457,1091.0220030379749,Low Value,Repeat Customer
16615.0,291.5,1,211,291.5,1,0,0.0,291.5,Low Value,1.0,291.5,3498.0,High Value,Single Purchase
16616.0,500.42,2,370,250.21,2,142,4.73,500.42,Medium Value,4.664914586070959,107.2731323943662,1287.2775887323944,Low Value,Repeat Customer
16617.0,151.85,1,91,151.85,1,0,0.0,151.85,Low Value,1.0,151.85,1822.1999999999998,Medium Value,Single Purchase
16618.0,2647.59,5,1363,529.518,5,291,9.7,2647.59,High Value,9.559789750328514,276.9506515463918,3323.4078185567014,Medium Value,Repeat Customer
16619.0,1938.33,4,1055,484.5825,4,391,13.03,1938.33,High Value,12.844940867279893,150.90221278772378,1810.8265534526854,Medium Value,Repeat Customer
16620.0,1758.93,6,1146,293.15500000000003,6,734,24.47,1758.9300000000003,High Value,24.113009198423125,72.94527138964578,875.3432566757494,Low Value,Repeat Customer
16621.0,813.48,4,302,203.37,4,226,7.53,813.48,Medium Value,7.424441524310118,109.56783716814161,1314.8140460176992,Low Value,Repeat Customer
16622.0,225.4,1,44,225.4,1,0,0.0,225.4,Low Value,1.0,225.4,2704.8,Medium Value,Single Purchase
16623.0,1015.24,4,442,253.81,4,346,11.53,1015.24,Medium Value,11.366622864651774,89.31764624277457,1071.8117549132949,Low Value,Repeat Customer
16624.0,810.5699999999999,2,488,405.28499999999997,2,116,3.87,810.5699999999999,Medium Value,3.8107752956636003,212.70474827586207,2552.4569793103447,Medium Value,Repeat Customer
16625.0,1654.03,5,1057,330.806,5,269,8.97,1654.03,High Value,8.83705650459921,187.16978884758365,2246.037466171004,Medium Value,Repeat Customer
16626.0,4413.1,17,2690,259.59411764705885,17,265,8.83,4413.1,High Value,8.705650459921156,506.9236377358491,6083.08365283019,High Value,Repeat Customer
16627.0,322.8,1,162,322.8,1,0,0.0,322.8,Low Value,1.0,322.8,3873.6000000000004,High Value,Single Purchase
16628.0,2318.1,7,1260,331.15714285714284,7,612,20.4,2318.1,High Value,20.105124835742444,115.29896078431372,1383.5875294117645,Low Value,Repeat Customer
16629.0,408.63,2,489,204.315,2,22,0.73,408.63,Low Value,1.0,408.63,4903.5599999999995,High Value,Repeat Customer
16630.0,106.80000000000001,1,72,106.80000000000001,1,0,0.0,106.80000000000001,Low Value,1.0,106.80000000000001,1281.6000000000001,Low Value,Single Purchase
16631.0,1892.52,7,775,270.36,7,170,5.67,1892.52,High Value,5.5847568988173455,338.87240470588233,4066.468856470588,High Value,Repeat Customer
16632.0,406.4,2,256,203.2,2,95,3.17,406.4,Low Value,3.1208935611038107,130.21911578947368,1562.6293894736841,Medium Value,Repeat Customer
16633.0,2883.1,6,1138,480.51666666666665,6,216,7.2,2883.1,High Value,7.09592641261498,406.303537037037,4875.642444444444,High Value,Repeat Customer
16634.0,1649.81,6,1257,274.9683333333333,6,465,15.5,1649.81,High Value,15.275952693823916,108.00046537634408,1296.005584516129,Low Value,Repeat Customer
16635.0,473.0,1,277,473.0,1,0,0.0,473.0,Medium Value,1.0,473.0,5676.0,High Value,Single Purchase
16636.0,3802.04,4,2186,950.51,4,207,6.9,3802.04,High Value,6.800262812089356,559.1019207729469,6709.223049275362,High Value,Repeat Customer
16637.0,1154.47,4,927,288.6175,4,193,6.43,1154.47,Medium Value,6.340341655716163,182.0832476683938,2184.9989720207254,Medium Value,Repeat Customer
16638.0,2380.13,15,1627,158.67533333333333,15,455,15.17,2380.13,High Value,14.947437582128778,159.23331252747252,1910.7997503296701,Medium Value,Repeat Customer
16639.0,1747.98,4,751,436.995,4,377,12.57,1747.98,High Value,12.3850197109067,141.13663448275864,1693.6396137931038,Medium Value,Repeat Customer
16640.0,179.4,1,146,179.4,1,0,0.0,179.4,Low Value,1.0,179.4,2152.8,Medium Value,Single Purchase
16641.0,554.5,2,454,277.25,2,596,19.87,554.5,Medium Value,19.579500657030223,28.32043624161074,339.8452348993289,Low Value,Repeat Customer
16642.0,1077.45,3,775,359.15000000000003,3,410,13.67,1077.45,Medium Value,13.469119579500656,79.99409268292683,959.929112195122,Low Value,Repeat Customer
16643.0,923.11,2,553,461.555,2,176,5.87,923.11,Medium Value,5.781865965834428,159.65607045454547,1915.8728454545458,Medium Value,Repeat Customer
16644.0,833.78,2,826,416.89,2,34,1.13,833.78,Medium Value,1.1169513797634691,746.4783294117647,8957.739952941176,High Value,Repeat Customer
16645.0,160.39,1,117,160.39,1,0,0.0,160.39,Low Value,1.0,160.39,1924.6799999999998,Medium Value,Single Purchase
16646.0,678.8,1,1072,678.8,1,0,0.0,678.8,Medium Value,1.0,678.8,8145.599999999999,High Value,Single Purchase
16647.0,541.9,4,396,135.475,4,374,12.47,541.9,Medium Value,12.28646517739816,44.10544385026738,529.2653262032086,Low Value,Repeat Customer
16648.0,672.8,3,503,224.26666666666665,3,547,18.23,672.8,Medium Value,17.969776609724047,37.44064351005484,449.2877221206581,Low Value,Repeat Customer
16649.0,306.58000000000004,1,82,306.58000000000004,1,0,0.0,306.58000000000004,Low Value,1.0,306.58000000000004,3678.9600000000005,High Value,Single Purchase
16650.0,1916.11,7,1511,273.72999999999996,7,447,14.9,1916.1099999999997,High Value,14.684625492772668,130.4840903803132,1565.8090845637585,Medium Value,Repeat Customer
16651.0,136.2,1,60,136.2,1,0,0.0,136.2,Low Value,1.0,136.2,1634.3999999999999,Medium Value,Single Purchase
16652.0,17550.39,16,7477,1096.899375,16,573,19.1,17550.39,High Value,18.823915900131404,932.3453256544503,11188.143907853404,High Value,Repeat Customer
16653.0,1212.66,2,733,606.33,2,55,1.83,1212.66,Medium Value,1.8068331143232588,671.1521890909091,8053.82626909091,High Value,Repeat Customer
16654.0,1484.07,8,640,185.50875,8,471,15.7,1484.07,Medium Value,15.473061760840999,95.91314394904458,1150.957727388535,Low Value,Repeat Customer
16655.0,6423.26,13,3938,494.0969230769231,13,659,21.97,6423.26,High Value,21.64914586070959,296.6980795144158,3560.3769541729894,High Value,Repeat Customer
16656.0,16833.170000000002,30,15433,561.1056666666667,30,713,23.77,16833.170000000002,High Value,23.423127463863338,718.6559534361852,8623.871441234223,High Value,Repeat Customer
16657.0,874.43,4,1130,218.6075,4,244,8.13,874.43,Medium Value,8.015768725361367,109.08872622950818,1309.064714754098,Low Value,Repeat Customer
16658.0,690.83,6,277,115.13833333333334,6,250,8.33,690.83,Medium Value,8.21287779237845,84.11546080000001,1009.3855296000002,Low Value,Repeat Customer
16659.0,39.12,1,72,39.12,1,0,0.0,39.12,Low Value,1.0,39.12,469.43999999999994,Low Value,Single Purchase
16660.0,1879.55,7,991,268.50714285714287,7,678,22.6,1879.5500000000002,High Value,22.273324572930353,84.38569616519175,1012.628353982301,Low Value,Repeat Customer
16661.0,932.76,4,364,233.19,4,181,6.03,932.76,Medium Value,5.946123521681997,156.86858784530386,1882.4230541436464,Medium Value,Repeat Customer
16662.0,151.05,1,35,151.05,1,0,0.0,151.05,Low Value,1.0,151.05,1812.6000000000001,Medium Value,Single Purchase
16663.0,165.0,1,100,165.0,1,0,0.0,165.0,Low Value,1.0,165.0,1980.0,Medium Value,Single Purchase
16664.0,109.2,1,24,109.2,1,0,0.0,109.2,Low Value,1.0,109.2,1310.4,Low Value,Single Purchase
16665.0,135.39999999999998,1,59,135.39999999999998,1,0,0.0,135.39999999999998,Low Value,1.0,135.39999999999998,1624.7999999999997,Medium Value,Single Purchase
16666.0,217.71,2,354,108.855,2,601,20.03,217.71,Low Value,19.743758212877793,11.026776039933445,132.32131247920134,Low Value,Repeat Customer
16667.0,567.1800000000001,2,236,283.59000000000003,2,216,7.2,567.1800000000001,Medium Value,7.09592641261498,79.93036666666669,959.1644000000002,Low Value,Repeat Customer
16668.0,862.42,13,773,66.34,13,615,20.5,862.4200000000001,Medium Value,20.203679369250985,42.686284227642275,512.2354107317074,Low Value,Repeat Customer
16669.0,1348.88,3,881,449.6266666666667,3,54,1.8,1348.88,Medium Value,1.773981603153745,760.368651851852,9124.423822222223,High Value,Repeat Customer
16670.0,8030.150000000001,20,4534,401.50750000000005,20,712,23.73,8030.1500000000015,High Value,23.390275952693823,343.31146910112363,4119.737629213483,High Value,Repeat Customer
16671.0,1692.27,3,875,564.09,3,136,4.53,1692.27,High Value,4.467805519053877,378.76984411764704,4545.238129411764,High Value,Repeat Customer
16672.0,8134.9400000000005,20,2832,406.747,20,264,8.8,8134.9400000000005,High Value,8.672798948751643,937.9832333333334,11255.7988,High Value,Repeat Customer
16673.0,171.13,1,95,171.13,1,0,0.0,171.13,Low Value,1.0,171.13,2053.56,Medium Value,Single Purchase
16674.0,304.24,2,181,152.12,2,43,1.43,304.24,Low Value,1.4126149802890933,215.37361860465117,2584.483423255814,Medium Value,Repeat Customer
16675.0,608.86,2,296,304.43,2,36,1.2,608.86,Medium Value,1.1826544021024967,514.8249555555556,6177.899466666667,High Value,Repeat Customer
16676.0,2361.9,6,927,393.65000000000003,6,384,12.8,2361.9,High Value,12.614980289093298,187.22978125,2246.757375,Medium Value,Repeat Customer
16677.0,880.62,2,457,440.31,2,240,8.0,880.62,Medium Value,7.884362680683311,111.69197000000001,1340.30364,Low Value,Repeat Customer
16678.0,3109.99,12,2397,259.1658333333333,12,280,9.33,3109.99,High Value,9.198423127463863,338.1003414285714,4057.204097142857,High Value,Repeat Customer
16679.0,663.31,3,247,221.10333333333332,3,180,6.0,663.31,Medium Value,5.913272010512483,112.1730911111111,1346.0770933333333,Low Value,Repeat Customer
16680.0,821.45,3,377,273.81666666666666,3,491,16.37,821.45,Medium Value,16.130091984231274,50.92655397148677,611.1186476578412,Low Value,Repeat Customer
16681.0,1921.84,7,1492,274.5485714285714,7,568,18.93,1921.8399999999997,High Value,18.659658344283837,102.99438309859154,1235.9325971830986,Low Value,Repeat Customer
16682.0,1028.0,5,1040,205.6,5,183,6.1,1028.0,Medium Value,6.011826544021025,170.99628415300546,2051.9554098360654,Medium Value,Repeat Customer
16683.0,320.25,1,190,320.25,1,0,0.0,320.25,Low Value,1.0,320.25,3843.0,High Value,Single Purchase
16684.0,147142.77,55,104810,2675.3230909090908,55,728,24.27,147142.77,High Value,23.915900131406044,6152.50813021978,73830.09756263735,High Value,Repeat Customer
16685.0,324.24,2,396,162.12,2,0,0.0,324.24,Low Value,1.0,324.24,3890.88,High Value,Repeat Customer
16686.0,4881.07,16,3419,305.066875,16,685,22.83,4881.07,High Value,22.503285151116952,216.90477489051094,2602.8572986861313,Medium Value,Repeat Customer
16687.0,157.63,1,141,157.63,1,0,0.0,157.63,Low Value,1.0,157.63,1891.56,Medium Value,Single Purchase
16688.0,1260.86,4,804,315.215,4,59,1.97,1260.86,Medium Value,1.938239159001314,650.5182779661017,7806.2193355932195,High Value,Repeat Customer
16689.0,422.59999999999997,2,330,211.29999999999998,2,6,0.2,422.59999999999997,Low Value,1.0,422.59999999999997,5071.2,High Value,Repeat Customer
16690.0,353.03,4,209,88.2575,4,379,12.63,353.03,Low Value,12.450722733245728,28.354177308707126,340.2501277044855,Low Value,Repeat Customer
16691.0,178.83,2,92,89.415,2,143,4.77,178.83,Low Value,4.697766097240473,38.06702937062937,456.80435244755245,Low Value,Repeat Customer
16692.0,1914.6999999999998,4,878,478.67499999999995,4,185,6.17,1914.6999999999998,High Value,6.077529566360052,315.04577297297294,3780.5492756756753,High Value,Repeat Customer
16693.0,1179.48,5,658,235.89600000000002,5,587,19.57,1179.48,Medium Value,19.2838370565046,61.16417580919932,733.9701097103919,Low Value,Repeat Customer
16694.0,98.30000000000001,1,26,98.30000000000001,1,0,0.0,98.30000000000001,Low Value,1.0,98.30000000000001,1179.6000000000001,Low Value,Single Purchase
16695.0,191.9,2,184,95.95,2,0,0.0,191.9,Low Value,1.0,191.9,2302.8,Medium Value,Repeat Customer
16696.0,657.9000000000001,4,146,164.47500000000002,4,112,3.73,657.9000000000001,Medium Value,3.679369250985545,178.80782142857146,2145.6938571428573,Medium Value,Repeat Customer
16697.0,112.75,1,27,112.75,1,0,0.0,112.75,Low Value,1.0,112.75,1353.0,Low Value,Single Purchase
16698.0,1998.0,2,840,999.0,2,26,0.87,1998.0,High Value,1.0,1998.0,23976.0,High Value,Repeat Customer
16699.0,994.6,7,640,142.0857142857143,7,355,11.83,994.6,Medium Value,11.662286465177397,85.28344788732396,1023.4013746478875,Low Value,Repeat Customer
16700.0,8830.77,25,6644,353.23080000000004,25,729,24.3,8830.77,High Value,23.94875164257556,368.73613004115225,4424.8335604938275,High Value,Repeat Customer
16701.0,9916.73,26,11046,381.4126923076923,26,729,24.3,9916.73,High Value,23.94875164257556,414.08129108367626,4968.975493004115,High Value,Repeat Customer
16702.0,1110.83,4,692,277.7075,4,316,10.53,1110.83,Medium Value,10.38107752956636,107.00526962025316,1284.063235443038,Low Value,Repeat Customer
16704.0,664.16,2,433,332.08,2,53,1.77,664.16,Medium Value,1.7411300919842312,381.4534037735849,4577.440845283019,High Value,Repeat Customer
16705.0,43515.051,42,22302,1036.072642857143,42,729,24.3,43515.051,High Value,23.94875164257556,1817.00706781893,21804.08481382716,High Value,Repeat Customer
16706.0,531.35,3,249,177.11666666666667,3,76,2.53,531.35,Medium Value,2.4967148488830486,212.81965789473685,2553.8358947368424,Medium Value,Repeat Customer
16707.0,533.41,4,396,133.3525,4,239,7.97,533.41,Medium Value,7.851511169513797,67.93724016736402,815.2468820083683,Low Value,Repeat Customer
16708.0,656.63,1,285,656.63,1,0,0.0,656.63,Medium Value,1.0,656.63,7879.5599999999995,High Value,Single Purchase
16709.0,9056.01,14,3261,646.8578571428571,14,645,21.5,9056.01,High Value,21.1892247043364,427.38751069767443,5128.650128372094,High Value,Repeat Customer
16710.0,5921.35,22,4174,269.15227272727276,22,716,23.87,5921.35,High Value,23.52168199737188,251.74007541899442,3020.8809050279333,Medium Value,Repeat Customer
16711.0,2868.48,9,1212,318.72,9,734,24.47,2868.4800000000005,High Value,24.113009198423125,118.95985177111717,1427.518221253406,Low Value,Repeat Customer
16712.0,4232.87,13,2074,325.6053846153846,13,391,13.03,4232.87,High Value,12.844940867279893,329.5359662404092,3954.4315948849107,High Value,Repeat Customer
16713.0,14115.56,32,8482,441.11125,32,705,23.5,14115.56,High Value,23.160315374507228,609.4718388652482,7313.662066382978,High Value,Repeat Customer
16714.0,1497.33,4,828,374.3325,4,451,15.03,1497.33,Medium Value,14.816031537450723,101.06147494456762,1212.7376993348114,Low Value,Repeat Customer
16715.0,625.52,2,1174,312.76,2,484,16.13,625.52,Medium Value,15.900131406044677,39.34055537190083,472.08666446280995,Low Value,Repeat Customer
16716.0,2149.6800000000003,3,912,716.5600000000001,3,363,12.1,2149.6800000000003,High Value,11.925098554533507,180.26517685950418,2163.18212231405,Medium Value,Repeat Customer
16717.0,6663.68,14,3145,475.9771428571429,14,708,23.6,6663.68,High Value,23.258869908015768,286.5005920903955,3438.0071050847464,High Value,Repeat Customer
16718.0,3006.08,5,1924,601.216,5,363,12.1,3006.08,High Value,11.925098554533507,252.080096969697,3024.961163636364,Medium Value,Repeat Customer
16719.0,3513.62,14,2356,250.97285714285712,14,711,23.7,3513.62,High Value,23.35742444152431,150.4284005625879,1805.140806751055,Medium Value,Repeat Customer
16720.0,758.74,3,460,252.91333333333333,3,695,23.17,758.74,Medium Value,22.831800262812088,33.23172028776979,398.7806434532375,Low Value,Repeat Customer
16721.0,292.47,1,172,292.47,1,0,0.0,292.47,Low Value,1.0,292.47,3509.6400000000003,High Value,Single Purchase
16722.0,8189.56,22,7986,372.25272727272727,22,718,23.93,8189.5599999999995,High Value,23.587385019710904,347.2008445682452,4166.410134818942,High Value,Repeat Customer
16723.0,1231.36,4,958,307.84,4,643,21.43,1231.36,Medium Value,21.12352168199737,58.293310108864695,699.5197213063764,Low Value,Repeat Customer
16724.0,147.35,1,69,147.35,1,0,0.0,147.35,Low Value,1.0,147.35,1768.1999999999998,Medium Value,Single Purchase
16725.0,1688.26,14,700,120.59,14,424,14.13,1688.26,High Value,13.92904073587385,121.20432641509434,1454.4519169811322,Medium Value,Repeat Customer
16726.0,2063.88,7,1323,294.84000000000003,7,384,12.8,2063.88,High Value,12.614980289093298,163.6054875,1963.2658500000002,Medium Value,Repeat Customer
16727.0,1377.77,4,1066,344.4425,4,324,10.8,1377.77,Medium Value,10.64388961892247,129.44234197530864,1553.3081037037036,Medium Value,Repeat Customer
16728.0,1048.28,4,671,262.07,4,218,7.27,1048.28,Medium Value,7.1616294349540075,146.37451009174313,1756.4941211009177,Medium Value,Repeat Customer
16729.0,7205.33,21,5722,343.11095238095237,21,203,6.77,7205.33,High Value,6.668856767411301,1080.444557635468,12965.334691625616,High Value,Repeat Customer
16730.0,743.11,3,994,247.70333333333335,3,267,8.9,743.11,Medium Value,8.771353482260183,84.72010636704121,1016.6412764044945,Low Value,Repeat Customer
16731.0,170.3,1,124,170.3,1,0,0.0,170.3,Low Value,1.0,170.3,2043.6000000000001,Medium Value,Single Purchase
16732.0,4387.64,4,2414,1096.91,4,699,23.3,4387.64,High Value,22.963206307490143,191.07262031473536,2292.8714437768244,Medium Value,Repeat Customer
16733.0,259.68,1,112,259.68,1,0,0.0,259.68,Low Value,1.0,259.68,3116.16,Medium Value,Single Purchase
16734.0,646.76,3,345,215.58666666666667,3,61,2.03,646.76,Medium Value,2.0039421813403417,322.7438426229508,3872.92611147541,High Value,Repeat Customer
16735.0,6217.41,14,4240,444.1007142857143,14,653,21.77,6217.41,High Value,21.45203679369251,289.8284232771822,3477.9410793261864,High Value,Repeat Customer
16736.0,2956.56,5,1050,591.312,5,230,7.67,2956.56,High Value,7.555847568988173,391.2942886956522,4695.531464347827,High Value,Repeat Customer
16737.0,835.1999999999999,2,576,417.59999999999997,2,524,17.47,835.1999999999999,Medium Value,17.21419185282523,48.518106870229005,582.217282442748,Low Value,Repeat Customer
16738.0,3.75,1,3,3.75,1,0,0.0,3.75,Low Value,1.0,3.75,45.0,Low Value,Single Purchase
16739.0,786.43,2,391,393.215,2,359,11.97,786.43,Medium Value,11.793692509855452,66.68225403899721,800.1870484679666,Low Value,Repeat Customer
16740.0,226.91,1,110,226.91,1,0,0.0,226.91,Low Value,1.0,226.91,2722.92,Medium Value,Single Purchase
16741.0,173.06,1,81,173.06,1,0,0.0,173.06,Low Value,1.0,173.06,2076.7200000000003,Medium Value,Single Purchase
16742.0,2799.87,14,2558,199.9907142857143,14,676,22.53,2799.87,High Value,22.207621550591327,126.07698639053254,1512.9238366863906,Medium Value,Repeat Customer
16743.0,4212.15,14,3707,300.86785714285713,14,566,18.87,4212.15,High Value,18.593955321944808,226.53329681978798,2718.3995618374556,Medium Value,Repeat Customer
16744.0,1291.91,7,798,184.55857142857144,7,161,5.37,1291.91,Medium Value,5.289093298291721,244.25925714285717,2931.1110857142858,Medium Value,Repeat Customer
16745.0,7180.7,17,6719,422.3941176470588,17,225,7.5,7180.7,High Value,7.391590013140604,971.4689244444445,11657.627093333334,High Value,Repeat Customer
16746.0,18046.75,42,11900,429.6845238095238,42,730,24.33,18046.75,High Value,23.98160315374507,752.5247534246577,9030.297041095891,High Value,Repeat Customer
16747.0,836.06,2,583,418.03,2,30,1.0,836.06,Medium Value,1.0,836.06,10032.72,High Value,Repeat Customer
16748.0,3637.33,14,2127,259.8092857142857,14,711,23.7,3637.33,High Value,23.35742444152431,155.72478931082983,1868.6974717299581,Medium Value,Repeat Customer
16749.0,4157.88,2,1910,2078.94,2,132,4.4,4157.88,High Value,4.336399474375821,958.8323272727273,11505.987927272727,High Value,Repeat Customer
16750.0,623.93,5,214,124.78599999999999,5,187,6.23,623.93,Medium Value,6.14323258869908,101.56379251336898,1218.7655101604278,Low Value,Repeat Customer
16751.0,1764.72,1,1031,1764.72,1,0,0.0,1764.72,High Value,1.0,1764.72,21176.64,High Value,Single Purchase
16752.0,207.5,1,54,207.5,1,0,0.0,207.5,Low Value,1.0,207.5,2490.0,Medium Value,Single Purchase
16753.0,223.92000000000002,1,189,223.92000000000002,1,0,0.0,223.92000000000002,Low Value,1.0,223.92000000000002,2687.04,Medium Value,Single Purchase
16754.0,65500.07,29,63551,2258.6231034482757,29,269,8.97,65500.07,High Value,8.83705650459921,7411.97818141264,88943.73817695168,High Value,Repeat Customer
16755.0,2864.68,7,1985,409.23999999999995,7,615,20.5,2864.68,High Value,20.203679369250985,141.7900149593496,1701.4801795121953,Medium Value,Repeat Customer
16756.0,1312.3700000000001,7,707,187.48142857142858,7,425,14.17,1312.3700000000001,Medium Value,13.961892247043364,93.99657129411766,1127.958855529412,Low Value,Repeat Customer
16757.0,270.48,2,180,135.24,2,90,3.0,270.48,Low Value,2.9566360052562417,91.48234666666667,1097.78816,Low Value,Repeat Customer
16758.0,369.34000000000003,1,203,369.34000000000003,1,0,0.0,369.34000000000003,Low Value,1.0,369.34000000000003,4432.08,High Value,Single Purchase
16759.0,789.79,3,609,263.2633333333333,3,23,0.77,789.79,Medium Value,1.0,789.79,9477.48,High Value,Repeat Customer
16760.0,228.0,1,168,228.0,1,0,0.0,228.0,Low Value,1.0,228.0,2736.0,Medium Value,Single Purchase
16761.0,316.62,1,341,316.62,1,0,0.0,316.62,Low Value,1.0,316.62,3799.44,High Value,Single Purchase
16762.0,1207.24,3,480,402.41333333333336,3,124,4.13,1207.24,Medium Value,4.073587385019711,296.35794838709677,3556.2953806451615,High Value,Repeat Customer
16763.0,964.6999999999999,2,492,482.34999999999997,2,539,17.97,964.6999999999999,Medium Value,17.706964520367936,54.48138775510204,653.7766530612245,Low Value,Repeat Customer
16764.0,2790.9500000000003,13,1253,214.68846153846155,13,139,4.63,2790.9500000000003,High Value,4.566360052562418,611.1979712230217,7334.37565467626,High Value,Repeat Customer
16765.0,454.75,2,311,227.375,2,88,2.93,454.75,Low Value,2.890932982917214,157.3021590909091,1887.6259090909093,Medium Value,Repeat Customer
16766.0,1145.6,2,536,572.8,2,0,0.0,1145.6,Medium Value,1.0,1145.6,13747.199999999999,High Value,Repeat Customer
16767.0,8056.76,15,7102,537.1173333333334,15,559,18.63,8056.76,High Value,18.363994743758212,438.72589338103757,5264.710720572451,High Value,Repeat Customer
16768.0,1698.57,9,774,188.73,9,684,22.8,1698.57,High Value,22.470433639947437,75.59133157894736,907.0959789473684,Low Value,Repeat Customer
16769.0,1117.05,4,295,279.2625,4,465,15.5,1117.05,Medium Value,15.275952693823916,73.12473548387096,877.4968258064516,Low Value,Repeat Customer
16770.0,1778.93,9,1052,197.6588888888889,9,416,13.87,1778.93,High Value,13.66622864651774,130.16978173076924,1562.0373807692308,Medium Value,Repeat Customer
16771.0,3949.6,10,2308,394.96,10,697,23.23,3949.6,High Value,22.897503285151117,172.49042180774748,2069.88506169297,Medium Value,Repeat Customer
16772.0,3698.0499999999997,3,687,1232.6833333333332,3,298,9.93,3698.0499999999993,High Value,9.789750328515112,377.7471208053691,4532.965449664429,High Value,Repeat Customer
16773.0,421.24,3,252,140.41333333333333,3,675,22.5,421.24,Low Value,22.174770039421812,18.996363851851854,227.95636622222224,Low Value,Repeat Customer
16774.0,1567.48,8,774,195.935,8,593,19.77,1567.48,Medium Value,19.48094612352168,80.46221112984824,965.5465335581789,Low Value,Repeat Customer
16775.0,2820.84,16,957,176.3025,16,431,14.37,2820.84,High Value,14.159001314060447,199.22591554524362,2390.7109865429234,Medium Value,Repeat Customer
16776.0,592.51,2,435,296.255,2,355,11.83,592.51,Medium Value,11.662286465177397,50.8056461971831,609.6677543661972,Low Value,Repeat Customer
16777.0,1292.18,5,470,258.43600000000004,5,552,18.4,1292.1800000000003,Medium Value,18.134034165571617,71.25717246376811,855.0860695652174,Low Value,Repeat Customer
16778.0,245.94,2,194,122.97,2,199,6.63,245.94,Low Value,6.5374507227332455,37.620168844221105,451.4420261306533,Low Value,Repeat Customer
16779.0,32809.03,53,19411,619.0383018867924,53,734,24.47,32809.03,High Value,24.113009198423125,1360.6360670299728,16327.632804359673,High Value,Repeat Customer
16780.0,596.4,3,352,198.79999999999998,3,306,10.2,596.4,Medium Value,10.052562417871222,59.3281568627451,711.9378823529412,Low Value,Repeat Customer
16781.0,623.0,2,192,311.5,2,297,9.9,623.0,Medium Value,9.756898817345597,63.8522558922559,766.2270707070708,Low Value,Repeat Customer
16782.0,9636.12,38,4027,253.58210526315793,38,720,24.0,9636.12,High Value,23.653088042049934,407.39374000000004,4888.724880000001,High Value,Repeat Customer
16783.0,391.95,1,163,391.95,1,0,0.0,391.95,Low Value,1.0,391.95,4703.4,High Value,Single Purchase
16784.0,892.33,5,494,178.466,5,601,20.03,892.33,Medium Value,19.743758212877793,45.195549417637274,542.3465930116473,Low Value,Repeat Customer
16785.0,533.78,1,313,533.78,1,0,0.0,533.78,Medium Value,1.0,533.78,6405.36,High Value,Single Purchase
16786.0,51.839999999999996,1,72,51.839999999999996,1,0,0.0,51.839999999999996,Low Value,1.0,51.839999999999996,622.0799999999999,Low Value,Single Purchase
16787.0,1017.53,4,472,254.3825,4,300,10.0,1017.53,Medium Value,9.85545335085414,103.24537733333334,1238.944528,Low Value,Repeat Customer
16788.0,1928.93,5,965,385.786,5,547,18.23,1928.93,High Value,17.969776609724047,107.34301499085925,1288.1161798903108,Low Value,Repeat Customer
16789.0,80.8,1,32,80.8,1,0,0.0,80.8,Low Value,1.0,80.8,969.5999999999999,Low Value,Single Purchase
16790.0,1545.6200000000001,6,898,257.60333333333335,6,34,1.13,1545.6200000000001,Medium Value,1.1169513797634691,1383.7844941176472,16605.413929411767,High Value,Repeat Customer
16791.0,3957.63,15,1854,263.842,15,707,23.57,3957.6299999999997,High Value,23.226018396846253,170.3964033946252,2044.7568407355025,Medium Value,Repeat Customer
16792.0,623.46,5,324,124.69200000000001,5,422,14.07,623.46,Medium Value,13.863337713534822,44.97185402843603,539.6622483412323,Low Value,Repeat Customer
16793.0,243.84,1,146,243.84,1,0,0.0,243.84,Low Value,1.0,243.84,2926.08,Medium Value,Single Purchase
16794.0,2052.7,15,1576,136.84666666666666,15,623,20.77,2052.7,High Value,20.466491458607095,100.29564686998394,1203.5477624398072,Low Value,Repeat Customer
16795.0,2062.41,3,1214,687.4699999999999,3,318,10.6,2062.41,High Value,10.446780551905388,197.42063018867924,2369.0475622641507,Medium Value,Repeat Customer
16796.0,305.62,1,186,305.62,1,0,0.0,305.62,Low Value,1.0,305.62,3667.44,High Value,Single Purchase
16797.0,1802.02,5,898,360.404,5,344,11.47,1802.02,High Value,11.300919842312746,159.45781627906976,1913.493795348837,Medium Value,Repeat Customer
16798.0,841.16,3,205,280.38666666666666,3,174,5.8,841.16,Medium Value,5.716162943495401,147.15465747126436,1765.8558896551722,Medium Value,Repeat Customer
16799.0,452.78000000000003,2,162,226.39000000000001,2,21,0.7,452.78000000000003,Low Value,1.0,452.78000000000003,5433.360000000001,High Value,Repeat Customer
16800.0,1162.65,1,524,1162.65,1,0,0.0,1162.65,Medium Value,1.0,1162.65,13951.800000000001,High Value,Single Purchase
16801.0,1594.23,4,493,398.5575,4,110,3.67,1594.23,High Value,3.6136662286465175,441.16692,5294.00304,High Value,Repeat Customer
16802.0,582.61,2,369,291.305,2,51,1.7,582.61,Medium Value,1.6754270696452036,347.73820392156864,4172.858447058824,High Value,Repeat Customer
16803.0,332.3,1,245,332.3,1,0,0.0,332.3,Low Value,1.0,332.3,3987.6000000000004,High Value,Single Purchase
16804.0,536.99,3,246,178.99666666666667,3,247,8.23,536.99,Medium Value,8.114323258869907,66.17803886639676,794.1364663967611,Low Value,Repeat Customer
16805.0,1091.34,5,1120,218.26799999999997,5,557,18.57,1091.34,Medium Value,18.298291721419183,59.641633034111315,715.6995964093358,Low Value,Repeat Customer
16806.0,762.16,4,356,190.54,4,135,4.5,762.16,Medium Value,4.434954007884363,171.85296592592593,2062.2355911111113,Medium Value,Repeat Customer
16807.0,2123.88,6,1433,353.98,6,480,16.0,2123.88,High Value,15.768725361366622,134.68939,1616.27268,Medium Value,Repeat Customer
16808.0,288.42,2,196,144.21,2,175,5.83,288.42,Low Value,5.7490144546649145,50.16859885714286,602.0231862857144,Low Value,Repeat Customer
16809.0,1727.43,9,1093,191.93666666666667,9,582,19.4,1727.43,High Value,19.11957950065703,90.34874432989692,1084.184931958763,Low Value,Repeat Customer
16810.0,842.0400000000001,2,372,421.02000000000004,2,228,7.6,842.0400000000001,Medium Value,7.490144546649145,112.41972631578949,1349.0367157894739,Low Value,Repeat Customer
16811.0,547.07,2,477,273.535,2,12,0.4,547.07,Medium Value,1.0,547.07,6564.84,High Value,Repeat Customer
16812.0,2392.0,4,1116,598.0,4,21,0.7,2392.0,High Value,1.0,2392.0,28704.0,High Value,Repeat Customer
16813.0,1652.18,10,1501,165.21800000000002,10,196,6.53,1652.1800000000003,High Value,6.438896189224704,256.59366938775514,3079.1240326530615,Medium Value,Repeat Customer
16814.0,11924.85,36,4844,331.24583333333334,36,593,19.77,11924.85,High Value,19.48094612352168,612.1288937605398,7345.546725126477,High Value,Repeat Customer
16815.0,406.02,2,237,203.01,2,82,2.73,406.02,Low Value,2.6938239159001314,150.7225463414634,1808.670556097561,Medium Value,Repeat Customer
16816.0,417.06,4,274,104.265,4,254,8.47,417.06,Low Value,8.344283837056505,49.981521259842516,599.7782551181102,Low Value,Repeat Customer
16817.0,2560.7,13,1401,196.97692307692307,13,429,14.3,2560.7,High Value,14.09329829172142,181.69628904428902,2180.3554685314684,Medium Value,Repeat Customer
16818.0,3349.57,11,2164,304.50636363636363,11,194,6.47,3349.5699999999997,High Value,6.3731931668856765,525.5717051546392,6306.86046185567,High Value,Repeat Customer
16819.0,182.59,2,253,91.295,2,0,0.0,182.59,Low Value,1.0,182.59,2191.08,Medium Value,Repeat Customer
16820.0,497.61,1,307,497.61,1,0,0.0,497.61,Medium Value,1.0,497.61,5971.32,High Value,Single Purchase
16821.0,113.35,1,13,113.35,1,0,0.0,113.35,Low Value,1.0,113.35,1360.1999999999998,Low Value,Single Purchase
16822.0,181.39,1,171,181.39,1,0,0.0,181.39,Low Value,1.0,181.39,2176.68,Medium Value,Single Purchase
16823.0,2243.09,7,1166,320.4414285714286,7,510,17.0,2243.09,High Value,16.754270696452036,133.8816854901961,1606.5802258823533,Medium Value,Repeat Customer
16824.0,686.24,3,390,228.74666666666667,3,378,12.6,686.24,Medium Value,12.417871222076215,55.26228994708995,663.1474793650793,Low Value,Repeat Customer
16825.0,1826.89,5,1297,365.37800000000004,5,495,16.5,1826.8900000000003,High Value,16.26149802890933,112.34450828282829,1348.1340993939393,Low Value,Repeat Customer
16826.0,341.7,1,158,341.7,1,0,0.0,341.7,Low Value,1.0,341.7,4100.4,High Value,Single Purchase
16827.0,392.13,5,125,78.426,5,195,6.5,392.13,Low Value,6.40604467805519,61.212498461538466,734.5499815384616,Low Value,Repeat Customer
16828.0,128.5,2,59,64.25,2,19,0.63,128.5,Low Value,1.0,128.5,1542.0,Medium Value,Repeat Customer
16829.0,513.32,2,215,256.66,2,231,7.7,513.32,Medium Value,7.588699080157687,67.64268744588746,811.7122493506495,Low Value,Repeat Customer
16830.0,1207.5,4,699,301.875,4,687,22.9,1207.5,Medium Value,22.568988173455978,53.50262008733625,642.0314410480349,Low Value,Repeat Customer
16831.0,91.8,1,48,91.8,1,0,0.0,91.8,Low Value,1.0,91.8,1101.6,Low Value,Single Purchase
16832.0,417.61,5,179,83.522,5,274,9.13,417.61,Low Value,9.00131406044678,46.39433722627737,556.7320467153285,Low Value,Repeat Customer
16833.0,2409.04,6,878,401.50666666666666,6,621,20.7,2409.04,High Value,20.40078843626807,118.08563220611916,1417.02758647343,Low Value,Repeat Customer
16834.0,898.96,2,760,449.48,2,446,14.87,898.96,Medium Value,14.651773981603153,61.355027802690586,736.260333632287,Low Value,Repeat Customer
16835.0,1456.66,6,496,242.77666666666667,6,441,14.7,1456.66,Medium Value,14.487516425755585,100.5458739229025,1206.55048707483,Low Value,Repeat Customer
16836.0,782.37,4,539,195.5925,4,534,17.8,782.37,Medium Value,17.542706964520367,44.59802022471911,535.1762426966293,Low Value,Repeat Customer
16837.0,3170.98,11,1563,288.2709090909091,11,214,7.13,3170.9799999999996,High Value,7.030223390275952,451.0496785046729,5412.596142056074,High Value,Repeat Customer
16838.0,1159.61,4,509,289.9025,4,465,15.5,1159.61,Medium Value,15.275952693823916,75.91081376344086,910.9297651612903,Low Value,Repeat Customer
16839.0,21758.25,44,11295,494.5056818181818,44,657,21.9,21758.25,High Value,21.583442838370566,1008.0991324200913,12097.189589041096,High Value,Repeat Customer
16840.0,139.85,2,117,69.925,2,71,2.37,139.85,Low Value,2.3324572930354797,59.95822535211267,719.4987042253521,Low Value,Repeat Customer
16841.0,4006.06,12,3478,333.8383333333333,12,660,22.0,4006.0599999999995,High Value,21.681997371879106,184.76434303030302,2217.172116363636,Medium Value,Repeat Customer
16842.0,1264.19,3,693,421.3966666666667,3,201,6.7,1264.19,Medium Value,6.603153745072273,191.45245572139305,2297.4294686567164,Medium Value,Repeat Customer
16843.0,19571.43,35,18502,559.1837142857142,35,686,22.87,19571.43,High Value,22.536136662286463,868.4465440233237,10421.358528279885,High Value,Repeat Customer
16844.0,614.34,2,281,307.17,2,20,0.67,614.34,Medium Value,1.0,614.34,7372.08,High Value,Repeat Customer
16845.0,253.88,1,167,253.88,1,0,0.0,253.88,Low Value,1.0,253.88,3046.56,Medium Value,Single Purchase
16846.0,842.41,3,517,280.80333333333334,3,589,19.63,842.4100000000001,Medium Value,19.349540078843624,43.53643531409168,522.4372237691002,Low Value,Repeat Customer
16847.0,614.89,2,255,307.445,2,574,19.13,614.89,Medium Value,18.85676741130092,32.60845226480836,391.30142717770036,Low Value,Repeat Customer
16848.0,1411.62,4,780,352.905,4,379,12.63,1411.62,Medium Value,12.450722733245728,113.37655092348285,1360.5186110817942,Low Value,Repeat Customer
16849.0,124.57,1,33,124.57,1,0,0.0,124.57,Low Value,1.0,124.57,1494.84,Medium Value,Single Purchase
16850.0,332.41,1,249,332.41,1,0,0.0,332.41,Low Value,1.0,332.41,3988.92,High Value,Single Purchase
16851.0,342.45,3,271,114.14999999999999,3,47,1.57,342.45,Low Value,1.5440210249671484,221.79102127659576,2661.492255319149,Medium Value,Repeat Customer
16852.0,144.91000000000003,2,56,72.45500000000001,2,165,5.5,144.91000000000003,Low Value,5.4204993429697765,26.7336993939394,320.8043927272728,Low Value,Repeat Customer
16854.0,1408.96,2,997,704.48,2,223,7.43,1408.96,Medium Value,7.3258869908015765,192.32619910313903,2307.9143892376683,Medium Value,Repeat Customer
16855.0,328.4,2,164,164.2,2,19,0.63,328.4,Low Value,1.0,328.4,3940.7999999999997,High Value,Repeat Customer
16856.0,358.49,3,171,119.49666666666667,3,427,14.23,358.49,Low Value,14.027595269382392,25.556055269320844,306.67266323185015,Low Value,Repeat Customer
16857.0,352.8,1,168,352.8,1,0,0.0,352.8,Low Value,1.0,352.8,4233.6,High Value,Single Purchase
16858.0,4292.59,10,1423,429.259,10,355,11.83,4292.59,High Value,11.662286465177397,368.0744777464789,4416.8937329577475,High Value,Repeat Customer
16859.0,1932.41,7,1899,276.05857142857144,7,500,16.67,1932.41,High Value,16.4257555847569,117.6451208,1411.7414496000001,Low Value,Repeat Customer
16860.0,1610.62,3,625,536.8733333333333,3,209,6.97,1610.62,High Value,6.865965834428383,234.58025263157893,2814.9630315789473,Medium Value,Repeat Customer
16861.0,946.59,5,616,189.318,5,448,14.93,946.59,Medium Value,14.71747700394218,64.31740982142858,771.808917857143,Low Value,Repeat Customer
16862.0,662.33,4,513,165.5825,4,154,5.13,662.33,Medium Value,5.059132720105125,130.9176961038961,1571.0123532467533,Medium Value,Repeat Customer
16863.0,834.27,3,640,278.09,3,378,12.6,834.27,Medium Value,12.417871222076215,67.1830126984127,806.1961523809523,Low Value,Repeat Customer
16864.0,409.25,2,283,204.625,2,164,5.47,409.25,Low Value,5.387647831800263,75.96079268292684,911.529512195122,Low Value,Repeat Customer
16865.0,130.95,1,157,130.95,1,0,0.0,130.95,Low Value,1.0,130.95,1571.3999999999999,Medium Value,Single Purchase
16866.0,207.73999999999998,3,60,69.24666666666666,3,20,0.67,207.73999999999995,Low Value,1.0,207.73999999999998,2492.8799999999997,Medium Value,Repeat Customer
16867.0,76.74000000000001,1,58,76.74000000000001,1,0,0.0,76.74000000000001,Low Value,1.0,76.74000000000001,920.8800000000001,Low Value,Single Purchase
16868.0,384.56,3,112,128.18666666666667,3,199,6.63,384.56,Low Value,6.5374507227332455,58.8241527638191,705.8898331658293,Low Value,Repeat Customer
16869.0,817.12,4,583,204.28,4,152,5.07,817.12,Medium Value,4.993429697766097,163.63903157894737,1963.6683789473684,Medium Value,Repeat Customer
16870.0,450.15999999999997,1,278,450.15999999999997,1,0,0.0,450.15999999999997,Low Value,1.0,450.15999999999997,5401.92,High Value,Single Purchase
16871.0,2812.34,6,1253,468.72333333333336,6,248,8.27,2812.34,High Value,8.147174770039422,345.1920548387097,4142.304658064516,High Value,Repeat Customer
16872.0,1213.13,6,1079,202.18833333333336,6,385,12.83,1213.13,Medium Value,12.64783180026281,95.9160446753247,1150.9925361038963,Low Value,Repeat Customer
16873.0,14617.39,12,8601,1218.1158333333333,12,663,22.1,14617.39,High Value,21.780551905387647,671.1211939668175,8053.45432760181,High Value,Repeat Customer
16874.0,209.89000000000001,1,78,209.89000000000001,1,0,0.0,209.89000000000001,Low Value,1.0,209.89000000000001,2518.6800000000003,Medium Value,Single Purchase
16875.0,4234.53,11,2099,384.9572727272727,11,636,21.2,4234.53,High Value,20.893561103810775,202.67153018867924,2432.0583622641507,Medium Value,Repeat Customer
16876.0,136.01,1,181,136.01,1,0,0.0,136.01,Low Value,1.0,136.01,1632.12,Medium Value,Single Purchase
16877.0,846.62,6,458,141.10333333333332,6,195,6.5,846.6199999999999,Medium Value,6.40604467805519,132.15955282051283,1585.914633846154,Medium Value,Repeat Customer
16878.0,13.3,1,12,13.3,1,0,0.0,13.3,Low Value,1.0,13.3,159.60000000000002,Low Value,Single Purchase
16880.0,1813.21,8,904,226.65125,8,462,15.4,1813.21,High Value,15.177398160315374,119.46777575757577,1433.6133090909093,Low Value,Repeat Customer
16881.0,432.0,1,600,432.0,1,0,0.0,432.0,Low Value,1.0,432.0,5184.0,High Value,Single Purchase
16882.0,705.12,3,424,235.04,3,250,8.33,705.12,Medium Value,8.21287779237845,85.85541119999999,1030.2649344,Low Value,Repeat Customer
16883.0,2246.06,19,1016,118.21368421052631,19,548,18.27,2246.06,High Value,18.00262812089356,124.76289489051095,1497.1547386861314,Medium Value,Repeat Customer
16884.0,1070.97,4,520,267.7425,4,532,17.73,1070.97,Medium Value,17.47700394218134,61.27880977443609,735.3457172932331,Low Value,Repeat Customer
16885.0,684.6,4,358,171.15,4,370,12.33,684.6,Medium Value,12.155059132720105,56.32222702702703,675.8667243243244,Low Value,Repeat Customer
16886.0,134.0,1,48,134.0,1,0,0.0,134.0,Low Value,1.0,134.0,1608.0,Medium Value,Single Purchase
16887.0,658.17,3,423,219.39,3,703,23.43,658.17,Medium Value,23.0946123521682,28.498854623044096,341.98625547652915,Low Value,Repeat Customer
16888.0,434.2,3,145,144.73333333333332,3,300,10.0,434.19999999999993,Low Value,9.85545335085414,44.056826666666666,528.68192,Low Value,Repeat Customer
16889.0,2526.65,6,1611,421.10833333333335,6,371,12.37,2526.65,High Value,12.187910643889618,207.30788679245285,2487.6946415094344,Medium Value,Repeat Customer
16890.0,285.41,3,243,95.13666666666667,3,105,3.5,285.41,Low Value,3.4494086727989486,82.74171809523811,992.9006171428573,Low Value,Repeat Customer
16891.0,1727.94,11,652,157.08545454545455,11,733,24.43,1727.94,High Value,24.080157687253614,71.75783574351978,861.0940289222374,Low Value,Repeat Customer
16892.0,754.75,7,367,107.82142857142857,7,729,24.3,754.75,Medium Value,23.94875164257556,31.515212620027434,378.18255144032923,Low Value,Repeat Customer
16893.0,249.89000000000001,2,117,124.94500000000001,2,9,0.3,249.89000000000001,Low Value,1.0,249.89000000000001,2998.6800000000003,Medium Value,Repeat Customer
16894.0,1306.96,3,503,435.65333333333336,3,33,1.1,1306.96,Medium Value,1.0840998685939554,1205.5715878787878,14466.859054545454,High Value,Repeat Customer
16895.0,1102.9,5,421,220.58,5,601,20.03,1102.9,Medium Value,19.743758212877793,55.8606921797005,670.328306156406,Low Value,Repeat Customer
16896.0,103.95,1,18,103.95,1,0,0.0,103.95,Low Value,1.0,103.95,1247.4,Low Value,Single Purchase
16897.0,289.78,2,73,144.89,2,14,0.47,289.78,Low Value,1.0,289.78,3477.3599999999997,High Value,Repeat Customer
16898.0,885.21,5,695,177.042,5,550,18.33,885.21,Medium Value,18.068331143232587,48.99234981818182,587.9081978181819,Low Value,Repeat Customer
16899.0,1695.77,8,811,211.97125,8,389,12.97,1695.77,High Value,12.779237844940866,132.69727197943445,1592.3672637532134,Medium Value,Repeat Customer
16900.0,887.11,3,833,295.7033333333333,3,46,1.53,887.1099999999999,Medium Value,1.5111695137976346,587.0354,7044.4248,High Value,Repeat Customer
16901.0,204.26,1,42,204.26,1,0,0.0,204.26,Low Value,1.0,204.26,2451.12,Medium Value,Single Purchase
16902.0,1706.88,1,629,1706.88,1,0,0.0,1706.88,High Value,1.0,1706.88,20482.56,High Value,Single Purchase
16903.0,1041.75,3,717,347.25,3,386,12.87,1041.75,Medium Value,12.680683311432325,82.15251295336788,985.8301554404145,Low Value,Repeat Customer
16904.0,4675.36,21,2607,222.63619047619045,21,406,13.53,4675.36,High Value,13.337713534822601,350.53684334975367,4206.442120197044,High Value,Repeat Customer
16905.0,4706.77,17,1913,276.86882352941177,17,723,24.1,4706.77,High Value,23.751642575558474,198.1660840940526,2377.993009128631,Medium Value,Repeat Customer
16906.0,1410.92,7,590,201.56,7,493,16.43,1410.92,Medium Value,16.1957950065703,87.11643975659231,1045.3972770791079,Low Value,Repeat Customer
16907.0,1470.89,9,451,163.43222222222224,9,497,16.57,1470.89,Medium Value,16.327201051248355,90.08831307847085,1081.0597569416502,Low Value,Repeat Customer
16908.0,252.59,1,61,252.59,1,0,0.0,252.59,Low Value,1.0,252.59,3031.08,Medium Value,Single Purchase
16909.0,379.14,1,436,379.14,1,0,0.0,379.14,Low Value,1.0,379.14,4549.68,High Value,Single Purchase
16910.0,1508.96,8,884,188.62,8,86,2.87,1508.96,Medium Value,2.8252299605781865,534.1016558139535,6409.219869767441,High Value,Repeat Customer
16911.0,255.25,2,161,127.625,2,25,0.83,255.25,Low Value,1.0,255.25,3063.0,Medium Value,Repeat Customer
16912.0,4460.51,15,1689,297.36733333333336,15,701,23.37,4460.51,High Value,23.028909329829172,193.69176091298147,2324.301130955778,Medium Value,Repeat Customer
16913.0,423.90999999999997,3,229,141.3033333333333,3,361,12.03,423.90999999999997,Low Value,11.85939553219448,35.74465484764543,428.93585817174517,Low Value,Repeat Customer
16914.0,183.76,1,112,183.76,1,0,0.0,183.76,Low Value,1.0,183.76,2205.12,Medium Value,Single Purchase
16915.0,1543.18,11,190,140.2890909090909,11,560,18.67,1543.1799999999998,Medium Value,18.396846254927727,83.88285571428571,1006.5942685714285,Low Value,Repeat Customer
16916.0,902.02,4,649,225.505,4,391,13.03,902.02,Medium Value,12.844940867279893,70.22375652173913,842.6850782608697,Low Value,Repeat Customer
16917.0,1851.88,2,792,925.94,2,355,11.83,1851.88,High Value,11.662286465177397,158.79218929577468,1905.5062715492961,Medium Value,Repeat Customer
16918.0,3206.54,16,2066,200.40875,16,687,22.9,3206.54,High Value,22.568988173455978,142.07725997088792,1704.9271196506552,Medium Value,Repeat Customer
16919.0,4909.66,24,2333,204.56916666666666,24,320,10.67,4909.66,High Value,10.512483574244415,467.0314075,5604.37689,High Value,Repeat Customer
16920.0,355.45,1,81,355.45,1,0,0.0,355.45,Low Value,1.0,355.45,4265.4,High Value,Single Purchase
16921.0,409.21,3,275,136.40333333333334,3,539,17.97,409.21000000000004,Low Value,17.706964520367936,23.11011576994434,277.32138923933206,Low Value,Repeat Customer
16922.0,611.08,1,281,611.08,1,0,0.0,611.08,Medium Value,1.0,611.08,7332.960000000001,High Value,Single Purchase
16923.0,13157.130000000001,32,6190,411.16031250000003,32,665,22.17,13157.130000000001,High Value,21.846254927726676,602.2602063157896,7227.122475789474,High Value,Repeat Customer
16924.0,829.89,3,467,276.63,3,62,2.07,829.89,Medium Value,2.0367936925098555,407.4492193548387,4889.390632258064,High Value,Repeat Customer
16925.0,125.65,1,123,125.65,1,0,0.0,125.65,Low Value,1.0,125.65,1507.8000000000002,Medium Value,Single Purchase
16926.0,1169.6100000000001,5,197,233.92200000000003,5,155,5.17,1169.6100000000001,Medium Value,5.091984231274639,229.69631225806455,2756.3557470967744,Medium Value,Repeat Customer
16927.0,543.05,3,993,181.01666666666665,3,245,8.17,543.05,Medium Value,8.04862023653088,67.47119183673469,809.6543020408162,Low Value,Repeat Customer
16928.0,3897.5299999999997,29,2587,134.39758620689653,29,594,19.8,3897.5299999999993,High Value,19.513797634691194,199.73200875420875,2396.784105050505,Medium Value,Repeat Customer
16929.0,1295.39,7,929,185.0557142857143,7,151,5.03,1295.39,Medium Value,4.9605781865965834,261.13689801324506,3133.6427761589407,Medium Value,Repeat Customer
16930.0,378.89,3,339,126.29666666666667,3,42,1.4,378.89,Low Value,1.3797634691195795,274.6050380952381,3295.2604571428574,Medium Value,Repeat Customer
16931.0,5032.22,23,3357,218.79217391304348,23,391,13.03,5032.22,High Value,12.844940867279893,391.7666925831203,4701.200310997443,High Value,Repeat Customer
16932.0,412.55,3,217,137.51666666666668,3,517,17.23,412.55000000000007,Low Value,16.98423127463863,24.290177949709868,291.4821353965184,Low Value,Repeat Customer
16933.0,3099.3,9,1533,344.3666666666667,9,728,24.27,3099.3,High Value,23.915900131406044,129.5916098901099,1555.099318681319,Medium Value,Repeat Customer
16934.0,2083.14,6,936,347.19,6,566,18.87,2083.14,High Value,18.593955321944808,112.03318303886925,1344.398196466431,Low Value,Repeat Customer
16935.0,530.86,3,273,176.95333333333335,3,39,1.3,530.86,Medium Value,1.281208935611038,414.3430358974359,4972.116430769231,High Value,Repeat Customer
16936.0,548.29,2,339,274.145,2,359,11.97,548.29,Medium Value,11.793692509855452,46.49010473537604,557.8812568245125,Low Value,Repeat Customer
16937.0,196.25,1,123,196.25,1,0,0.0,196.25,Low Value,1.0,196.25,2355.0,Medium Value,Single Purchase
16938.0,6995.360000000001,9,5041,777.2622222222222,9,651,21.7,6995.360000000001,High Value,21.38633377135348,327.0948669738864,3925.1384036866366,High Value,Repeat Customer
16939.0,433.85,3,229,144.61666666666667,3,160,5.33,433.85,Low Value,5.256241787122208,82.5399625,990.47955,Low Value,Repeat Customer
16940.0,6427.66,8,4503,803.4575,8,679,22.63,6427.66,High Value,22.306176084099867,288.15606833578795,3457.8728200294554,High Value,Repeat Customer
16941.0,33.0,1,12,33.0,1,0,0.0,33.0,Low Value,1.0,33.0,396.0,Low Value,Single Purchase
16942.0,1904.99,9,805,211.66555555555556,9,215,7.17,1904.99,High Value,7.063074901445466,269.7111423255814,3236.533707906977,Medium Value,Repeat Customer
16943.0,1299.49,5,147,259.898,5,412,13.73,1299.4900000000002,Medium Value,13.534822601839684,96.01086310679612,1152.1303572815534,Low Value,Repeat Customer
16944.0,101.36,1,27,101.36,1,0,0.0,101.36,Low Value,1.0,101.36,1216.32,Low Value,Single Purchase
16945.0,8548.16,33,5889,259.0351515151515,33,709,23.63,8548.16,High Value,23.291721419185283,367.00421777150916,4404.05061325811,High Value,Repeat Customer
16946.0,1222.04,5,509,244.408,5,264,8.8,1222.04,Medium Value,8.672798948751643,140.90491515151516,1690.8589818181817,Medium Value,Repeat Customer
16947.0,955.21,5,655,191.042,5,410,13.67,955.21,Medium Value,13.469119579500656,70.9185180487805,851.022216585366,Low Value,Repeat Customer
16948.0,868.77,7,2091,124.11,7,517,17.23,868.77,Medium Value,16.98423127463863,51.15156441005803,613.8187729206963,Low Value,Repeat Customer
16949.0,1286.27,6,791,214.37833333333333,6,312,10.4,1286.27,Medium Value,10.249671484888305,125.49377820512821,1505.9253384615386,Medium Value,Repeat Customer
16950.0,3541.77,10,2432,354.177,10,627,20.9,3541.7700000000004,High Value,20.59789750328515,171.94813205741627,2063.3775846889953,Medium Value,Repeat Customer
16951.0,1277.75,3,1318,425.9166666666667,3,169,5.63,1277.75,Medium Value,5.551905387647832,230.14621301775148,2761.7545562130176,Medium Value,Repeat Customer
16952.0,795.83,5,343,159.166,5,618,20.6,795.8299999999999,Medium Value,20.302233902759525,39.19913462783172,470.38961553398065,Low Value,Repeat Customer
16953.0,20.8,1,10,20.8,1,0,0.0,20.8,Low Value,1.0,20.8,249.60000000000002,Low Value,Single Purchase
16954.0,6081.88,20,4086,304.094,20,689,22.97,6081.88,High Value,22.634691195795007,268.6972818577649,3224.3673822931787,Medium Value,Repeat Customer
16955.0,1120.31,6,723,186.71833333333333,6,492,16.4,1120.31,Medium Value,16.16294349540079,69.31348861788618,831.7618634146341,Low Value,Repeat Customer
16956.0,308.74,1,114,308.74,1,0,0.0,308.74,Low Value,1.0,308.74,3704.88,High Value,Single Purchase
16957.0,416.64,2,172,208.32,2,42,1.4,416.64,Low Value,1.3797634691195795,301.96479999999997,3623.5775999999996,High Value,Repeat Customer
16958.0,778.49,1,514,778.49,1,0,0.0,778.49,Medium Value,1.0,778.49,9341.880000000001,High Value,Single Purchase
16959.0,117.35000000000001,1,49,117.35000000000001,1,0,0.0,117.35000000000001,Low Value,1.0,117.35000000000001,1408.2,Low Value,Single Purchase
16960.0,1990.88,8,1492,248.86,8,608,20.27,1990.88,High Value,19.97371879106439,99.67497894736843,1196.099747368421,Low Value,Repeat Customer
16961.0,794.56,3,482,264.8533333333333,3,415,13.83,794.56,Medium Value,13.633377135348226,58.280497349397585,699.365968192771,Low Value,Repeat Customer
16962.0,251.04,1,158,251.04,1,0,0.0,251.04,Low Value,1.0,251.04,3012.48,Medium Value,Single Purchase
16963.0,110.55000000000001,1,35,110.55000000000001,1,0,0.0,110.55000000000001,Low Value,1.0,110.55000000000001,1326.6000000000001,Low Value,Single Purchase
16964.0,207.85,2,49,103.925,2,0,0.0,207.85,Low Value,1.0,207.85,2494.2,Medium Value,Repeat Customer
16965.0,201.19,1,291,201.19,1,0,0.0,201.19,Low Value,1.0,201.19,2414.2799999999997,Medium Value,Single Purchase
16966.0,2154.97,7,1981,307.8528571428571,7,231,7.7,2154.97,High Value,7.588699080157687,283.9709385281385,3407.651262337662,High Value,Repeat Customer
16967.0,319.02,1,333,319.02,1,0,0.0,319.02,Low Value,1.0,319.02,3828.24,High Value,Single Purchase
16968.0,439.43,2,326,219.715,2,103,3.43,439.43,Low Value,3.383705650459921,129.86649708737866,1558.397965048544,Medium Value,Repeat Customer
16969.0,650.41,3,816,216.8033333333333,3,152,5.07,650.41,Medium Value,4.993429697766097,130.25316052631578,1563.0379263157893,Medium Value,Repeat Customer
16970.0,71.4,1,12,71.4,1,0,0.0,71.4,Low Value,1.0,71.4,856.8000000000001,Low Value,Single Purchase
16971.0,357.21,1,72,357.21,1,0,0.0,357.21,Low Value,1.0,357.21,4286.5199999999995,High Value,Single Purchase
16972.0,749.0,2,183,374.5,2,73,2.43,749.0,Medium Value,2.3981603153745072,312.3227397260274,3747.872876712329,High Value,Repeat Customer
16973.0,127.0,1,60,127.0,1,0,0.0,127.0,Low Value,1.0,127.0,1524.0,Medium Value,Single Purchase
16974.0,365.5,2,70,182.75,2,41,1.37,365.5,Low Value,1.3469119579500657,271.36146341463416,3256.33756097561,Medium Value,Repeat Customer
16975.0,926.12,3,586,308.70666666666665,3,82,2.73,926.1199999999999,Medium Value,2.6938239159001314,343.7938146341464,4125.525775609756,High Value,Repeat Customer
16976.0,251.51999999999998,1,88,251.51999999999998,1,0,0.0,251.51999999999998,Low Value,1.0,251.51999999999998,3018.24,Medium Value,Single Purchase
16977.0,496.0,4,142,124.0,4,236,7.87,496.0,Medium Value,7.752956636005256,63.975593220338986,767.7071186440678,Low Value,Repeat Customer
16978.0,768.88,3,285,256.29333333333335,3,588,19.6,768.8800000000001,Medium Value,19.316688567674113,39.80392380952381,477.6470857142857,Low Value,Repeat Customer
16979.0,2859.74,9,1451,317.74888888888887,9,446,14.87,2859.74,High Value,14.651773981603153,195.18046098654708,2342.1655318385647,Medium Value,Repeat Customer
16980.0,1422.8300000000002,3,990,474.2766666666667,3,173,5.77,1422.8300000000002,Medium Value,5.683311432325887,250.35228439306363,3004.2274127167634,Medium Value,Repeat Customer
16982.0,384.06,1,182,384.06,1,0,0.0,384.06,Low Value,1.0,384.06,4608.72,High Value,Single Purchase
16983.0,3490.5299999999997,11,2315,317.3209090909091,11,433,14.43,3490.5299999999997,High Value,14.224704336399475,245.38506512702077,2944.620781524249,Medium Value,Repeat Customer
16984.0,10350.53,9,5127,1150.058888888889,9,553,18.43,10350.53,High Value,18.166885676741128,569.7470763110308,6836.964915732369,High Value,Repeat Customer
16985.0,10923.16,23,3103,474.92,23,711,23.7,10923.16,High Value,23.35742444152431,467.652588466948,5611.831061603376,High Value,Repeat Customer
16986.0,4888.75,11,2539,444.4318181818182,11,643,21.43,4888.75,High Value,21.12352168199737,231.43631415241057,2777.235769828927,Medium Value,Repeat Customer
16987.0,2521.4,11,671,229.21818181818182,11,734,24.47,2521.4,High Value,24.113009198423125,104.56596185286105,1254.7915422343326,Low Value,Repeat Customer
16988.0,382.67,2,158,191.335,2,374,12.47,382.67,Low Value,12.28646517739816,31.145654545454548,373.7478545454546,Low Value,Repeat Customer
16989.0,1133.25,6,1233,188.875,6,143,4.77,1133.25,Medium Value,4.697766097240473,241.23167832167832,2894.7801398601396,Medium Value,Repeat Customer
16990.0,344.0,2,200,172.0,2,203,6.77,344.0,Low Value,6.668856767411301,51.58305418719212,618.9966502463054,Low Value,Repeat Customer
16991.0,1041.21,1,793,1041.21,1,0,0.0,1041.21,Medium Value,1.0,1041.21,12494.52,High Value,Single Purchase
16992.0,5476.5,13,2061,421.2692307692308,13,655,21.83,5476.5,High Value,21.517739816031536,254.51093129770993,3054.131175572519,Medium Value,Repeat Customer
16993.0,1950.9499999999998,2,285,975.4749999999999,2,112,3.73,1950.9499999999998,High Value,3.679369250985545,530.2403392857143,6362.884071428572,High Value,Repeat Customer
16996.0,2123.61,9,919,235.95666666666668,9,387,12.9,2123.61,High Value,12.713534822601838,167.0353705426357,2004.4244465116283,Medium Value,Repeat Customer
16997.0,702.0,3,360,234.0,3,37,1.23,702.0,Medium Value,1.2155059132720105,577.5372972972973,6930.447567567568,High Value,Repeat Customer
16998.0,402.0,5,104,80.4,5,294,9.8,402.0,Low Value,9.658344283837057,41.62204081632653,499.4644897959184,Low Value,Repeat Customer
16999.0,484.82,2,294,242.41,2,50,1.67,484.82,Medium Value,1.6425755584756898,295.158416,3541.900992,High Value,Repeat Customer
17000.0,406.3,2,305,203.15,2,11,0.37,406.3,Low Value,1.0,406.3,4875.6,High Value,Repeat Customer
17001.0,6640.8,19,3782,349.5157894736842,19,623,20.77,6640.8,High Value,20.466491458607095,324.47183306581064,3893.6619967897277,High Value,Repeat Customer
17002.0,2571.55,7,1265,367.36428571428576,7,555,18.5,2571.55,High Value,18.232588699080157,141.04140900900902,1692.496908108108,Medium Value,Repeat Customer
17003.0,828.21,4,494,207.0525,4,176,5.87,828.21,Medium Value,5.781865965834428,143.2426840909091,1718.9122090909093,Medium Value,Repeat Customer
17004.0,2324.36,4,1233,581.09,4,377,12.57,2324.36,High Value,12.3850197109067,187.67511511936343,2252.101381432361,Medium Value,Repeat Customer
17005.0,622.36,2,691,311.18,2,118,3.93,622.36,Medium Value,3.876478318002628,160.54778305084747,1926.5733966101698,Medium Value,Repeat Customer
17006.0,1635.27,8,572,204.40875,8,639,21.3,1635.27,High Value,20.992115637319316,77.8992469483568,934.7909633802817,Low Value,Repeat Customer
17007.0,1120.1,7,717,160.0142857142857,7,386,12.87,1120.1,Medium Value,12.680683311432325,88.33120207253886,1059.9744248704662,Low Value,Repeat Customer
17008.0,81.36,1,24,81.36,1,0,0.0,81.36,Low Value,1.0,81.36,976.3199999999999,Low Value,Single Purchase
17009.0,242.06,1,336,242.06,1,0,0.0,242.06,Low Value,1.0,242.06,2904.7200000000003,Medium Value,Single Purchase
17010.0,195.36,1,118,195.36,1,0,0.0,195.36,Low Value,1.0,195.36,2344.32,Medium Value,Single Purchase
17011.0,671.7,3,792,223.9,3,621,20.7,671.7,Medium Value,20.40078843626807,32.92519806763285,395.1023768115942,Low Value,Repeat Customer
17012.0,360.61,1,251,360.61,1,0,0.0,360.61,Low Value,1.0,360.61,4327.32,High Value,Single Purchase
17014.0,583.4300000000001,3,243,194.4766666666667,3,58,1.93,583.4300000000001,Medium Value,1.9053876478318001,306.2001586206897,3674.4019034482762,High Value,Repeat Customer
17015.0,1838.6100000000001,3,1978,612.87,3,156,5.2,1838.6100000000001,High Value,5.124835742444152,358.76466923076924,4305.176030769231,High Value,Repeat Customer
17016.0,552.4,1,309,552.4,1,0,0.0,552.4,Medium Value,1.0,552.4,6628.799999999999,High Value,Single Purchase
17017.0,12576.99,29,9397,433.68931034482756,29,733,24.43,12576.99,High Value,24.080157687253614,522.2968289222374,6267.561947066849,High Value,Repeat Customer
17018.0,2287.7,6,456,381.2833333333333,6,694,23.13,2287.7,High Value,22.798948751642573,100.34234582132565,1204.1081498559079,Low Value,Repeat Customer
17019.0,3602.29,11,2396,327.4809090909091,11,726,24.2,3602.29,High Value,23.850197109067015,151.03816473829204,1812.4579768595045,Medium Value,Repeat Customer
17020.0,935.62,2,860,467.81,2,104,3.47,935.62,Medium Value,3.416557161629435,273.8487769230769,3286.185323076923,Medium Value,Repeat Customer
17021.0,1182.22,6,992,197.03666666666666,6,146,4.87,1182.22,Medium Value,4.7963206307490145,246.48477260273972,2957.817271232877,Medium Value,Repeat Customer
17022.0,260.0,2,180,130.0,2,401,13.37,260.0,Low Value,13.173455978975033,19.736658354114713,236.83990024937657,Low Value,Repeat Customer
17023.0,800.18,3,530,266.72666666666663,3,280,9.33,800.1799999999998,Medium Value,9.198423127463863,86.99099714285714,1043.8919657142856,Low Value,Repeat Customer
17024.0,95.85,3,69,31.95,3,112,3.73,95.85,Low Value,3.679369250985545,26.050660714285716,312.6079285714286,Low Value,Repeat Customer
17025.0,1349.67,5,885,269.934,5,580,19.33,1349.67,Medium Value,19.053876478318003,70.83440482758621,850.0128579310345,Low Value,Repeat Customer
17026.0,175.82999999999998,3,107,58.60999999999999,3,231,7.7,175.82999999999998,Low Value,7.588699080157687,23.16997922077922,278.0397506493506,Low Value,Repeat Customer
17027.0,1310.63,9,645,145.62555555555556,9,651,21.7,1310.63,Medium Value,21.38633377135348,61.28352872503841,735.4023447004608,Low Value,Repeat Customer
17028.0,1593.83,3,856,531.2766666666666,3,140,4.67,1593.83,High Value,4.599211563731932,346.54418,4158.53016,High Value,Repeat Customer
17029.0,2137.3,7,1265,305.3285714285715,7,553,18.43,2137.3,High Value,18.166885676741128,117.64812296564197,1411.7774755877037,Low Value,Repeat Customer
17030.0,146.87,1,146,146.87,1,0,0.0,146.87,Low Value,1.0,146.87,1762.44,Medium Value,Single Purchase
17031.0,2773.85,6,1595,462.30833333333334,6,569,18.97,2773.85,High Value,18.69250985545335,148.39366256590512,1780.7239507908614,Medium Value,Repeat Customer
17032.0,2984.32,8,1667,373.04,8,181,6.03,2984.32,High Value,5.946123521681997,501.8933745856354,6022.720495027625,High Value,Repeat Customer
17033.0,1332.79,4,871,333.1975,4,311,10.37,1332.79,Medium Value,10.21681997371879,130.45057106109326,1565.4068527331192,Medium Value,Repeat Customer
17034.0,1276.42,5,694,255.28400000000002,5,497,16.57,1276.42,Medium Value,16.327201051248355,78.17751468812878,938.1301762575454,Low Value,Repeat Customer
17035.0,613.59,4,327,153.3975,4,491,16.37,613.59,Medium Value,16.130091984231274,38.04008065173117,456.480967820774,Low Value,Repeat Customer
17036.0,176.9,1,76,176.9,1,0,0.0,176.9,Low Value,1.0,176.9,2122.8,Medium Value,Single Purchase
17037.0,1267.32,1,656,1267.32,1,0,0.0,1267.32,Medium Value,1.0,1267.32,15207.84,High Value,Single Purchase
17038.0,743.17,2,535,371.585,2,384,12.8,743.17,Medium Value,12.614980289093298,58.91170520833333,706.9404625,Low Value,Repeat Customer
17039.0,1954.99,1,689,1954.99,1,0,0.0,1954.99,High Value,1.0,1954.99,23459.88,High Value,Single Purchase
17040.0,463.25,2,189,231.625,2,412,13.73,463.25,Medium Value,13.534822601839684,34.22652912621359,410.7183495145631,Low Value,Repeat Customer
17041.0,1655.2,6,1303,275.8666666666667,6,573,19.1,1655.2,High Value,18.823915900131404,87.93069458987785,1055.1683350785343,Low Value,Repeat Customer
17042.0,1036.58,5,990,207.31599999999997,5,244,8.13,1036.58,Medium Value,8.015768725361367,129.31760327868852,1551.8112393442623,Medium Value,Repeat Customer
17043.0,2593.65,8,1616,324.20625,8,698,23.27,2593.65,High Value,22.93035479632063,113.10989398280803,1357.3187277936963,Low Value,Repeat Customer
17044.0,11962.3,12,5722,996.8583333333332,12,707,23.57,11962.3,High Value,23.226018396846253,515.0387722772277,6180.465267326733,High Value,Repeat Customer
17045.0,827.6800000000001,5,294,165.536,5,316,10.53,827.6800000000001,Medium Value,10.38107752956636,79.72968101265823,956.7561721518988,Low Value,Repeat Customer
17046.0,1906.07,5,1636,381.214,5,463,15.43,1906.07,High Value,15.210249671484888,125.31483974082073,1503.7780768898488,Medium Value,Repeat Customer
17047.0,2289.23,6,1184,381.53833333333336,6,646,21.53,2289.23,High Value,21.22207621550591,107.87021857585141,1294.4426229102169,Low Value,Repeat Customer
17048.0,2071.68,7,1068,295.9542857142857,7,572,19.07,2071.68,High Value,18.791064388961892,110.24814545454545,1322.9777454545454,Low Value,Repeat Customer
17049.0,9942.53,19,4273,523.291052631579,19,643,21.43,9942.53,High Value,21.12352168199737,470.6852460342147,5648.222952410576,High Value,Repeat Customer
17050.0,4648.59,11,2432,422.59909090909093,11,585,19.5,4648.59,High Value,19.21813403416557,241.8856061538462,2902.6272738461544,Medium Value,Repeat Customer
17051.0,706.49,4,507,176.6225,4,433,14.43,706.49,Medium Value,14.224704336399475,49.66641016166282,595.9969219399538,Low Value,Repeat Customer
17052.0,399.09,1,251,399.09,1,0,0.0,399.09,Low Value,1.0,399.09,4789.08,High Value,Single Purchase
17053.0,498.48,1,122,498.48,1,0,0.0,498.48,Medium Value,1.0,498.48,5981.76,High Value,Single Purchase
17054.0,1356.33,5,804,271.26599999999996,5,216,7.2,1356.33,Medium Value,7.09592641261498,191.1420611111111,2293.704733333333,Medium Value,Repeat Customer
17055.0,232.85,1,83,232.85,1,0,0.0,232.85,Low Value,1.0,232.85,2794.2,Medium Value,Single Purchase
17056.0,128.60000000000002,1,26,128.60000000000002,1,0,0.0,128.60000000000002,Low Value,1.0,128.60000000000002,1543.2000000000003,Medium Value,Single Purchase
17057.0,294.74,1,129,294.74,1,0,0.0,294.74,Low Value,1.0,294.74,3536.88,High Value,Single Purchase
17058.0,1179.89,3,592,393.2966666666667,3,158,5.27,1179.89,Medium Value,5.19053876478318,227.3155164556962,2727.7861974683547,Medium Value,Repeat Customer
17059.0,4864.57,9,3107,540.5077777777777,9,652,21.73,4864.57,High Value,21.419185282522996,227.11274662576687,2725.3529595092023,Medium Value,Repeat Customer
17060.0,234.24,1,216,234.24,1,0,0.0,234.24,Low Value,1.0,234.24,2810.88,Medium Value,Single Purchase
17061.0,5232.2300000000005,11,1526,475.65727272727275,11,158,5.27,5232.2300000000005,High Value,5.19053876478318,1008.032159493671,12096.385913924052,High Value,Repeat Customer
17062.0,889.75,6,644,148.29166666666666,6,125,4.17,889.75,Medium Value,4.106438896189225,216.67192,2600.06304,Medium Value,Repeat Customer
17063.0,3638.53,13,1899,279.8869230769231,13,717,23.9,3638.53,High Value,23.554533508541393,154.47259860529988,1853.6711832635986,Medium Value,Repeat Customer
17064.0,855.45,3,316,285.15000000000003,3,268,8.93,855.45,Medium Value,8.804204993429698,97.16379850746269,1165.9655820895523,Low Value,Repeat Customer
17065.0,194.7,2,82,97.35,2,0,0.0,194.7,Low Value,1.0,194.7,2336.3999999999996,Medium Value,Repeat Customer
17066.0,228.34,1,93,228.34,1,0,0.0,228.34,Low Value,1.0,228.34,2740.08,Medium Value,Single Purchase
17067.0,454.54,3,322,151.51333333333335,3,6,0.2,454.5400000000001,Low Value,1.0,454.54,5454.4800000000005,High Value,Repeat Customer
17068.0,8987.68,47,4351,191.2272340425532,47,608,20.27,8987.68,High Value,19.97371879106439,449.9752947368421,5399.703536842106,High Value,Repeat Customer
17069.0,5517.2300000000005,14,3230,394.08785714285716,14,708,23.6,5517.2300000000005,High Value,23.258869908015768,237.20971920903958,2846.516630508475,Medium Value,Repeat Customer
17070.0,437.42,2,232,218.71,2,296,9.87,437.42,Low Value,9.724047306176084,44.98332702702703,539.7999243243244,Low Value,Repeat Customer
17071.0,3793.71,13,1934,291.82384615384615,13,656,21.87,3793.71,High Value,21.55059132720105,176.0373969512195,2112.448763414634,Medium Value,Repeat Customer
17072.0,273.35,1,212,273.35,1,0,0.0,273.35,Low Value,1.0,273.35,3280.2000000000003,Medium Value,Single Purchase
17073.0,1446.09,4,759,361.5225,4,91,3.03,1446.09,Medium Value,2.9894875164257555,483.72505054945054,5804.7006065934065,High Value,Repeat Customer
17074.0,203.05,1,19,203.05,1,0,0.0,203.05,Low Value,1.0,203.05,2436.6000000000004,Medium Value,Single Purchase
17075.0,2236.63,10,785,223.663,10,708,23.6,2236.63,High Value,23.258869908015768,96.16245367231639,1153.9494440677968,Low Value,Repeat Customer
17076.0,1242.75,6,514,207.125,6,699,23.3,1242.75,Medium Value,22.963206307490143,54.11918454935623,649.4302145922748,Low Value,Repeat Customer
17077.0,306.0,1,36,306.0,1,0,0.0,306.0,Low Value,1.0,306.0,3672.0,High Value,Single Purchase
17078.0,378.2,2,788,189.1,2,0,0.0,378.2,Low Value,1.0,378.2,4538.4,High Value,Repeat Customer
17079.0,118.80000000000001,1,24,118.80000000000001,1,0,0.0,118.80000000000001,Low Value,1.0,118.80000000000001,1425.6000000000001,Low Value,Single Purchase
17080.0,957.53,7,569,136.79,7,503,16.77,957.53,Medium Value,16.52431011826544,57.94674592445328,695.3609510934393,Low Value,Repeat Customer
17081.0,949.39,6,381,158.23166666666665,6,629,20.97,949.3899999999999,Medium Value,20.66360052562418,45.945042289348166,551.3405074721779,Low Value,Repeat Customer
17082.0,4732.03,6,2526,788.6716666666666,6,691,23.03,4732.03,High Value,22.700394218134033,208.4558512301013,2501.4702147612156,Medium Value,Repeat Customer
17083.0,4049.79,9,1955,449.9766666666667,9,559,18.63,4049.79,High Value,18.363994743758212,220.52881502683363,2646.3457803220035,Medium Value,Repeat Customer
17084.0,5001.21,3,3178,1667.07,3,361,12.03,5001.21,High Value,11.85939553219448,421.7086770083103,5060.504124099723,High Value,Repeat Customer
17085.0,7847.67,28,3583,280.2739285714286,28,610,20.33,7847.670000000001,High Value,20.039421813403415,391.6115980327869,4699.339176393443,High Value,Repeat Customer
17086.0,2050.08,6,1859,341.68,6,56,1.87,2050.08,High Value,1.8396846254927726,1114.3649142857143,13372.378971428572,High Value,Repeat Customer
17087.0,221.53,1,113,221.53,1,0,0.0,221.53,Low Value,1.0,221.53,2658.36,Medium Value,Single Purchase
17088.0,1991.01,4,868,497.7525,4,225,7.5,1991.01,High Value,7.391590013140604,269.3615306666667,3232.338368,Medium Value,Repeat Customer
17089.0,128.45,1,35,128.45,1,0,0.0,128.45,Low Value,1.0,128.45,1541.3999999999999,Medium Value,Single Purchase
17090.0,3080.1800000000003,13,1344,236.9369230769231,13,503,16.77,3080.1800000000003,High Value,16.52431011826544,186.40294075546723,2236.835289065607,Medium Value,Repeat Customer
17091.0,7495.75,19,3732,394.5131578947368,19,720,24.0,7495.75,High Value,23.653088042049934,316.9036527777778,3802.8438333333334,High Value,Repeat Customer
17092.0,5511.41,11,3768,501.0372727272727,11,625,20.83,5511.41,High Value,20.532194480946124,268.42771264,3221.13255168,Medium Value,Repeat Customer
17093.0,235.88,1,114,235.88,1,0,0.0,235.88,Low Value,1.0,235.88,2830.56,Medium Value,Single Purchase
17094.0,402.20000000000005,2,212,201.10000000000002,2,101,3.37,402.20000000000005,Low Value,3.3180026281208934,121.21750495049507,1454.6100594059408,Medium Value,Repeat Customer
17095.0,2572.25,7,1695,367.4642857142857,7,701,23.37,2572.25,High Value,23.028909329829172,111.69656205420827,1340.3587446504994,Low Value,Repeat Customer
17096.0,3697.93,11,1559,336.17545454545456,11,540,18.0,3697.9300000000003,High Value,17.73981603153745,208.4536837037037,2501.444204444444,Medium Value,Repeat Customer
17097.0,1143.36,9,582,127.03999999999999,9,428,14.27,1143.36,Medium Value,14.060446780551905,81.31747289719625,975.8096747663551,Low Value,Repeat Customer
17098.0,591.0699999999999,3,125,197.0233333333333,3,159,5.3,591.0699999999999,Medium Value,5.223390275952694,113.15830691823898,1357.8996830188678,Low Value,Repeat Customer
17099.0,582.17,1,317,582.17,1,0,0.0,582.17,Medium Value,1.0,582.17,6986.039999999999,High Value,Single Purchase
17100.0,971.74,2,800,485.87,2,0,0.0,971.74,Medium Value,1.0,971.74,11660.880000000001,High Value,Repeat Customer
17101.0,2507.05,7,1175,358.15000000000003,7,539,17.97,2507.05,High Value,17.706964520367936,141.5855324675325,1699.0263896103897,Medium Value,Repeat Customer
17102.0,25.5,1,2,25.5,1,0,0.0,25.5,Low Value,1.0,25.5,306.0,Low Value,Single Purchase
17103.0,424.3,1,471,424.3,1,0,0.0,424.3,Low Value,1.0,424.3,5091.6,High Value,Single Purchase
17104.0,474.03,1,149,474.03,1,0,0.0,474.03,Medium Value,1.0,474.03,5688.36,High Value,Single Purchase
17105.0,665.78,2,693,332.89,2,147,4.9,665.78,Medium Value,4.829172141918528,137.86628027210884,1654.395363265306,Medium Value,Repeat Customer
17106.0,481.58,1,153,481.58,1,0,0.0,481.58,Medium Value,1.0,481.58,5778.96,High Value,Single Purchase
17107.0,16052.72,10,7530,1605.272,10,643,21.43,16052.72,High Value,21.12352168199737,759.9452516329704,9119.343019595646,High Value,Repeat Customer
17108.0,174.95,1,31,174.95,1,0,0.0,174.95,Low Value,1.0,174.95,2099.3999999999996,Medium Value,Single Purchase
17109.0,1291.71,8,788,161.46375,8,468,15.6,1291.71,Medium Value,15.374507227332456,84.01635128205129,1008.1962153846155,Low Value,Repeat Customer
17110.0,499.9,3,136,166.63333333333333,3,444,14.8,499.9,Medium Value,14.586070959264125,34.272423423423426,411.26908108108114,Low Value,Repeat Customer
17111.0,459.58,2,581,229.79,2,378,12.6,459.58,Low Value,12.417871222076215,37.009564021164024,444.1147682539683,Low Value,Repeat Customer
17112.0,197.57,1,130,197.57,1,0,0.0,197.57,Low Value,1.0,197.57,2370.84,Medium Value,Single Purchase
17113.0,2305.59,6,913,384.26500000000004,6,123,4.1,2305.59,High Value,4.040735873850197,570.5866634146341,6847.03996097561,High Value,Repeat Customer
17114.0,801.12,8,215,100.14,8,329,10.97,801.12,Medium Value,10.808147174770038,74.12186261398178,889.4623513677814,Low Value,Repeat Customer
17115.0,2761.4900000000002,7,885,394.49857142857144,7,726,24.2,2761.4900000000002,High Value,23.850197109067015,115.78478732782371,1389.4174479338844,Low Value,Repeat Customer
17116.0,389.78,1,392,389.78,1,0,0.0,389.78,Low Value,1.0,389.78,4677.36,High Value,Single Purchase
17117.0,116.19999999999999,1,68,116.19999999999999,1,0,0.0,116.19999999999999,Low Value,1.0,116.19999999999999,1394.3999999999999,Low Value,Single Purchase
17118.0,157.02,1,154,157.02,1,0,0.0,157.02,Low Value,1.0,157.02,1884.2400000000002,Medium Value,Single Purchase
17119.0,606.91,2,334,303.455,2,56,1.87,606.91,Medium Value,1.8396846254927726,329.8989357142857,3958.7872285714284,High Value,Repeat Customer
17120.0,307.46,1,120,307.46,1,0,0.0,307.46,Low Value,1.0,307.46,3689.5199999999995,High Value,Single Purchase
17121.0,314.74,1,106,314.74,1,0,0.0,314.74,Low Value,1.0,314.74,3776.88,High Value,Single Purchase
17122.0,570.5,4,368,142.625,4,380,12.67,570.5,Medium Value,12.483574244415243,45.70005263157895,548.4006315789474,Low Value,Repeat Customer
17123.0,977.17,3,676,325.7233333333333,3,410,13.67,977.1699999999998,Medium Value,13.469119579500656,72.54891414634146,870.5869697560975,Low Value,Repeat Customer
17124.0,294.24,1,129,294.24,1,0,0.0,294.24,Low Value,1.0,294.24,3530.88,High Value,Single Purchase
17125.0,230.5,1,281,230.5,1,0,0.0,230.5,Low Value,1.0,230.5,2766.0,Medium Value,Single Purchase
17126.0,2016.43,9,1426,224.04777777777778,9,313,10.43,2016.43,High Value,10.282522996057818,196.10264920127798,2353.231790415336,Medium Value,Repeat Customer
17127.0,1155.0300000000002,5,340,231.00600000000003,5,306,10.2,1155.0300000000002,Medium Value,10.052562417871222,114.89906274509806,1378.7887529411769,Low Value,Repeat Customer
17128.0,157.09,1,76,157.09,1,0,0.0,157.09,Low Value,1.0,157.09,1885.08,Medium Value,Single Purchase
17129.0,31.85,1,5,31.85,1,0,0.0,31.85,Low Value,1.0,31.85,382.20000000000005,Low Value,Single Purchase
17131.0,2463.17,5,983,492.634,5,70,2.33,2463.17,High Value,2.299605781865966,1071.1270685714285,12853.524822857142,High Value,Repeat Customer
17132.0,1220.9099999999999,2,963,610.4549999999999,2,36,1.2,1220.9099999999999,Medium Value,1.1826544021024967,1032.3472333333332,12388.166799999999,High Value,Repeat Customer
17133.0,14622.33,12,10107,1218.5275,12,612,20.4,14622.329999999998,High Value,20.105124835742444,727.293668627451,8727.524023529411,High Value,Repeat Customer
17134.0,625.3,3,144,208.4333333333333,3,335,11.17,625.3,Medium Value,11.005256241787121,56.81830447761194,681.8196537313432,Low Value,Repeat Customer
17135.0,1722.18,10,1686,172.21800000000002,10,563,18.77,1722.1800000000003,High Value,18.495400788436267,93.1139595026643,1117.3675140319715,Low Value,Repeat Customer
17136.0,231.68,1,256,231.68,1,0,0.0,231.68,Low Value,1.0,231.68,2780.16,Medium Value,Single Purchase
17137.0,1099.81,6,680,183.30166666666665,6,261,8.7,1099.81,Medium Value,8.5742444152431,128.26902835249044,1539.2283402298854,Medium Value,Repeat Customer
17138.0,4417.27,7,2024,631.0385714285715,7,397,13.23,4417.27,High Value,13.042049934296976,338.6944554156172,4064.3334649874064,High Value,Repeat Customer
17139.0,19566.76,25,9853,782.6704,25,681,22.7,19566.76,High Value,22.371879106438897,874.6140593245227,10495.368711894273,High Value,Repeat Customer
17140.0,454.12,1,296,454.12,1,0,0.0,454.12,Low Value,1.0,454.12,5449.4400000000005,High Value,Single Purchase
17141.0,727.58,4,423,181.895,4,266,8.87,727.58,Medium Value,8.73850197109067,83.26141052631579,999.1369263157894,Low Value,Repeat Customer
17142.0,1275.25,4,322,318.8125,4,445,14.83,1275.25,Medium Value,14.61892247043364,87.23283146067416,1046.79397752809,Low Value,Repeat Customer
17143.0,880.97,2,314,440.485,2,98,3.27,880.97,Medium Value,3.219448094612352,273.64006938775515,3283.6808326530618,Medium Value,Repeat Customer
17144.0,984.57,2,483,492.285,2,83,2.77,984.57,Medium Value,2.726675427069645,361.08808192771085,4333.05698313253,High Value,Repeat Customer
17145.0,3120.91,4,2591,780.2275,4,145,4.83,3120.91,High Value,4.763469119579501,655.1758648275862,7862.110377931034,High Value,Repeat Customer
17146.0,5852.64,13,2188,450.20307692307694,13,570,19.0,5852.64,High Value,18.725361366622863,312.5515115789474,3750.6181389473686,High Value,Repeat Customer
17147.0,3199.95,9,1308,355.54999999999995,9,675,22.5,3199.95,High Value,22.174770039421812,144.30589333333333,1731.67072,Medium Value,Repeat Customer
17148.0,124.88,1,82,124.88,1,0,0.0,124.88,Low Value,1.0,124.88,1498.56,Medium Value,Single Purchase
17149.0,143.10000000000002,1,18,143.10000000000002,1,0,0.0,143.10000000000002,Low Value,1.0,143.10000000000002,1717.2000000000003,Medium Value,Single Purchase
17150.0,1357.95,6,397,226.32500000000002,6,357,11.9,1357.95,Medium Value,11.727989487516425,115.7871092436975,1389.44531092437,Low Value,Repeat Customer
17151.0,231.90000000000003,1,42,231.90000000000003,1,0,0.0,231.90000000000003,Low Value,1.0,231.90000000000003,2782.8,Medium Value,Single Purchase
17152.0,2016.5,4,577,504.125,4,230,7.67,2016.5,High Value,7.555847568988173,266.87939130434785,3202.5526956521744,Medium Value,Repeat Customer
17153.0,213.78,1,104,213.78,1,0,0.0,213.78,Low Value,1.0,213.78,2565.36,Medium Value,Single Purchase
17154.0,329.34,1,490,329.34,1,0,0.0,329.34,Low Value,1.0,329.34,3952.08,High Value,Single Purchase
17155.0,892.46,7,987,127.49428571428572,7,719,23.97,892.46,Medium Value,23.62023653088042,37.78370292072323,453.40443504867875,Low Value,Repeat Customer
17156.0,591.87,1,391,591.87,1,0,0.0,591.87,Medium Value,1.0,591.87,7102.4400000000005,High Value,Single Purchase
17157.0,5151.9,19,2092,271.15263157894736,19,727,24.23,5151.9,High Value,23.88304862023653,215.71366712517195,2588.5640055020635,Medium Value,Repeat Customer
17158.0,1980.0,5,1147,396.0,5,609,20.3,1980.0,High Value,20.006570302233904,98.96748768472906,1187.6098522167488,Low Value,Repeat Customer
17159.0,2099.59,5,1348,419.918,5,623,20.77,2099.59,High Value,20.466491458607095,102.58670882825041,1231.040505939005,Low Value,Repeat Customer
17160.0,10209.16,17,8390,600.5388235294117,17,704,23.47,10209.16,High Value,23.127463863337713,441.43015681818184,5297.161881818182,High Value,Repeat Customer
17161.0,856.01,1,537,856.01,1,0,0.0,856.01,Medium Value,1.0,856.01,10272.119999999999,High Value,Single Purchase
17162.0,1715.46,10,1001,171.546,10,276,9.2,1715.46,High Value,9.067017082785808,189.1978347826087,2270.3740173913047,Medium Value,Repeat Customer
17163.0,699.78,4,531,174.945,4,653,21.77,699.78,Medium Value,21.45203679369251,32.6206787136294,391.44814456355283,Low Value,Repeat Customer
17164.0,2467.35,7,1501,352.4785714285714,7,240,8.0,2467.35,High Value,7.884362680683311,312.942225,3755.3067,High Value,Repeat Customer
17165.0,1794.32,6,788,299.05333333333334,6,444,14.8,1794.3200000000002,High Value,14.586070959264125,123.0159927927928,1476.1919135135136,Medium Value,Repeat Customer
17166.0,206.34,2,78,103.17,2,165,5.5,206.34,Low Value,5.4204993429697765,38.06660363636364,456.79924363636366,Low Value,Repeat Customer
17167.0,867.11,3,429,289.0366666666667,3,65,2.17,867.1100000000001,Medium Value,2.135348226018397,406.07428307692305,4872.891396923076,High Value,Repeat Customer
17168.0,400.2,1,220,400.2,1,0,0.0,400.2,Low Value,1.0,400.2,4802.4,High Value,Single Purchase
17169.0,1156.73,3,671,385.57666666666665,3,520,17.33,1156.73,Medium Value,17.082785808147175,67.71319461538461,812.5583353846152,Low Value,Repeat Customer
17170.0,178.68,2,152,89.34,2,14,0.47,178.68,Low Value,1.0,178.68,2144.16,Medium Value,Repeat Customer
17171.0,384.59,2,225,192.295,2,372,12.4,384.59,Low Value,12.220762155059132,31.470213978494623,377.64256774193547,Low Value,Repeat Customer
17172.0,956.5699999999999,3,1215,318.8566666666666,3,647,21.57,956.5699999999999,Medium Value,21.254927726675426,45.00462256568779,540.0554707882535,Low Value,Repeat Customer
17173.0,3766.6,8,1122,470.825,8,125,4.17,3766.6,High Value,4.106438896189225,917.2424319999999,11006.909183999998,High Value,Repeat Customer
17174.0,59.9,1,41,59.9,1,0,0.0,59.9,Low Value,1.0,59.9,718.8,Low Value,Single Purchase
17175.0,1443.69,4,866,360.9225,4,252,8.4,1443.69,Medium Value,8.278580814717477,174.3885857142857,2092.6630285714286,Medium Value,Repeat Customer
17176.0,902.3199999999999,3,576,300.7733333333333,3,475,15.83,902.3199999999999,Medium Value,15.604467805519054,57.82446484210526,693.893578105263,Low Value,Repeat Customer
17177.0,119.5,1,40,119.5,1,0,0.0,119.5,Low Value,1.0,119.5,1434.0,Low Value,Single Purchase
17178.0,432.96,1,100,432.96,1,0,0.0,432.96,Low Value,1.0,432.96,5195.5199999999995,High Value,Single Purchase
17179.0,1507.26,6,625,251.21,6,384,12.8,1507.26,Medium Value,12.614980289093298,119.48175625,1433.781075,Low Value,Repeat Customer
17180.0,2236.77,11,1809,203.34272727272727,11,630,21.0,2236.77,High Value,20.69645203679369,108.07504571428572,1296.9005485714288,Low Value,Repeat Customer
17181.0,309.85,3,268,103.28333333333335,3,538,17.93,309.85,Low Value,17.67411300919842,17.53128996282528,210.37547955390335,Low Value,Repeat Customer
17182.0,321.3,2,54,160.65,2,295,9.83,321.3,Low Value,9.69119579500657,33.153803389830514,397.8456406779662,Low Value,Repeat Customer
17183.0,3347.31,6,1296,557.885,6,97,3.23,3347.31,High Value,3.1865965834428382,1050.4341896907217,12605.21027628866,High Value,Repeat Customer
17184.0,198.41000000000003,2,73,99.20500000000001,2,161,5.37,198.41000000000003,Low Value,5.289093298291721,37.513045962732924,450.1565515527951,Low Value,Repeat Customer
17185.0,229.46,3,119,76.48666666666666,3,6,0.2,229.45999999999998,Low Value,1.0,229.46,2753.52,Medium Value,Repeat Customer
17186.0,144.0,2,200,72.0,2,13,0.43,144.0,Low Value,1.0,144.0,1728.0,Medium Value,Repeat Customer
17187.0,467.71,2,426,233.855,2,299,9.97,467.71,Medium Value,9.822601839684625,47.61569364548495,571.3883237458194,Low Value,Repeat Customer
17188.0,4592.93,13,2569,353.3023076923077,13,719,23.97,4592.93,High Value,23.62023653088042,194.44894186369962,2333.3873023643955,Medium Value,Repeat Customer
17189.0,953.63,5,601,190.726,5,631,21.03,953.63,Medium Value,20.729303547963205,46.00395752773376,552.0474903328052,Low Value,Repeat Customer
17190.0,1726.57,7,2218,246.65285714285713,7,585,19.5,1726.57,High Value,19.21813403416557,89.84066803418804,1078.0880164102564,Low Value,Repeat Customer
17191.0,4310.34,15,2208,287.356,15,710,23.67,4310.34,High Value,23.324572930354794,184.79823887323946,2217.5788664788734,Medium Value,Repeat Customer
17192.0,75.28,1,45,75.28,1,0,0.0,75.28,Low Value,1.0,75.28,903.36,Low Value,Single Purchase
17193.0,2310.04,9,1668,256.6711111111111,9,702,23.4,2310.04,High Value,23.061760840998684,100.16754643874644,1202.0105572649572,Low Value,Repeat Customer
17194.0,812.5,3,420,270.8333333333333,3,256,8.53,812.5,Medium Value,8.409986859395532,96.611328125,1159.3359375,Low Value,Repeat Customer
17195.0,562.98,1,486,562.98,1,0,0.0,562.98,Medium Value,1.0,562.98,6755.76,High Value,Single Purchase
17196.0,327.75,1,154,327.75,1,0,0.0,327.75,Low Value,1.0,327.75,3933.0,High Value,Single Purchase
17197.0,1013.01,1,191,1013.01,1,0,0.0,1013.01,Medium Value,1.0,1013.01,12156.119999999999,High Value,Single Purchase
17198.0,692.22,3,357,230.74,3,347,11.57,692.22,Medium Value,11.399474375821287,60.72385244956773,728.6862293948127,Low Value,Repeat Customer
17199.0,135.04000000000002,1,232,135.04000000000002,1,0,0.0,135.04000000000002,Low Value,1.0,135.04000000000002,1620.4800000000002,Medium Value,Single Purchase
17200.0,356.71,4,367,89.1775,4,264,8.8,356.71,Low Value,8.672798948751643,41.12974393939393,493.5569272727272,Low Value,Repeat Customer
17201.0,1143.1,4,1004,285.775,4,613,20.43,1143.1,Medium Value,20.13797634691196,56.76339967373572,681.1607960848287,Low Value,Repeat Customer
17202.0,160.65,1,55,160.65,1,0,0.0,160.65,Low Value,1.0,160.65,1927.8000000000002,Medium Value,Single Purchase
17203.0,5564.09,10,4597,556.409,10,352,11.73,5564.09,High Value,11.563731931668856,481.16732840909094,5774.007940909091,High Value,Repeat Customer
17204.0,5504.6900000000005,9,2651,611.6322222222223,9,372,12.4,5504.6900000000005,High Value,12.220762155059132,450.43753655913986,5405.250438709678,High Value,Repeat Customer
17205.0,999.35,3,2214,333.1166666666667,3,510,17.0,999.35,Medium Value,16.754270696452036,59.647478431372555,715.7697411764707,Low Value,Repeat Customer
17206.0,204.24,1,76,204.24,1,0,0.0,204.24,Low Value,1.0,204.24,2450.88,Medium Value,Single Purchase
17207.0,292.62,1,233,292.62,1,0,0.0,292.62,Low Value,1.0,292.62,3511.44,High Value,Single Purchase
17208.0,111.15,1,101,111.15,1,0,0.0,111.15,Low Value,1.0,111.15,1333.8000000000002,Low Value,Single Purchase
17209.0,595.7,3,723,198.5666666666667,3,87,2.9,595.7,Medium Value,2.8580814717477003,208.42652873563222,2501.1183448275865,Medium Value,Repeat Customer
17210.0,251.72,1,242,251.72,1,0,0.0,251.72,Low Value,1.0,251.72,3020.64,Medium Value,Single Purchase
17211.0,3773.35,13,2141,290.2576923076923,13,699,23.3,3773.35,High Value,22.963206307490143,164.32156509299,1971.85878111588,Medium Value,Repeat Customer
17212.0,794.41,3,727,264.80333333333334,3,233,7.77,794.4100000000001,Medium Value,7.654402102496714,103.78472274678111,1245.4166729613735,Low Value,Repeat Customer
17213.0,4869.400000000001,13,2087,374.5692307692308,13,684,22.8,4869.400000000001,High Value,22.470433639947437,216.70253801169594,2600.4304561403515,Medium Value,Repeat Customer
17214.0,1059.1200000000001,6,272,176.52,6,298,9.93,1059.1200000000001,Medium Value,9.789750328515112,108.18662013422819,1298.2394416107384,Low Value,Repeat Customer
17215.0,186.15,1,104,186.15,1,0,0.0,186.15,Low Value,1.0,186.15,2233.8,Medium Value,Single Purchase
17216.0,63.6,1,21,63.6,1,0,0.0,63.6,Low Value,1.0,63.6,763.2,Low Value,Single Purchase
17217.0,210.1,2,93,105.05,2,385,12.83,210.1,Low Value,12.64783180026281,16.611542857142858,199.3385142857143,Low Value,Repeat Customer
17218.0,3891.39,18,2066,216.18833333333333,18,678,22.6,3891.39,High Value,22.273324572930353,174.71078407079648,2096.5294088495575,Medium Value,Repeat Customer
17219.0,259.13,2,188,129.565,2,384,12.8,259.13,Low Value,12.614980289093298,20.54145104166667,246.49741250000002,Low Value,Repeat Customer
17220.0,4457.31,21,2663,212.25285714285715,21,664,22.13,4457.31,High Value,21.81340341655716,204.33812710843375,2452.057525301205,Medium Value,Repeat Customer
17221.0,976.62,5,713,195.324,5,599,19.97,976.6200000000001,Medium Value,19.678055190538764,49.62990450751252,595.5588540901502,Low Value,Repeat Customer
17222.0,1579.51,6,857,263.25166666666667,6,632,21.07,1579.51,Medium Value,20.76215505913272,76.07639936708861,912.9167924050633,Low Value,Repeat Customer
17223.0,558.04,3,155,186.01333333333332,3,64,2.13,558.04,Medium Value,2.102496714848883,265.41777499999995,3185.0132999999996,Medium Value,Repeat Customer
17224.0,100.86,1,65,100.86,1,0,0.0,100.86,Low Value,1.0,100.86,1210.32,Low Value,Single Purchase
17225.0,131.15,1,36,131.15,1,0,0.0,131.15,Low Value,1.0,131.15,1573.8000000000002,Medium Value,Single Purchase
17226.0,895.47,3,853,298.49,3,356,11.87,895.47,Medium Value,11.695137976346912,76.56771573033708,918.812588764045,Low Value,Repeat Customer
17227.0,1878.93,12,1681,156.57750000000001,12,674,22.47,1878.9300000000003,High Value,22.141918528252297,84.85850029673591,1018.3020035608309,Low Value,Repeat Customer
17228.0,2820.03,13,2354,216.92538461538464,13,621,20.7,2820.03,High Value,20.40078843626807,138.23142222222222,1658.7770666666665,Medium Value,Repeat Customer
17229.0,318.76,2,185,159.38,2,46,1.53,318.76,Low Value,1.5111695137976346,210.9359652173913,2531.2315826086956,Medium Value,Repeat Customer
17230.0,9388.49,18,3753,521.5827777777778,18,467,15.57,9388.49,High Value,15.341655716162943,611.9606758029978,7343.528109635974,High Value,Repeat Customer
17231.0,7064.8,25,3681,282.592,25,719,23.97,7064.799999999999,High Value,23.62023653088042,299.09946036161335,3589.19352433936,High Value,Repeat Customer
17232.0,417.77,2,202,208.885,2,11,0.37,417.77,Low Value,1.0,417.77,5013.24,High Value,Repeat Customer
17233.0,560.86,3,298,186.95333333333335,3,689,22.97,560.86,Medium Value,22.634691195795007,24.778778519593615,297.3453422351234,Low Value,Repeat Customer
17234.0,149.89000000000001,1,55,149.89000000000001,1,0,0.0,149.89000000000001,Low Value,1.0,149.89000000000001,1798.6800000000003,Medium Value,Single Purchase
17235.0,1562.98,8,845,195.3725,8,527,17.57,1562.98,Medium Value,17.31274638633377,90.27914838709678,1083.3497806451614,Low Value,Repeat Customer
17236.0,1929.26,12,804,160.77166666666668,12,629,20.97,1929.2600000000002,High Value,20.66360052562418,93.36514213036565,1120.3817055643879,Low Value,Repeat Customer
17237.0,994.13,4,414,248.5325,4,370,12.33,994.13,Medium Value,12.155059132720105,81.78734378378378,981.4481254054053,Low Value,Repeat Customer
17238.0,7331.67,32,3555,229.1146875,32,736,24.53,7331.67,High Value,24.178712220762154,303.22830815217395,3638.7396978260876,High Value,Repeat Customer
17239.0,1189.45,4,515,297.3625,4,213,7.1,1189.45,Medium Value,6.9973718791064385,169.9852488262911,2039.822985915493,Medium Value,Repeat Customer
17240.0,130.6,1,108,130.6,1,0,0.0,130.6,Low Value,1.0,130.6,1567.1999999999998,Medium Value,Single Purchase
17241.0,2736.64,12,859,228.0533333333333,12,276,9.2,2736.64,High Value,9.067017082785808,301.82362898550724,3621.883547826087,High Value,Repeat Customer
17242.0,2889.28,5,1459,577.856,5,576,19.2,2889.2799999999997,High Value,18.922470433639948,152.69042222222222,1832.2850666666668,Medium Value,Repeat Customer
17243.0,20203.58,69,7932,292.80550724637686,69,736,24.53,20203.58,High Value,24.178712220762154,835.5937163043479,10027.124595652174,High Value,Repeat Customer
17244.0,1826.04,5,1419,365.20799999999997,5,680,22.67,1826.04,High Value,22.339027595269382,81.74214352941176,980.9057223529412,Low Value,Repeat Customer
17245.0,371.63,2,307,185.815,2,484,16.13,371.63,Low Value,15.900131406044677,23.372762809917358,280.4731537190083,Low Value,Repeat Customer
17246.0,38.92,2,36,19.46,2,191,6.37,38.92,Low Value,6.274638633377135,6.202747643979058,74.4329717277487,Low Value,Repeat Customer
17247.0,280.09000000000003,1,105,280.09000000000003,1,0,0.0,280.09000000000003,Low Value,1.0,280.09000000000003,3361.0800000000004,Medium Value,Single Purchase
17248.0,500.54,2,276,250.27,2,361,12.03,500.54,Medium Value,11.85939553219448,42.20619833795014,506.4743800554017,Low Value,Repeat Customer
17249.0,68.03,1,79,68.03,1,0,0.0,68.03,Low Value,1.0,68.03,816.36,Low Value,Single Purchase
17250.0,381.97,2,167,190.985,2,257,8.57,381.97,Low Value,8.442838370565045,45.24189416342413,542.9027299610896,Low Value,Repeat Customer
17251.0,798.98,3,377,266.32666666666665,3,362,12.07,798.98,Medium Value,11.892247043363994,67.18494806629835,806.2193767955802,Low Value,Repeat Customer
17252.0,348.91,2,192,174.455,2,69,2.3,348.91,Low Value,2.266754270696452,153.92493333333334,1847.0992,Medium Value,Repeat Customer
17253.0,178.26,1,43,178.26,1,0,0.0,178.26,Low Value,1.0,178.26,2139.12,Medium Value,Single Purchase
17254.0,469.48,3,397,156.49333333333334,3,396,13.2,469.48,Medium Value,13.009198423127463,36.08831111111111,433.0597333333333,Low Value,Repeat Customer
17255.0,781.7,4,583,195.425,4,405,13.5,781.7,Medium Value,13.304862023653088,58.75295802469136,705.0354962962963,Low Value,Repeat Customer
17256.0,498.93,5,299,99.786,5,492,16.4,498.93,Medium Value,16.16294349540079,30.868758536585364,370.4251024390244,Low Value,Repeat Customer
17257.0,189.78,2,187,94.89,2,0,0.0,189.78,Low Value,1.0,189.78,2277.36,Medium Value,Repeat Customer
17258.0,417.3,2,188,208.65,2,268,8.93,417.3,Low Value,8.804204993429698,47.39780597014926,568.7736716417911,Low Value,Repeat Customer
17259.0,1452.39,6,844,242.06500000000003,6,507,16.9,1452.39,Medium Value,16.655716162943495,87.20069349112427,1046.4083218934911,Low Value,Repeat Customer
17260.0,120.95,1,23,120.95,1,0,0.0,120.95,Low Value,1.0,120.95,1451.4,Medium Value,Single Purchase
17261.0,221.59,1,95,221.59,1,0,0.0,221.59,Low Value,1.0,221.59,2659.08,Medium Value,Single Purchase
17262.0,2488.76,11,635,226.25090909090912,11,672,22.4,2488.76,High Value,22.07621550591327,112.73490238095239,1352.8188285714286,Low Value,Repeat Customer
17263.0,63.440000000000005,1,36,63.440000000000005,1,0,0.0,63.440000000000005,Low Value,1.0,63.440000000000005,761.2800000000001,Low Value,Single Purchase
17264.0,268.28,1,217,268.28,1,0,0.0,268.28,Low Value,1.0,268.28,3219.3599999999997,Medium Value,Single Purchase
17265.0,550.01,2,389,275.005,2,41,1.37,550.01,Medium Value,1.3469119579500657,408.3488878048781,4900.186653658537,High Value,Repeat Customer
17266.0,501.71999999999997,5,243,100.344,5,638,21.27,501.71999999999997,Medium Value,20.9592641261498,23.937863322884013,287.25435987460816,Low Value,Repeat Customer
17267.0,317.2,2,158,158.6,2,0,0.0,317.2,Low Value,1.0,317.2,3806.3999999999996,High Value,Repeat Customer
17268.0,1733.8899999999999,11,1395,157.62636363636364,11,623,20.77,1733.8899999999999,High Value,20.466491458607095,84.71847768860353,1016.6217322632424,Low Value,Repeat Customer
17269.0,491.81,1,314,491.81,1,0,0.0,491.81,Medium Value,1.0,491.81,5901.72,High Value,Single Purchase
17270.0,601.4499999999999,2,420,300.72499999999997,2,262,8.73,601.4499999999999,Medium Value,8.607095926412615,69.87838931297709,838.540671755725,Low Value,Repeat Customer
17271.0,204.3,1,113,204.3,1,0,0.0,204.3,Low Value,1.0,204.3,2451.6000000000004,Medium Value,Single Purchase
17272.0,2148.63,4,1778,537.1575,4,220,7.33,2148.63,High Value,7.227332457293035,297.29226000000006,3567.5071200000007,High Value,Repeat Customer
17273.0,141.12,1,133,141.12,1,0,0.0,141.12,Low Value,1.0,141.12,1693.44,Medium Value,Single Purchase
17274.0,573.22,2,271,286.61,2,360,12.0,573.22,Medium Value,11.826544021024967,48.46893555555556,581.6272266666667,Low Value,Repeat Customer
17275.0,114.1,1,71,114.1,1,0,0.0,114.1,Low Value,1.0,114.1,1369.1999999999998,Low Value,Single Purchase
17276.0,502.49,1,187,502.49,1,0,0.0,502.49,Medium Value,1.0,502.49,6029.88,High Value,Single Purchase
17277.0,1065.3500000000001,2,430,532.6750000000001,2,95,3.17,1065.3500000000001,Medium Value,3.1208935611038107,341.3605684210527,4096.326821052632,High Value,Repeat Customer
17278.0,271.24,2,195,135.62,2,323,10.77,271.24,Low Value,10.611038107752956,25.562060681114556,306.74472817337465,Low Value,Repeat Customer
17279.0,187.82999999999998,1,48,187.82999999999998,1,0,0.0,187.82999999999998,Low Value,1.0,187.82999999999998,2253.96,Medium Value,Single Purchase
17280.0,118.85999999999999,1,74,118.85999999999999,1,0,0.0,118.85999999999999,Low Value,1.0,118.85999999999999,1426.3199999999997,Low Value,Single Purchase
17281.0,797.8499999999999,6,295,132.975,6,299,9.97,797.8499999999999,Medium Value,9.822601839684625,81.22593311036789,974.7111973244147,Low Value,Repeat Customer
17282.0,2308.54,5,2332,461.70799999999997,5,418,13.93,2308.54,High Value,13.731931668856767,168.11473110047848,2017.3767732057418,Medium Value,Repeat Customer
17283.0,188.46,1,179,188.46,1,0,0.0,188.46,Low Value,1.0,188.46,2261.52,Medium Value,Single Purchase
17284.0,2788.06,8,2069,348.5075,8,384,12.8,2788.06,High Value,12.614980289093298,221.01183958333334,2652.142075,Medium Value,Repeat Customer
17285.0,407.94,2,134,203.97,2,34,1.13,407.94,Low Value,1.1169513797634691,365.22628235294115,4382.715388235294,High Value,Repeat Customer
17286.0,389.18,3,368,129.72666666666666,3,378,12.6,389.17999999999995,Low Value,12.417871222076215,31.340315343915346,376.08378412698414,Low Value,Repeat Customer
17287.0,3826.86,21,1955,182.23142857142858,21,710,23.67,3826.86,High Value,23.324572930354794,164.06988507042254,1968.8386208450706,Medium Value,Repeat Customer
17288.0,2468.43,11,1699,224.40272727272725,11,385,12.83,2468.43,High Value,12.64783180026281,195.16625766233767,2341.995091948052,Medium Value,Repeat Customer
17289.0,2041.8,9,1237,226.86666666666667,9,609,20.3,2041.8000000000002,High Value,20.006570302233904,102.05647290640394,1224.6776748768473,Low Value,Repeat Customer
17290.0,1487.96,8,1139,185.995,8,722,24.07,1487.96,Medium Value,23.71879106438896,62.733382825484775,752.8005939058173,Low Value,Repeat Customer
17291.0,550.8000000000001,1,72,550.8000000000001,1,0,0.0,550.8000000000001,Medium Value,1.0,550.8000000000001,6609.6,High Value,Single Purchase
17292.0,271.75,2,131,135.875,2,107,3.57,271.75,Low Value,3.515111695137976,77.30906542056076,927.7087850467291,Low Value,Repeat Customer
17293.0,3750.63,17,2228,220.62529411764706,17,727,24.23,3750.63,High Value,23.88304862023653,157.041509215956,1884.4981105914721,Medium Value,Repeat Customer
17294.0,467.78999999999996,2,297,233.89499999999998,2,0,0.0,467.78999999999996,Medium Value,1.0,467.78999999999996,5613.48,High Value,Repeat Customer
17295.0,547.0,3,293,182.33333333333334,3,35,1.17,547.0,Medium Value,1.149802890932983,475.73371428571426,5708.804571428571,High Value,Repeat Customer
17296.0,338.13,1,216,338.13,1,0,0.0,338.13,Low Value,1.0,338.13,4057.56,High Value,Single Purchase
17297.0,128.18,1,65,128.18,1,0,0.0,128.18,Low Value,1.0,128.18,1538.16,Medium Value,Single Purchase
17298.0,954.26,5,852,190.852,5,540,18.0,954.26,Medium Value,17.73981603153745,53.791989629629626,645.5038755555555,Low Value,Repeat Customer
17299.0,993.23,6,919,165.53833333333333,6,469,15.63,993.23,Medium Value,15.407358738501971,64.46465074626866,773.5758089552239,Low Value,Repeat Customer
17300.0,393.64,2,467,196.82,2,90,3.0,393.64,Low Value,2.9566360052562417,133.13779555555556,1597.6535466666667,Medium Value,Repeat Customer
17301.0,294.39,2,216,147.195,2,603,20.1,294.39,Low Value,19.80946123521682,14.861080597014926,178.3329671641791,Low Value,Repeat Customer
17302.0,1135.63,5,575,227.12600000000003,5,290,9.67,1135.63,Medium Value,9.526938239159001,119.20199034482759,1430.423884137931,Low Value,Repeat Customer
17303.0,250.04,1,144,250.04,1,0,0.0,250.04,Low Value,1.0,250.04,3000.48,Medium Value,Single Purchase
17304.0,111.5,1,73,111.5,1,0,0.0,111.5,Low Value,1.0,111.5,1338.0,Low Value,Single Purchase
17305.0,2135.46,1,1006,2135.46,1,0,0.0,2135.46,High Value,1.0,2135.46,25625.52,High Value,Single Purchase
17306.0,9782.35,21,13747,465.8261904761905,21,393,13.1,9782.35,High Value,12.910643889618921,757.6965241730281,9092.358290076338,High Value,Repeat Customer
17307.0,3999.8900000000003,11,3667,363.6263636363637,11,293,9.77,3999.890000000001,High Value,9.625492772667542,415.5517119453926,4986.620543344711,High Value,Repeat Customer
17308.0,4511.76,2,5148,2255.88,2,59,1.97,4511.76,High Value,1.938239159001314,2327.762277966102,27933.147335593225,High Value,Repeat Customer
17309.0,320.39,3,181,106.79666666666667,3,577,19.23,320.39,Low Value,18.95532194480946,16.90237712305026,202.82852547660315,Low Value,Repeat Customer
17310.0,1025.1,2,402,512.55,2,147,4.9,1025.1,Medium Value,4.829172141918528,212.27240816326528,2547.2688979591835,Medium Value,Repeat Customer
17311.0,3566.56,6,2755,594.4266666666666,6,596,19.87,3566.5599999999995,High Value,19.579500657030223,182.15786308724833,2185.89435704698,Medium Value,Repeat Customer
17312.0,644.3,3,372,214.76666666666665,3,20,0.67,644.3,Medium Value,1.0,644.3,7731.599999999999,High Value,Repeat Customer
17313.0,2328.84,1,1402,2328.84,1,0,0.0,2328.84,High Value,1.0,2328.84,27946.08,High Value,Single Purchase
17314.0,4904.43,17,3663,288.4958823529412,17,711,23.7,4904.43,High Value,23.35742444152431,209.97306497890298,2519.6767797468356,Medium Value,Repeat Customer
17315.0,9599.58,43,5088,223.2460465116279,43,436,14.53,9599.58,High Value,14.323258869908015,670.2092091743119,8042.510510091743,High Value,Repeat Customer
17316.0,124.45,1,44,124.45,1,0,0.0,124.45,Low Value,1.0,124.45,1493.4,Medium Value,Single Purchase
17317.0,2600.34,3,1146,866.7800000000001,3,43,1.43,2600.34,High Value,1.4126149802890933,1840.7988279069768,22089.585934883722,High Value,Repeat Customer
17318.0,157.32999999999998,1,59,157.32999999999998,1,0,0.0,157.32999999999998,Low Value,1.0,157.32999999999998,1887.9599999999998,Medium Value,Single Purchase
17319.0,29.1,1,14,29.1,1,0,0.0,29.1,Low Value,1.0,29.1,349.20000000000005,Low Value,Single Purchase
17320.0,2444.85,6,1182,407.47499999999997,6,586,19.53,2444.85,High Value,19.250985545335084,126.9986928327645,1523.984313993174,Medium Value,Repeat Customer
17321.0,1665.21,6,790,277.535,6,569,18.97,1665.21,High Value,18.69250985545335,89.0843451669596,1069.0121420035152,Low Value,Repeat Customer
17322.0,922.59,5,631,184.518,5,360,12.0,922.59,Medium Value,11.826544021024967,78.01011000000001,936.1213200000002,Low Value,Repeat Customer
17323.0,1551.04,12,1426,129.25333333333333,12,683,22.77,1551.04,Medium Value,22.437582128777922,69.12687789165447,829.5225346998536,Low Value,Repeat Customer
17324.0,2171.07,12,1485,180.9225,12,703,23.43,2171.07,High Value,23.0946123521682,94.007639829303,1128.091677951636,Low Value,Repeat Customer
17325.0,609.5699999999999,3,465,203.18999999999997,3,361,12.03,609.5699999999999,Medium Value,11.85939553219448,51.39975290858726,616.7970349030471,Low Value,Repeat Customer
17326.0,312.35,2,136,156.175,2,121,4.03,312.35,Low Value,3.9750328515111693,78.57796694214878,942.9356033057853,Low Value,Repeat Customer
17327.0,152.35,2,59,76.175,2,152,5.07,152.35,Low Value,4.993429697766097,30.51009210526316,366.1211052631579,Low Value,Repeat Customer
17328.0,104.7,1,86,104.7,1,0,0.0,104.7,Low Value,1.0,104.7,1256.4,Low Value,Single Purchase
17329.0,998.53,5,430,199.706,5,721,24.03,998.53,Medium Value,23.68593955321945,42.15707794729542,505.88493536754504,Low Value,Repeat Customer
17330.0,423.8,4,122,105.95,4,624,20.8,423.8,Low Value,20.49934296977661,20.673833333333334,248.086,Low Value,Repeat Customer
17331.0,175.2,1,16,175.2,1,0,0.0,175.2,Low Value,1.0,175.2,2102.3999999999996,Medium Value,Single Purchase
17332.0,838.27,5,794,167.654,5,128,4.27,838.27,Medium Value,4.204993429697766,199.351084375,2392.2130125,Medium Value,Repeat Customer
17333.0,494.25,1,375,494.25,1,0,0.0,494.25,Medium Value,1.0,494.25,5931.0,High Value,Single Purchase
17334.0,635.15,3,566,211.71666666666667,3,104,3.47,635.15,Medium Value,3.416557161629435,185.90351923076923,2230.842230769231,Medium Value,Repeat Customer
17335.0,497.04,2,210,248.52,2,300,10.0,497.04,Medium Value,9.85545335085414,50.432992,605.1959039999999,Low Value,Repeat Customer
17336.0,81.12,1,48,81.12,1,0,0.0,81.12,Low Value,1.0,81.12,973.44,Low Value,Single Purchase
17337.0,1981.06,4,1247,495.265,4,158,5.27,1981.06,High Value,5.19053876478318,381.6675088607595,4580.010106329114,High Value,Repeat Customer
17338.0,11889.33,17,5780,699.3723529411765,17,621,20.7,11889.33,High Value,20.40078843626807,582.7877700483092,6993.453240579711,High Value,Repeat Customer
17339.0,302.36,3,172,100.78666666666668,3,415,13.83,302.36,Low Value,13.633377135348226,22.17792385542169,266.1350862650603,Low Value,Repeat Customer
17340.0,19617.95,18,9497,1089.8861111111112,18,633,21.1,19617.95,High Value,20.795006570302235,943.3971532385466,11320.765838862559,High Value,Repeat Customer
17341.0,1272.21,5,831,254.442,5,383,12.77,1272.21,Medium Value,12.582128777923783,101.11246057441255,1213.3495268929505,Low Value,Repeat Customer
17342.0,1227.54,4,521,306.885,4,290,9.67,1227.54,Medium Value,9.526938239159001,128.84937103448274,1546.192452413793,Medium Value,Repeat Customer
17343.0,1259.94,6,454,209.99,6,380,12.67,1259.94,Medium Value,12.483574244415243,100.9278252631579,1211.1339031578948,Low Value,Repeat Customer
17344.0,457.36,2,200,228.68,2,682,22.73,457.36,Low Value,22.404730617608408,20.41354604105572,244.96255249266864,Low Value,Repeat Customer
17345.0,1586.6299999999999,10,2008,158.66299999999998,10,722,24.07,1586.6299999999999,Medium Value,23.71879106438896,66.8933756232687,802.7205074792244,Low Value,Repeat Customer
17346.0,4998.61,26,3439,192.25423076923076,26,597,19.9,4998.61,High Value,19.612352168199735,254.87049983249582,3058.44599798995,Medium Value,Repeat Customer
17347.0,228.96,1,216,228.96,1,0,0.0,228.96,Low Value,1.0,228.96,2747.52,Medium Value,Single Purchase
17348.0,2442.29,9,2766,271.36555555555555,9,624,20.8,2442.29,High Value,20.49934296977661,119.13991602564103,1429.6789923076924,Low Value,Repeat Customer
17349.0,772.41,5,772,154.482,5,452,15.07,772.41,Medium Value,14.848883048620236,52.018053982300884,624.2166477876106,Low Value,Repeat Customer
17350.0,1893.701,7,1178,270.5287142857143,7,668,22.27,1893.701,High Value,21.944809461235216,86.29380005988024,1035.5256007185628,Low Value,Repeat Customer
17351.0,1988.23,12,383,165.68583333333333,12,693,23.1,1988.23,High Value,22.766097240473062,87.33293102453102,1047.9951722943722,Low Value,Repeat Customer
17352.0,36.25,1,15,36.25,1,0,0.0,36.25,Low Value,1.0,36.25,435.0,Low Value,Single Purchase
17353.0,3242.0,4,2168,810.5,4,495,16.5,3242.0,High Value,16.26149802890933,199.36662626262626,2392.399515151515,Medium Value,Repeat Customer
17354.0,3133.96,4,2531,783.49,4,377,12.57,3133.96,High Value,12.3850197109067,253.04440954907164,3036.53291458886,Medium Value,Repeat Customer
17355.0,273.31,1,249,273.31,1,0,0.0,273.31,Low Value,1.0,273.31,3279.7200000000003,Medium Value,Single Purchase
17356.0,946.47,5,925,189.294,5,376,12.53,946.47,Medium Value,12.352168199737187,76.62379468085106,919.4855361702128,Low Value,Repeat Customer
17357.0,384.39,2,152,192.195,2,0,0.0,384.39,Low Value,1.0,384.39,4612.68,High Value,Repeat Customer
17358.0,861.01,5,430,172.202,5,350,11.67,861.01,Medium Value,11.498028909329829,74.88326971428572,898.5992365714286,Low Value,Repeat Customer
17359.0,284.46,2,237,142.23,2,636,21.2,284.46,Low Value,20.893561103810775,13.61472075471698,163.37664905660375,Low Value,Repeat Customer
17360.0,1200.51,6,624,200.085,6,417,13.9,1200.51,Medium Value,13.699080157687254,87.63435107913669,1051.6122129496403,Low Value,Repeat Customer
17361.0,871.79,5,380,174.358,5,627,20.9,871.79,Medium Value,20.59789750328515,42.32422264752791,507.89067177033496,Low Value,Repeat Customer
17362.0,1024.04,7,549,146.29142857142855,7,463,15.43,1024.04,Medium Value,15.210249671484888,67.3256535637149,807.9078427645787,Low Value,Repeat Customer
17363.0,920.46,3,499,306.82,3,6,0.2,920.46,Medium Value,1.0,920.46,11045.52,High Value,Repeat Customer
17364.0,11972.92,28,7464,427.6042857142857,28,731,24.37,11972.92,High Value,24.014454664914584,498.57138823529414,5982.85665882353,High Value,Repeat Customer
17365.0,8184.49,15,8015,545.6326666666666,15,664,22.13,8184.49,High Value,21.81340341655716,375.20463192771086,4502.455583132531,High Value,Repeat Customer
17366.0,1077.24,2,504,538.62,2,23,0.77,1077.24,Medium Value,1.0,1077.24,12926.880000000001,High Value,Repeat Customer
17367.0,167.55,1,149,167.55,1,0,0.0,167.55,Low Value,1.0,167.55,2010.6000000000001,Medium Value,Single Purchase
17368.0,2758.29,14,2319,197.0207142857143,14,700,23.33,2758.29,High Value,22.996057818659658,119.94621085714286,1439.3545302857142,Low Value,Repeat Customer
17369.0,979.1999999999999,1,1152,979.1999999999999,1,0,0.0,979.1999999999999,Medium Value,1.0,979.1999999999999,11750.4,High Value,Single Purchase
17370.0,446.18,4,540,111.545,4,96,3.2,446.18,Low Value,3.1537450722733245,141.47624166666668,1697.7149000000002,Medium Value,Repeat Customer
17371.0,655.37,6,281,109.22833333333334,6,714,23.8,655.37,Medium Value,23.45597897503285,27.940424089635858,335.2850890756303,Low Value,Repeat Customer
17372.0,4347.31,28,1863,155.26107142857146,28,695,23.17,4347.31,High Value,22.831800262812088,190.40592287769786,2284.871074532374,Medium Value,Repeat Customer
17373.0,1167.5,7,738,166.78571428571428,7,609,20.3,1167.5,Medium Value,20.006570302233904,58.35582922824302,700.2699507389162,Low Value,Repeat Customer
17374.0,727.11,3,155,242.37,3,176,5.87,727.11,Medium Value,5.781865965834428,125.75697954545456,1509.0837545454547,Medium Value,Repeat Customer
17375.0,660.55,4,480,165.1375,4,232,7.73,660.55,Medium Value,7.621550591327201,86.66871551724138,1040.0245862068966,Low Value,Repeat Customer
17376.0,453.64,4,244,113.41,4,452,15.07,453.64,Low Value,14.848883048620236,30.550446017699116,366.6053522123894,Low Value,Repeat Customer
17377.0,17644.27,78,7335,226.20858974358976,78,713,23.77,17644.27,High Value,23.423127463863338,753.2841217391305,9039.409460869565,High Value,Repeat Customer
17378.0,10.95,1,1,10.95,1,0,0.0,10.95,Low Value,1.0,10.95,131.39999999999998,Low Value,Single Purchase
17379.0,389.71999999999997,1,623,389.71999999999997,1,0,0.0,389.71999999999997,Low Value,1.0,389.71999999999997,4676.639999999999,High Value,Single Purchase
17380.0,645.0,3,252,215.0,3,100,3.33,645.0,Medium Value,3.2851511169513796,196.33800000000002,2356.0560000000005,Medium Value,Repeat Customer
17381.0,36398.65,38,42879,957.8592105263158,38,539,17.97,36398.65,High Value,17.706964520367936,2055.612070500928,24667.344846011136,High Value,Repeat Customer
17382.0,902.28,8,457,112.785,8,504,16.8,902.28,Medium Value,16.557161629434955,54.49484761904762,653.9381714285714,Low Value,Repeat Customer
17383.0,304.09,2,160,152.045,2,449,14.97,304.09,Low Value,14.750328515111695,20.615812026726058,247.38974432071268,Low Value,Repeat Customer
17384.0,507.55,3,121,169.18333333333334,3,447,14.9,507.55,Medium Value,14.684625492772668,34.56336017897092,414.760322147651,Low Value,Repeat Customer
17385.0,256.11,1,197,256.11,1,0,0.0,256.11,Low Value,1.0,256.11,3073.32,Medium Value,Single Purchase
17386.0,2812.77,7,1955,401.82428571428574,7,377,12.57,2812.77,High Value,12.3850197109067,227.11065994694962,2725.3279193633953,Medium Value,Repeat Customer
17387.0,746.81,2,522,373.405,2,13,0.43,746.81,Medium Value,1.0,746.81,8961.72,High Value,Repeat Customer
17388.0,2675.37,11,2555,243.21545454545455,11,651,21.7,2675.37,High Value,21.38633377135348,125.09717788018433,1501.166134562212,Medium Value,Repeat Customer
17389.0,57215.33,61,17880,937.9562295081968,61,734,24.47,57215.33,High Value,24.113009198423125,2372.7992441416895,28473.590929700273,High Value,Repeat Customer
17390.0,149.3,1,49,149.3,1,0,0.0,149.3,Low Value,1.0,149.3,1791.6000000000001,Medium Value,Single Purchase
17391.0,508.8,2,480,254.4,2,0,0.0,508.8,Medium Value,1.0,508.8,6105.6,High Value,Repeat Customer
17392.0,585.92,3,450,195.30666666666664,3,143,4.77,585.92,Medium Value,4.697766097240473,124.72311048951047,1496.6773258741257,Medium Value,Repeat Customer
17393.0,381.15,2,238,190.575,2,77,2.57,381.15,Low Value,2.5295663600525624,150.678,1808.136,Medium Value,Repeat Customer
17394.0,203.86999999999998,1,241,203.86999999999998,1,0,0.0,203.86999999999998,Low Value,1.0,203.86999999999998,2446.4399999999996,Medium Value,Single Purchase
17395.0,97.5,1,66,97.5,1,0,0.0,97.5,Low Value,1.0,97.5,1170.0,Low Value,Single Purchase
17396.0,8409.6,14,2313,600.6857142857143,14,402,13.4,8409.6,High Value,13.206307490144546,636.7866268656717,7641.43952238806,High Value,Repeat Customer
17397.0,1198.28,3,691,399.4266666666667,3,394,13.13,1198.28,Medium Value,12.943495400788436,92.57777461928934,1110.933295431472,Low Value,Repeat Customer
17398.0,653.38,3,310,217.79333333333332,3,140,4.67,653.38,Medium Value,4.599211563731932,142.06348,1704.7617599999999,Medium Value,Repeat Customer
17400.0,4623.28,8,2185,577.91,8,595,19.83,4623.28,High Value,19.54664914586071,236.52545075630252,2838.3054090756305,Medium Value,Repeat Customer
17401.0,114.85,1,34,114.85,1,0,0.0,114.85,Low Value,1.0,114.85,1378.1999999999998,Low Value,Single Purchase
17402.0,4635.5599999999995,23,1450,201.54608695652172,23,718,23.93,4635.5599999999995,High Value,23.587385019710904,196.52708412256268,2358.3250094707523,Medium Value,Repeat Customer
17403.0,382.87,2,188,191.435,2,414,13.8,382.87,Low Value,13.600525624178712,28.151117874396135,337.8134144927536,Low Value,Repeat Customer
17404.0,47781.12,23,50679,2077.44,23,697,23.23,47781.12,High Value,22.897503285151117,2086.7393010043043,25040.87161205165,High Value,Repeat Customer
17405.0,1031.41,3,726,343.80333333333334,3,149,4.97,1031.41,Medium Value,4.894875164257556,210.71221744966445,2528.5466093959735,Medium Value,Repeat Customer
17406.0,4186.95,13,1847,322.0730769230769,13,400,13.33,4186.95,High Value,13.140604467805518,318.626895,3823.52274,High Value,Repeat Customer
17407.0,552.9,1,426,552.9,1,0,0.0,552.9,Medium Value,1.0,552.9,6634.799999999999,High Value,Single Purchase
17408.0,316.09000000000003,3,163,105.36333333333334,3,350,11.67,316.09000000000003,Low Value,11.498028909329829,27.49079885714286,329.8895862857143,Low Value,Repeat Customer
17409.0,7793.51,10,4089,779.351,10,543,18.1,7793.51,High Value,17.83837056504599,436.89584604051566,5242.750152486188,High Value,Repeat Customer
17410.0,1214.72,5,616,242.94400000000002,5,199,6.63,1214.72,Medium Value,6.5374507227332455,185.8094311557789,2229.713173869347,Medium Value,Repeat Customer
17411.0,1425.38,5,608,285.076,5,724,24.13,1425.38,Medium Value,23.78449408672799,59.92896022099448,719.1475226519337,Low Value,Repeat Customer
17412.0,4220.22,16,2554,263.76375,16,734,24.47,4220.22,High Value,24.113009198423125,175.0183880108992,2100.2206561307903,Medium Value,Repeat Customer
17413.0,560.14,2,302,280.07,2,165,5.5,560.14,Medium Value,5.4204993429697765,103.33734303030303,1240.0481163636364,Low Value,Repeat Customer
17414.0,2249.52,6,6256,374.92,6,692,23.07,2249.52,High Value,22.733245729303547,98.95287398843931,1187.4344878612717,Low Value,Repeat Customer
17415.0,507.84,1,114,507.84,1,0,0.0,507.84,Medium Value,1.0,507.84,6094.08,High Value,Single Purchase
17416.0,17298.45,22,8769,786.2931818181819,22,695,23.17,17298.45,High Value,22.831800262812088,757.647220143885,9091.76664172662,High Value,Repeat Customer
17417.0,164.18,1,76,164.18,1,0,0.0,164.18,Low Value,1.0,164.18,1970.16,Medium Value,Single Purchase
17418.0,670.0600000000001,3,521,223.35333333333335,3,344,11.47,670.0600000000001,Medium Value,11.300919842312746,59.29251860465117,711.510223255814,Low Value,Repeat Customer
17419.0,6126.25,18,2884,340.34722222222223,18,672,22.4,6126.25,High Value,22.07621550591327,277.5045386904762,3330.054464285714,Medium Value,Repeat Customer
17420.0,953.58,6,446,158.93,6,351,11.7,953.58,Medium Value,11.530880420499342,82.69793504273505,992.3752205128206,Low Value,Repeat Customer
17421.0,1059.41,3,807,353.1366666666667,3,349,11.63,1059.41,Medium Value,11.465177398160314,92.40240802292266,1108.8288962750719,Low Value,Repeat Customer
17422.0,3594.76,11,3538,326.79636363636365,11,518,17.27,3594.76,High Value,17.017082785808146,211.24419768339772,2534.9303722007726,Medium Value,Repeat Customer
17423.0,1118.95,3,790,372.98333333333335,3,347,11.57,1118.95,Medium Value,11.399474375821287,98.15803458213257,1177.8964149855908,Low Value,Repeat Customer
17425.0,759.17,2,407,379.585,2,41,1.37,759.17,Medium Value,1.3469119579500657,563.6374341463414,6763.649209756097,High Value,Repeat Customer
17426.0,8077.77,13,5187,621.3669230769231,13,652,21.73,8077.7699999999995,High Value,21.419185282522996,377.1277895705522,4525.533474846627,High Value,Repeat Customer
17427.0,100.8,1,34,100.8,1,0,0.0,100.8,Low Value,1.0,100.8,1209.6,Low Value,Single Purchase
17428.0,31466.760000000002,45,17356,699.2613333333334,45,737,24.57,31466.760000000002,High Value,24.21156373193167,1299.6583099050204,15595.899718860244,High Value,Repeat Customer
17429.0,1357.46,5,1286,271.492,5,301,10.03,1357.46,Medium Value,9.888304862023652,137.2793435215947,1647.3521222591366,Medium Value,Repeat Customer
17430.0,622.57,4,455,155.6425,4,446,14.87,622.57,Medium Value,14.651773981603153,42.4911004484305,509.893205381166,Low Value,Repeat Customer
17431.0,403.3,1,292,403.3,1,0,0.0,403.3,Low Value,1.0,403.3,4839.6,High Value,Single Purchase
17432.0,1728.99,9,1008,192.11,9,717,23.9,1728.9900000000002,High Value,23.554533508541393,73.40370376569038,880.8444451882846,Low Value,Repeat Customer
17433.0,569.96,2,305,284.98,2,297,9.9,569.96,Medium Value,9.756898817345597,58.416102356902364,700.9932282828283,Low Value,Repeat Customer
17434.0,2373.82,7,1693,339.1171428571429,7,82,2.73,2373.82,High Value,2.6938239159001314,881.2083024390245,10574.499629268294,High Value,Repeat Customer
17435.0,331.35,1,195,331.35,1,0,0.0,331.35,Low Value,1.0,331.35,3976.2000000000003,High Value,Single Purchase
17436.0,534.06,5,178,106.81199999999998,5,730,24.33,534.06,Medium Value,23.98160315374507,22.269570410958906,267.23484493150687,Low Value,Repeat Customer
17437.0,369.68,1,283,369.68,1,0,0.0,369.68,Low Value,1.0,369.68,4436.16,High Value,Single Purchase
17438.0,1422.77,5,553,284.554,5,387,12.9,1422.77,Medium Value,12.713534822601838,111.9098677002584,1342.9184124031008,Low Value,Repeat Customer
17439.0,325.74,1,370,325.74,1,0,0.0,325.74,Low Value,1.0,325.74,3908.88,High Value,Single Purchase
17440.0,323.58,4,282,80.895,4,392,13.07,323.58,Low Value,12.877792378449408,25.126977551020406,301.5237306122449,Low Value,Repeat Customer
17441.0,293.35,1,245,293.35,1,0,0.0,293.35,Low Value,1.0,293.35,3520.2000000000003,High Value,Single Purchase
17442.0,4620.3,15,3134,308.02000000000004,15,625,20.83,4620.3,High Value,20.532194480946124,225.0270912,2700.3250944,Medium Value,Repeat Customer
17443.0,534.24,1,504,534.24,1,0,0.0,534.24,Medium Value,1.0,534.24,6410.88,High Value,Single Purchase
17444.0,2940.04,3,2119,980.0133333333333,3,25,0.83,2940.04,High Value,1.0,2940.04,35280.479999999996,High Value,Repeat Customer
17446.0,120.9,2,198,60.45,2,133,4.43,120.9,Low Value,4.369250985545335,27.670646616541354,332.0477593984963,Low Value,Repeat Customer
17447.0,541.53,2,443,270.765,2,31,1.03,541.53,Medium Value,1.0183968462549278,531.7475225806451,6380.97027096774,High Value,Repeat Customer
17448.0,14523.67,46,11534,315.7319565217391,46,147,4.9,14523.669999999998,High Value,4.829172141918528,3007.4864952380954,36089.83794285714,High Value,Repeat Customer
17449.0,4868.15,13,2483,374.4730769230769,13,728,24.27,4868.15,High Value,23.915900131406044,203.5528653846154,2442.6343846153845,Medium Value,Repeat Customer
17450.0,244784.25,51,83914,4799.691176470588,51,429,14.3,244784.25,High Value,14.09329829172142,17368.84048951049,208426.08587412589,High Value,Repeat Customer
17451.0,1721.4,7,1203,245.91428571428574,7,104,3.47,1721.4,High Value,3.416557161629435,503.84053846153853,6046.086461538463,High Value,Repeat Customer
17453.0,486.71999999999997,2,219,243.35999999999999,2,46,1.53,486.71999999999997,Medium Value,1.5111695137976346,322.0816695652174,3864.9800347826085,High Value,Repeat Customer
17454.0,1547.94,10,727,154.794,10,500,16.67,1547.94,Medium Value,16.4257555847569,94.2385872,1130.8630464,Low Value,Repeat Customer
17455.0,131.7,1,66,131.7,1,0,0.0,131.7,Low Value,1.0,131.7,1580.3999999999999,Medium Value,Single Purchase
17456.0,975.5600000000001,2,508,487.78000000000003,2,90,3.0,975.5600000000001,Medium Value,2.9566360052562417,329.95607111111116,3959.4728533333337,High Value,Repeat Customer
17457.0,5984.8099999999995,14,2695,427.4864285714285,14,605,20.17,5984.8099999999995,High Value,19.87516425755585,301.120027107438,3613.4403252892557,High Value,Repeat Customer
17458.0,529.58,2,282,264.79,2,366,12.2,529.58,Medium Value,12.02365308804205,44.04485027322405,528.5382032786886,Low Value,Repeat Customer
17459.0,657.3,2,537,328.65,2,16,0.53,657.3,Medium Value,1.0,657.3,7887.599999999999,High Value,Repeat Customer
17460.0,2157.9700000000003,16,954,134.87312500000002,16,592,19.73,2157.9700000000003,High Value,19.44809461235217,110.96048445945947,1331.5258135135136,Low Value,Repeat Customer
17461.0,735.82,3,770,245.27333333333334,3,6,0.2,735.82,Medium Value,1.0,735.82,8829.84,High Value,Repeat Customer
17462.0,675.69,2,227,337.845,2,223,7.43,675.69,Medium Value,7.3258869908015765,92.23320000000001,1106.7984000000001,Low Value,Repeat Customer
17463.0,2535.26,7,1480,362.18,7,572,19.07,2535.26,High Value,18.791064388961892,134.91838181818184,1619.020581818182,Medium Value,Repeat Customer
17464.0,907.14,3,608,302.38,3,461,15.37,907.14,Medium Value,15.14454664914586,59.898788720173535,718.7854646420824,Low Value,Repeat Customer
17465.0,2542.79,7,1477,363.2557142857143,7,310,10.33,2542.79,High Value,10.183968462549277,249.6855729032258,2996.2268748387096,Medium Value,Repeat Customer
17466.0,763.28,2,306,381.64,2,68,2.27,763.28,Medium Value,2.2339027595269383,341.6800470588235,4100.160564705882,High Value,Repeat Customer
17467.0,102.6,1,20,102.6,1,0,0.0,102.6,Low Value,1.0,102.6,1231.1999999999998,Low Value,Single Purchase
17468.0,194.8,3,184,64.93333333333334,3,364,12.13,194.8,Low Value,11.957950065703022,16.290417582417582,195.485010989011,Low Value,Repeat Customer
17469.0,5051.25,17,2304,297.13235294117646,17,706,23.53,5051.25,High Value,23.19316688567674,217.79043909348445,2613.4852691218134,Medium Value,Repeat Customer
17470.0,2626.47,11,2731,238.76999999999998,11,463,15.43,2626.47,High Value,15.210249671484888,172.67763887688983,2072.1316665226777,Medium Value,Repeat Customer
17471.0,321.65000000000003,1,153,321.65000000000003,1,0,0.0,321.65000000000003,Low Value,1.0,321.65000000000003,3859.8,High Value,Single Purchase
17472.0,922.35,4,551,230.5875,4,437,14.57,922.35,Medium Value,14.35611038107753,64.24790389016019,770.9748466819223,Low Value,Repeat Customer
17473.0,607.0,2,270,303.5,2,47,1.57,607.0,Medium Value,1.5440210249671484,393.12936170212765,4717.552340425532,High Value,Repeat Customer
17474.0,1047.0,1,200,1047.0,1,0,0.0,1047.0,Medium Value,1.0,1047.0,12564.0,High Value,Single Purchase
17475.0,194.37,1,178,194.37,1,0,0.0,194.37,Low Value,1.0,194.37,2332.44,Medium Value,Single Purchase
17476.0,489.86,2,224,244.93,2,341,11.37,489.86,Medium Value,11.202365308804204,43.7282651026393,524.7391812316716,Low Value,Repeat Customer
17477.0,1144.3,2,225,572.15,2,34,1.13,1144.3,Medium Value,1.1169513797634691,1024.4850588235292,12293.82070588235,High Value,Repeat Customer
17478.0,1272.8,2,516,636.4,2,225,7.5,1272.8,Medium Value,7.391590013140604,172.19569777777778,2066.3483733333333,Medium Value,Repeat Customer
17479.0,389.26000000000005,1,266,389.26000000000005,1,0,0.0,389.26000000000005,Low Value,1.0,389.26000000000005,4671.120000000001,High Value,Single Purchase
17480.0,882.23,2,581,441.115,2,366,12.2,882.23,Medium Value,12.02365308804205,73.37453879781421,880.4944655737705,Low Value,Repeat Customer
17481.0,1255.59,4,1061,313.8975,4,90,3.0,1255.59,Medium Value,2.9566360052562417,424.66844,5096.02128,High Value,Repeat Customer
17482.0,775.64,2,240,387.82,2,91,3.03,775.64,Medium Value,2.9894875164257555,259.4558417582418,3113.470101098901,Medium Value,Repeat Customer
17483.0,591.73,4,265,147.9325,4,349,11.63,591.73,Medium Value,11.465177398160314,51.61106361031519,619.3327633237823,Low Value,Repeat Customer
17484.0,209.57,2,339,104.785,2,47,1.57,209.57,Low Value,1.5440210249671484,135.7300170212766,1628.7602042553194,Medium Value,Repeat Customer
17486.0,396.87,1,191,396.87,1,0,0.0,396.87,Low Value,1.0,396.87,4762.4400000000005,High Value,Single Purchase
17487.0,160.55,1,37,160.55,1,0,0.0,160.55,Low Value,1.0,160.55,1926.6000000000001,Medium Value,Single Purchase
17488.0,336.5,1,136,336.5,1,0,0.0,336.5,Low Value,1.0,336.5,4038.0,High Value,Single Purchase
17489.0,376.64,2,428,188.32,2,153,5.1,376.64,Low Value,5.026281208935611,74.93412810457517,899.209537254902,Low Value,Repeat Customer
17490.0,2750.5,9,1531,305.6111111111111,9,568,18.93,2750.5,High Value,18.659658344283837,147.40355633802815,1768.842676056338,Medium Value,Repeat Customer
17491.0,5653.67,17,3362,332.56882352941176,17,589,19.63,5653.67,High Value,19.349540078843624,292.1862730050934,3506.235276061121,High Value,Repeat Customer
17492.0,1122.42,3,450,374.14000000000004,3,270,9.0,1122.42,Medium Value,8.869908015768726,126.54246222222223,1518.5095466666667,Medium Value,Repeat Customer
17493.0,100.91000000000001,1,62,100.91000000000001,1,0,0.0,100.91000000000001,Low Value,1.0,100.91000000000001,1210.92,Low Value,Single Purchase
17494.0,54.699999999999996,1,26,54.699999999999996,1,0,0.0,54.699999999999996,Low Value,1.0,54.699999999999996,656.4,Low Value,Single Purchase
17495.0,806.72,3,367,268.9066666666667,3,383,12.77,806.72,Medium Value,12.582128777923783,64.1163362924282,769.3960355091384,Low Value,Repeat Customer
17496.0,1412.89,4,675,353.2225,4,335,11.17,1412.89,Medium Value,11.005256241787121,128.38319880597018,1540.598385671642,Medium Value,Repeat Customer
17497.0,287.25,2,59,143.625,2,220,7.33,287.25,Low Value,7.227332457293035,39.74495454545455,476.93945454545457,Low Value,Repeat Customer
17498.0,272.22,1,394,272.22,1,0,0.0,272.22,Low Value,1.0,272.22,3266.6400000000003,Medium Value,Single Purchase
17499.0,1341.39,2,1086,670.695,2,271,9.03,1341.39,Medium Value,8.902759526938238,150.6712605166052,1808.0551261992623,Medium Value,Repeat Customer
17500.0,1138.0,3,17,379.3333333333333,3,12,0.4,1138.0,Medium Value,1.0,1138.0,13656.0,High Value,Repeat Customer
17501.0,288.6,2,160,144.3,2,0,0.0,288.6,Low Value,1.0,288.6,3463.2000000000003,High Value,Repeat Customer
17502.0,689.1,4,376,172.275,4,19,0.63,689.1,Medium Value,1.0,689.1,8269.2,High Value,Repeat Customer
17503.0,558.96,2,486,279.48,2,35,1.17,558.96,Medium Value,1.149802890932983,486.13549714285716,5833.6259657142855,High Value,Repeat Customer
17504.0,9490.17,18,5420,527.2316666666667,18,463,15.43,9490.17,High Value,15.210249671484888,623.932558963283,7487.190707559395,High Value,Repeat Customer
17505.0,2435.48,5,1242,487.096,5,443,14.77,2435.48,High Value,14.553219448094612,167.34991241534988,2008.1989489841985,Medium Value,Repeat Customer
17506.0,302.2,1,139,302.2,1,0,0.0,302.2,Low Value,1.0,302.2,3626.3999999999996,High Value,Single Purchase
17507.0,605.58,2,359,302.79,2,47,1.57,605.58,Medium Value,1.5440210249671484,392.209685106383,4706.516221276596,High Value,Repeat Customer
17508.0,4579.23,8,2891,572.40375,8,451,15.03,4579.23,High Value,14.816031537450723,309.0726412416851,3708.8716949002214,High Value,Repeat Customer
17509.0,6083.64,8,3512,760.455,8,5,0.17,6083.64,High Value,1.0,6083.64,73003.68000000001,High Value,Repeat Customer
17510.0,514.56,2,422,257.28,2,395,13.17,514.56,Medium Value,12.976346911957949,39.6536870886076,475.84424506329117,Low Value,Repeat Customer
17511.0,172132.87,60,117174,2868.8811666666666,60,734,24.47,172132.87,High Value,24.113009198423125,7138.589322615804,85663.07187138965,High Value,Repeat Customer
17512.0,5467.820000000001,18,5434,303.76777777777784,18,700,23.33,5467.8200000000015,High Value,22.996057818659658,237.7720582857143,2853.2646994285715,Medium Value,Repeat Customer
17513.0,1158.8,3,440,386.26666666666665,3,407,13.57,1158.8,Medium Value,13.370565045992116,86.66799017199017,1040.0158820638821,Low Value,Repeat Customer
17514.0,522.0,2,284,261.0,2,541,18.03,522.0,Medium Value,17.772667542706962,29.370942698706102,352.4513123844732,Low Value,Repeat Customer
17515.0,1602.51,9,527,178.05666666666667,9,519,17.3,1602.51,High Value,17.04993429697766,93.98921849710983,1127.870621965318,Low Value,Repeat Customer
17516.0,947.5,6,522,157.91666666666666,6,363,12.1,947.5,Medium Value,11.925098554533507,79.4542699724518,953.4512396694215,Low Value,Repeat Customer
17517.0,153.94,1,102,153.94,1,0,0.0,153.94,Low Value,1.0,153.94,1847.28,Medium Value,Single Purchase
17518.0,329.42,2,267,164.71,2,195,6.5,329.42,Low Value,6.40604467805519,51.42330666666667,617.07968,Low Value,Repeat Customer
17519.0,4774.17,15,3230,318.278,15,721,24.03,4774.17,High Value,23.68593955321945,201.5613520110957,2418.7362241331484,Medium Value,Repeat Customer
17520.0,546.81,1,365,546.81,1,0,0.0,546.81,Medium Value,1.0,546.81,6561.719999999999,High Value,Single Purchase
17521.0,1278.06,5,806,255.612,5,404,13.47,1278.06,Medium Value,13.272010512483574,96.29739207920792,1155.568704950495,Low Value,Repeat Customer
17522.0,1070.71,5,1034,214.142,5,216,7.2,1070.71,Medium Value,7.09592641261498,150.89079814814815,1810.6895777777777,Medium Value,Repeat Customer
17523.0,652.74,4,872,163.185,4,7,0.23,652.74,Medium Value,1.0,652.74,7832.88,High Value,Repeat Customer
17524.0,539.14,3,362,179.71333333333334,3,76,2.53,539.14,Medium Value,2.4967148488830486,215.93975789473683,2591.2770947368417,Medium Value,Repeat Customer
17525.0,1161.9,3,338,387.3,3,69,2.3,1161.9,Medium Value,2.266754270696452,512.5831304347827,6150.997565217393,High Value,Repeat Customer
17526.0,3939.24,12,1442,328.27,12,717,23.9,3939.24,High Value,23.554533508541393,167.2391430962343,2006.8697171548115,Medium Value,Repeat Customer
17527.0,939.37,4,488,234.8425,4,164,5.47,939.37,Medium Value,5.387647831800263,174.35623658536585,2092.27483902439,Medium Value,Repeat Customer
17528.0,3628.5,8,2138,453.5625,8,70,2.33,3628.5,High Value,2.299605781865966,1577.8791428571428,18934.549714285713,High Value,Repeat Customer
17529.0,1240.25,2,790,620.125,2,87,2.9,1240.25,Medium Value,2.8580814717477003,433.9449425287356,5207.339310344827,High Value,Repeat Customer
17530.0,2791.69,12,1741,232.64083333333335,12,732,24.4,2791.69,High Value,24.0473061760841,116.09158961748635,1393.0990754098361,Low Value,Repeat Customer
17531.0,1266.82,3,472,422.2733333333333,3,428,14.27,1266.82,Medium Value,14.060446780551905,90.09813271028037,1081.1775925233644,Low Value,Repeat Customer
17532.0,65.34,1,30,65.34,1,0,0.0,65.34,Low Value,1.0,65.34,784.08,Low Value,Single Purchase
17533.0,34.8,1,24,34.8,1,0,0.0,34.8,Low Value,1.0,34.8,417.59999999999997,Low Value,Single Purchase
17534.0,1668.83,5,860,333.76599999999996,5,598,19.93,1668.83,High Value,19.64520367936925,84.94847023411371,1019.3816428093646,Low Value,Repeat Customer
17535.0,164.4,1,136,164.4,1,0,0.0,164.4,Low Value,1.0,164.4,1972.8000000000002,Medium Value,Single Purchase
17536.0,364.83,3,201,121.61,3,505,16.83,364.83,Low Value,16.590013140604466,21.990940990099013,263.8912918811882,Low Value,Repeat Customer
17537.0,887.67,2,699,443.835,2,273,9.1,887.67,Medium Value,8.968462549277266,98.97683076923077,1187.7219692307692,Low Value,Repeat Customer
17538.0,98.42,1,134,98.42,1,0,0.0,98.42,Low Value,1.0,98.42,1181.04,Low Value,Single Purchase
17539.0,1176.84,4,708,294.21,4,108,3.6,1176.84,Medium Value,3.54796320630749,331.6945333333333,3980.3343999999997,High Value,Repeat Customer
17540.0,1590.6000000000001,6,588,265.1,6,575,19.17,1590.6000000000001,High Value,18.889618922470433,84.20498086956523,1010.4597704347827,Low Value,Repeat Customer
17541.0,119.86,1,44,119.86,1,0,0.0,119.86,Low Value,1.0,119.86,1438.32,Low Value,Single Purchase
17542.0,340.85,3,323,113.61666666666667,3,371,12.37,340.85,Low Value,12.187910643889618,27.966237196765505,335.59484636118606,Low Value,Repeat Customer
17543.0,120.05,1,62,120.05,1,0,0.0,120.05,Low Value,1.0,120.05,1440.6,Low Value,Single Purchase
17544.0,944.82,3,410,314.94,3,0,0.0,944.8199999999999,Medium Value,1.0,944.82,11337.84,High Value,Repeat Customer
17545.0,1409.8600000000001,6,682,234.9766666666667,6,534,17.8,1409.8600000000001,Medium Value,17.542706964520367,80.36730037453185,964.4076044943822,Low Value,Repeat Customer
17547.0,727.85,2,223,363.925,2,289,9.63,727.85,Medium Value,9.494086727989487,76.66350865051903,919.9621038062285,Low Value,Repeat Customer
17548.0,731.26,4,494,182.815,4,162,5.4,731.26,Medium Value,5.321944809461235,137.40465679012345,1648.8558814814814,Medium Value,Repeat Customer
17549.0,148.86,2,210,74.43,2,27,0.9,148.86,Low Value,1.0,148.86,1786.3200000000002,Medium Value,Repeat Customer
17550.0,2506.64,9,968,278.5155555555555,9,472,15.73,2506.64,High Value,15.505913272010512,161.6570372881356,1939.8844474576272,Medium Value,Repeat Customer
17551.0,290.34,1,142,290.34,1,0,0.0,290.34,Low Value,1.0,290.34,3484.08,High Value,Single Purchase
17552.0,2786.77,12,1951,232.23083333333332,12,567,18.9,2786.77,High Value,18.626806833114323,149.61072098765433,1795.328651851852,Medium Value,Repeat Customer
17553.0,3757.6,4,2288,939.4,4,481,16.03,3757.6,High Value,15.801576872536137,237.79905197505198,2853.588623700624,Medium Value,Repeat Customer
17554.0,1952.45,5,1763,390.49,5,146,4.87,1952.45,High Value,4.7963206307490145,407.07245205479455,4884.869424657534,High Value,Repeat Customer
17555.0,1045.74,5,739,209.148,5,566,18.87,1045.74,Medium Value,18.593955321944808,56.24085795053004,674.8902954063606,Low Value,Repeat Customer
17556.0,300.67,2,184,150.335,2,173,5.77,300.67,Low Value,5.683311432325887,52.904016184971105,634.8481942196532,Low Value,Repeat Customer
17557.0,575.46,4,310,143.865,4,718,23.93,575.46,Medium Value,23.587385019710904,24.39693927576602,292.76327130919225,Low Value,Repeat Customer
17558.0,259.17,1,54,259.17,1,0,0.0,259.17,Low Value,1.0,259.17,3110.04,Medium Value,Single Purchase
17559.0,167.62,1,270,167.62,1,0,0.0,167.62,Low Value,1.0,167.62,2011.44,Medium Value,Single Purchase
17560.0,1895.8,8,1588,236.975,8,565,18.83,1895.8,High Value,18.561103810775293,102.13832212389381,1225.6598654867257,Low Value,Repeat Customer
17561.0,703.02,4,381,175.755,4,713,23.77,703.02,Medium Value,23.423127463863338,30.01392538569425,360.167104628331,Low Value,Repeat Customer
17562.0,1122.38,7,817,160.34,7,159,5.3,1122.38,Medium Value,5.223390275952694,214.87576855345915,2578.50922264151,Medium Value,Repeat Customer
17563.0,392.38,2,256,196.19,2,33,1.1,392.38,Low Value,1.0840998685939554,361.94082424242424,4343.289890909091,High Value,Repeat Customer
17564.0,454.01,3,146,151.33666666666667,3,55,1.83,454.01,Low Value,1.8068331143232588,251.2738981818182,3015.2867781818186,Medium Value,Repeat Customer
17565.0,131.83,1,67,131.83,1,0,0.0,131.83,Low Value,1.0,131.83,1581.96,Medium Value,Single Purchase
17566.0,869.77,2,497,434.885,2,17,0.57,869.77,Medium Value,1.0,869.77,10437.24,High Value,Repeat Customer
17567.0,4838.08,9,2908,537.5644444444445,9,434,14.47,4838.08,High Value,14.257555847568987,339.33445898617515,4072.013507834102,High Value,Repeat Customer
17568.0,374.45,1,275,374.45,1,0,0.0,374.45,Low Value,1.0,374.45,4493.4,High Value,Single Purchase
17569.0,344.14,1,159,344.14,1,0,0.0,344.14,Low Value,1.0,344.14,4129.68,High Value,Single Purchase
17570.0,100.0,1,1,100.0,1,0,0.0,100.0,Low Value,1.0,100.0,1200.0,Low Value,Single Purchase
17571.0,1630.91,5,991,326.182,5,492,16.4,1630.91,High Value,16.16294349540079,100.90426910569106,1210.8512292682926,Low Value,Repeat Customer
17572.0,652.21,10,327,65.221,10,653,21.77,652.21,Medium Value,21.45203679369251,30.403173660030628,364.8380839203675,Low Value,Repeat Customer
17573.0,380.6,3,308,126.86666666666667,3,64,2.13,380.6,Low Value,2.102496714848883,181.022875,2172.2745,Medium Value,Repeat Customer
17574.0,185.65,1,77,185.65,1,0,0.0,185.65,Low Value,1.0,185.65,2227.8,Medium Value,Single Purchase
17575.0,171.7,1,72,171.7,1,0,0.0,171.7,Low Value,1.0,171.7,2060.3999999999996,Medium Value,Single Purchase
17576.0,8711.95,41,4583,212.48658536585367,41,728,24.27,8711.95,High Value,23.915900131406044,364.2743928571429,4371.292714285715,High Value,Repeat Customer
17577.0,348.75,2,179,174.375,2,23,0.77,348.75,Low Value,1.0,348.75,4185.0,High Value,Repeat Customer
17578.0,1047.33,7,529,149.6185714285714,7,311,10.37,1047.33,Medium Value,10.21681997371879,102.51037041800643,1230.124445016077,Low Value,Repeat Customer
17579.0,753.28,4,375,188.32,4,573,19.1,753.28,Medium Value,18.823915900131404,40.01717835951135,480.2061403141362,Low Value,Repeat Customer
17580.0,541.02,5,223,108.204,5,169,5.63,541.02,Medium Value,5.551905387647832,97.44762603550296,1169.3715124260357,Low Value,Repeat Customer
17581.0,17951.17,43,9519,417.4690697674418,43,735,24.5,17951.17,High Value,24.14586070959264,743.4470949659864,8921.365139591837,High Value,Repeat Customer
17582.0,1446.95,5,603,289.39,5,387,12.9,1446.9499999999998,Medium Value,12.713534822601838,113.81177777777779,1365.7413333333334,Low Value,Repeat Customer
17583.0,135.95,1,55,135.95,1,0,0.0,135.95,Low Value,1.0,135.95,1631.3999999999999,Medium Value,Single Purchase
17584.0,5309.42,6,2464,884.9033333333333,6,676,22.53,5309.42,High Value,22.207621550591327,239.08098343195266,2868.971801183432,Medium Value,Repeat Customer
17585.0,2064.71,7,2510,294.9585714285714,7,368,12.27,2064.71,High Value,12.089356110381077,170.787425,2049.4491000000003,Medium Value,Repeat Customer
17586.0,167.4,1,68,167.4,1,0,0.0,167.4,Low Value,1.0,167.4,2008.8000000000002,Medium Value,Single Purchase
17587.0,176.71,1,67,176.71,1,0,0.0,176.71,Low Value,1.0,176.71,2120.52,Medium Value,Single Purchase
17588.0,2939.55,7,1379,419.9357142857143,7,537,17.9,2939.55,High Value,17.641261498028907,166.6292402234637,1999.5508826815644,Medium Value,Repeat Customer
17589.0,13837.94,18,8704,768.7744444444445,18,582,19.4,13837.94,High Value,19.11957950065703,723.7575491408935,8685.090589690722,High Value,Repeat Customer
17590.0,1468.02,3,822,489.34,3,37,1.23,1468.02,Medium Value,1.2155059132720105,1207.7440216216216,14492.928259459459,High Value,Repeat Customer
17591.0,2339.32,8,1028,292.415,8,617,20.57,2339.32,High Value,20.269382391590014,115.41150858995138,1384.9381030794166,Low Value,Repeat Customer
17592.0,148.3,1,38,148.3,1,0,0.0,148.3,Low Value,1.0,148.3,1779.6000000000001,Medium Value,Single Purchase
17593.0,8092.32,11,5595,735.6654545454545,11,731,24.37,8092.32,High Value,24.014454664914584,336.9770462380301,4043.724554856361,High Value,Repeat Customer
17594.0,2497.88,4,1368,624.47,4,519,17.3,2497.88,High Value,17.04993429697766,146.50379036608865,1758.0454843930638,Medium Value,Repeat Customer
17595.0,386.69,2,228,193.345,2,24,0.8,386.69,Low Value,1.0,386.69,4640.28,High Value,Repeat Customer
17596.0,4491.46,13,7010,345.49692307692305,13,701,23.37,4491.46,High Value,23.028909329829172,195.03572382310983,2340.428685877318,Medium Value,Repeat Customer
17597.0,3484.09,5,2215,696.818,5,369,12.3,3484.09,High Value,12.12220762155059,287.4138200542006,3448.965840650407,High Value,Repeat Customer
17598.0,409.98,1,126,409.98,1,0,0.0,409.98,Low Value,1.0,409.98,4919.76,High Value,Single Purchase
17599.0,52.05,1,11,52.05,1,0,0.0,52.05,Low Value,1.0,52.05,624.5999999999999,Low Value,Single Purchase
17600.0,161.67000000000002,1,144,161.67000000000002,1,0,0.0,161.67000000000002,Low Value,1.0,161.67000000000002,1940.0400000000002,Medium Value,Single Purchase
17601.0,413.08,2,295,206.54,2,141,4.7,413.08,Low Value,4.6320630749014455,89.17840567375886,1070.1408680851064,Low Value,Repeat Customer
17602.0,7354.43,14,5880,525.3164285714286,14,616,20.53,7354.43,High Value,20.2365308804205,363.42345649350654,4361.081477922078,High Value,Repeat Customer
17603.0,1788.38,4,638,447.095,4,651,21.7,1788.38,High Value,21.38633377135348,83.62256098310293,1003.4707317972352,Low Value,Repeat Customer
17604.0,942.38,6,614,157.06333333333333,6,464,15.47,942.38,Medium Value,15.243101182654401,61.8233775862069,741.8805310344828,Low Value,Repeat Customer
17605.0,160.75,1,71,160.75,1,0,0.0,160.75,Low Value,1.0,160.75,1929.0,Medium Value,Single Purchase
17606.0,87.30000000000001,1,42,87.30000000000001,1,0,0.0,87.30000000000001,Low Value,1.0,87.30000000000001,1047.6000000000001,Low Value,Single Purchase
17607.0,333.81,1,269,333.81,1,0,0.0,333.81,Low Value,1.0,333.81,4005.7200000000003,High Value,Single Purchase
17608.0,488.06,4,528,122.015,4,573,19.1,488.06,Medium Value,18.823915900131404,25.927655148342062,311.1318617801047,Low Value,Repeat Customer
17609.0,1887.8999999999999,11,1321,171.62727272727273,11,568,18.93,1887.9,High Value,18.659658344283837,101.17548591549296,1214.1058309859154,Low Value,Repeat Customer
17610.0,1511.94,5,893,302.38800000000003,5,193,6.43,1511.94,Medium Value,6.340341655716163,238.46349015544044,2861.561881865285,Medium Value,Repeat Customer
17611.0,8337.53,28,5341,297.7689285714286,28,731,24.37,8337.53,High Value,24.014454664914584,347.187979753762,4166.2557570451445,High Value,Repeat Customer
17612.0,5394.86,18,3521,299.71444444444444,18,669,22.3,5394.86,High Value,21.97766097240473,245.47016203288487,2945.6419443946183,Medium Value,Repeat Customer
17613.0,4544.55,14,2490,324.6107142857143,14,282,9.4,4544.55,High Value,9.264126149802891,490.55355319148936,5886.6426382978725,High Value,Repeat Customer
17614.0,386.32,1,235,386.32,1,0,0.0,386.32,Low Value,1.0,386.32,4635.84,High Value,Single Purchase
17615.0,721.8,6,378,120.3,6,355,11.83,721.8,Medium Value,11.662286465177397,61.891808450704225,742.7017014084507,Low Value,Repeat Customer
17616.0,734.4,4,288,183.6,4,277,9.23,734.4,Medium Value,9.099868593955321,80.70446209386282,968.4535451263538,Low Value,Repeat Customer
17617.0,385.19,1,249,385.19,1,0,0.0,385.19,Low Value,1.0,385.19,4622.28,High Value,Single Purchase
17618.0,4001.64,11,1798,363.7854545454545,11,679,22.63,4001.6399999999994,High Value,22.306176084099867,179.3960553755523,2152.7526645066273,Medium Value,Repeat Customer
17619.0,214.37,1,124,214.37,1,0,0.0,214.37,Low Value,1.0,214.37,2572.44,Medium Value,Single Purchase
17620.0,81.44,1,60,81.44,1,0,0.0,81.44,Low Value,1.0,81.44,977.28,Low Value,Single Purchase
17621.0,3175.12,6,1110,529.1866666666666,6,410,13.67,3175.12,High Value,13.469119579500656,235.73329951219512,2828.7995941463414,Medium Value,Repeat Customer
17622.0,1130.21,2,379,565.105,2,0,0.0,1130.21,Medium Value,1.0,1130.21,13562.52,High Value,Repeat Customer
17623.0,2365.77,7,799,337.96714285714285,7,692,23.07,2365.77,High Value,22.733245729303547,104.06653005780348,1248.7983606936418,Low Value,Repeat Customer
17624.0,1568.63,4,958,392.1575,4,704,23.47,1568.63,Medium Value,23.127463863337713,67.82542215909092,813.905065909091,Low Value,Repeat Customer
17625.0,5978.9,8,3505,747.3625,8,706,23.53,5978.9,High Value,23.19316688567674,257.78713314447594,3093.445597733711,Medium Value,Repeat Customer
17626.0,254.0,1,202,254.0,1,0,0.0,254.0,Low Value,1.0,254.0,3048.0,Medium Value,Single Purchase
17627.0,296.36,1,676,296.36,1,0,0.0,296.36,Low Value,1.0,296.36,3556.32,High Value,Single Purchase
17628.0,75.75,1,79,75.75,1,0,0.0,75.75,Low Value,1.0,75.75,909.0,Low Value,Single Purchase
17629.0,2455.52,10,1903,245.552,10,415,13.83,2455.52,High Value,13.633377135348226,180.11091277108434,2161.330953253012,Medium Value,Repeat Customer
17630.0,503.59999999999997,2,158,251.79999999999998,2,62,2.07,503.59999999999997,Medium Value,2.0367936925098555,247.25135483870966,2967.016258064516,Medium Value,Repeat Customer
17631.0,998.49,7,591,142.64142857142858,7,728,24.27,998.49,Medium Value,23.915900131406044,41.7500489010989,501.0005868131868,Low Value,Repeat Customer
17633.0,2057.39,7,899,293.91285714285715,7,357,11.9,2057.39,High Value,11.727989487516425,175.42563473389356,2105.107616806723,Medium Value,Repeat Customer
17634.0,2358.59,9,838,262.0655555555556,9,301,10.03,2358.59,High Value,9.888304862023652,238.52318803986714,2862.2782564784056,Medium Value,Repeat Customer
17635.0,1265.58,3,770,421.85999999999996,3,166,5.53,1265.58,Medium Value,5.45335085413929,232.0738265060241,2784.8859180722893,Medium Value,Repeat Customer
17636.0,285.56,1,182,285.56,1,0,0.0,285.56,Low Value,1.0,285.56,3426.7200000000003,High Value,Single Purchase
17637.0,547.0600000000001,2,280,273.53000000000003,2,83,2.77,547.0600000000001,Medium Value,2.726675427069645,200.63260722891567,2407.591286746988,Medium Value,Repeat Customer
17638.0,842.4,2,432,421.2,2,74,2.47,842.4,Medium Value,2.431011826544021,346.5223783783784,4158.268540540541,High Value,Repeat Customer
17639.0,615.17,6,576,102.52833333333332,6,207,6.9,615.17,Medium Value,6.800262812089356,90.46268019323671,1085.5521623188406,Low Value,Repeat Customer
17640.0,3168.94,6,1692,528.1566666666666,6,539,17.97,3168.9399999999996,High Value,17.706964520367936,178.96573951762525,2147.588874211503,Medium Value,Repeat Customer
17642.0,1824.49,5,1475,364.898,5,614,20.47,1824.4900000000002,High Value,20.17082785808147,90.45191465798047,1085.4229758957656,Low Value,Repeat Customer
17643.0,439.7,2,226,219.85,2,132,4.4,439.7,Low Value,4.336399474375821,101.39748484848484,1216.769818181818,Low Value,Repeat Customer
17644.0,6028.6,20,3469,301.43,20,660,22.0,6028.6,High Value,21.681997371879106,278.04633939393943,3336.556072727273,Medium Value,Repeat Customer
17646.0,3898.79,12,1308,324.89916666666664,12,504,16.8,3898.79,High Value,16.557161629434955,235.47453888888887,2825.6944666666664,Medium Value,Repeat Customer
17647.0,331.65999999999997,3,82,110.55333333333333,3,604,20.13,331.65999999999997,Low Value,19.842312746386334,16.714785430463575,200.5774251655629,Low Value,Repeat Customer
17648.0,2216.37,5,954,443.274,5,324,10.8,2216.37,High Value,10.64388961892247,208.22932962962963,2498.7519555555555,Medium Value,Repeat Customer
17649.0,1578.89,3,723,526.2966666666667,3,334,11.13,1578.8900000000003,Medium Value,10.972404730617608,143.89644191616767,1726.7573029940122,Medium Value,Repeat Customer
17650.0,166.08,1,150,166.08,1,0,0.0,166.08,Low Value,1.0,166.08,1992.96,Medium Value,Single Purchase
17651.0,5703.52,16,4086,356.47,16,514,17.13,5703.52,High Value,16.88567674113009,337.7726630350195,4053.271956420234,High Value,Repeat Customer
17652.0,4867.72,12,2509,405.6433333333334,12,255,8.5,4867.72,High Value,8.377135348226018,581.0721443137255,6972.865731764707,High Value,Repeat Customer
17653.0,1207.56,4,1409,301.89,4,83,2.77,1207.56,Medium Value,2.726675427069645,442.8689927710843,5314.427913253012,High Value,Repeat Customer
17654.0,117.55,1,41,117.55,1,0,0.0,117.55,Low Value,1.0,117.55,1410.6,Low Value,Single Purchase
17655.0,2976.38,9,1268,330.7088888888889,9,406,13.53,2976.38,High Value,13.337713534822601,223.15519014778326,2677.862281773399,Medium Value,Repeat Customer
17656.0,1674.69,5,1399,334.938,5,55,1.83,1674.69,High Value,1.8068331143232588,926.8647927272729,11122.377512727275,High Value,Repeat Customer
17657.0,126.0,1,60,126.0,1,0,0.0,126.0,Low Value,1.0,126.0,1512.0,Medium Value,Single Purchase
17658.0,595.42,2,616,297.71,2,185,6.17,595.42,Medium Value,6.077529566360052,97.97072864864865,1175.6487437837836,Low Value,Repeat Customer
17659.0,3586.9900000000002,14,1752,256.21357142857147,14,368,12.27,3586.9900000000007,High Value,12.089356110381077,296.70645543478264,3560.477465217392,High Value,Repeat Customer
17660.0,342.22,2,259,171.11,2,595,19.83,342.22,Low Value,19.54664914586071,17.50786016806723,210.09432201680676,Low Value,Repeat Customer
17662.0,412.92,2,184,206.46,2,60,2.0,412.92,Low Value,1.9710906701708277,209.48808000000002,2513.85696,Medium Value,Repeat Customer
17663.0,5175.83,17,2297,304.4605882352941,17,619,20.63,5175.83,High Value,20.33508541392904,254.52708432956382,3054.3250119547656,Medium Value,Repeat Customer
17664.0,1166.23,4,1058,291.5575,4,601,20.03,1166.23,Medium Value,19.743758212877793,59.06828818635607,708.8194582362728,Low Value,Repeat Customer
17665.0,563.1,1,690,563.1,1,0,0.0,563.1,Medium Value,1.0,563.1,6757.200000000001,High Value,Single Purchase
17666.0,2047.8,5,1552,409.56,5,523,17.43,2047.8,High Value,17.181340341655716,119.18744168260038,1430.2493001912046,Low Value,Repeat Customer
17667.0,3950.7,9,2192,438.96666666666664,9,588,19.6,3950.7,High Value,19.316688567674113,204.5226326530612,2454.2715918367344,Medium Value,Repeat Customer
17668.0,347.75,2,93,173.875,2,36,1.2,347.75,Low Value,1.1826544021024967,294.0419444444444,3528.503333333333,High Value,Repeat Customer
17669.0,6142.35,10,3505,614.235,10,574,19.13,6142.35,High Value,18.85676741130092,325.7371672473868,3908.8460069686416,High Value,Repeat Customer
17670.0,205.7,1,110,205.7,1,0,0.0,205.7,Low Value,1.0,205.7,2468.3999999999996,Medium Value,Single Purchase
17671.0,2009.16,5,987,401.832,5,360,12.0,2009.1599999999999,High Value,11.826544021024967,169.88564000000002,2038.6276800000003,Medium Value,Repeat Customer
17672.0,5778.63,7,2758,825.5185714285715,7,631,21.03,5778.63,High Value,20.729303547963205,278.76623961965134,3345.1948754358164,Medium Value,Repeat Customer
17673.0,4173.88,13,3284,321.0676923076923,13,628,20.93,4173.88,High Value,20.630749014454665,202.3135464968153,2427.7625579617834,Medium Value,Repeat Customer
17674.0,551.04,2,672,275.52,2,294,9.8,551.04,Medium Value,9.658344283837057,57.05325714285714,684.6390857142857,Low Value,Repeat Customer
17675.0,37642.48,70,16180,537.7497142857143,70,728,24.27,37642.479999999996,High Value,23.915900131406044,1573.9520483516485,18887.424580219784,High Value,Repeat Customer
17676.0,2448.64,10,1764,244.86399999999998,10,615,20.5,2448.64,High Value,20.203679369250985,121.19772617886179,1454.3727141463414,Medium Value,Repeat Customer
17677.0,35058.46,54,20921,649.2307407407408,54,721,24.03,35058.46,High Value,23.68593955321945,1480.1380338418862,17761.656406102637,High Value,Repeat Customer
17678.0,599.76,2,368,299.88,2,339,11.3,599.76,Medium Value,11.136662286465176,53.85455575221239,646.2546690265488,Low Value,Repeat Customer
17679.0,3577.61,7,1755,511.08714285714285,7,683,22.77,3577.61,High Value,22.437582128777922,159.44721581259154,1913.3665897510984,Medium Value,Repeat Customer
17680.0,497.45,3,155,165.81666666666666,3,487,16.23,497.45,Medium Value,15.99868593955322,31.09317864476386,373.1181437371663,Low Value,Repeat Customer
17681.0,731.2,5,450,146.24,5,96,3.2,731.2,Medium Value,3.1537450722733245,231.85133333333334,2782.2160000000003,Medium Value,Repeat Customer
17682.0,4065.28,11,2281,369.5709090909091,11,631,21.03,4065.2799999999997,High Value,20.729303547963205,196.11271505546753,2353.3525806656103,Medium Value,Repeat Customer
17683.0,819.01,3,781,273.00333333333333,3,168,5.6,819.01,Medium Value,5.519053876478318,148.3968119047619,1780.761742857143,Medium Value,Repeat Customer
17684.0,239.41,1,145,239.41,1,0,0.0,239.41,Low Value,1.0,239.41,2872.92,Medium Value,Single Purchase
17685.0,5454.95,12,3474,454.57916666666665,12,649,21.63,5454.95,High Value,21.320630749014455,255.85312480739597,3070.237497688752,Medium Value,Repeat Customer
17686.0,8296.81,9,3583,921.8677777777777,9,526,17.53,8296.81,High Value,17.279894875164256,480.1423885931559,5761.708663117871,High Value,Repeat Customer
17687.0,432.68,1,210,432.68,1,0,0.0,432.68,Low Value,1.0,432.68,5192.16,High Value,Single Purchase
17688.0,304.2,1,114,304.2,1,0,0.0,304.2,Low Value,1.0,304.2,3650.3999999999996,High Value,Single Purchase
17689.0,317.08,2,300,158.54,2,85,2.83,317.08,Low Value,2.7923784494086727,113.55194352941176,1362.6233223529412,Low Value,Repeat Customer
17690.0,6963.8,20,2939,348.19,20,644,21.47,6963.8,High Value,21.156373193166885,329.15849689440995,3949.9019627329194,High Value,Repeat Customer
17691.0,637.5500000000001,4,315,159.38750000000002,4,188,6.27,637.5500000000001,Medium Value,6.176084099868594,103.22884042553193,1238.7460851063831,Low Value,Repeat Customer
17692.0,2975.8,12,2338,247.98333333333335,12,413,13.77,2975.8,High Value,13.567674113009199,219.33015012106537,2631.9618014527846,Medium Value,Repeat Customer
17693.0,200.47,1,231,200.47,1,0,0.0,200.47,Low Value,1.0,200.47,2405.64,Medium Value,Single Purchase
17694.0,1695.97,3,1493,565.3233333333334,3,421,14.03,1695.9700000000003,High Value,13.830486202365309,122.62547933491686,1471.5057520190023,Medium Value,Repeat Customer
17695.0,1746.04,5,1809,349.20799999999997,5,549,18.3,1746.04,High Value,18.035479632063073,96.81139817850638,1161.7367781420767,Low Value,Repeat Customer
17696.0,7679.59,27,5891,284.42925925925925,27,690,23.0,7679.59,High Value,22.667542706964518,338.79234724637683,4065.508166956522,High Value,Repeat Customer
17697.0,338.95,1,93,338.95,1,0,0.0,338.95,Low Value,1.0,338.95,4067.3999999999996,High Value,Single Purchase
17698.0,154.95,1,93,154.95,1,0,0.0,154.95,Low Value,1.0,154.95,1859.3999999999999,Medium Value,Single Purchase
17699.0,442.0,2,208,221.0,2,84,2.8,442.0,Low Value,2.759526938239159,160.17238095238096,1922.0685714285714,Medium Value,Repeat Customer
17700.0,6679.97,14,3469,477.1407142857143,14,722,24.07,6679.97,High Value,23.71879106438896,281.63197617728537,3379.583714127424,High Value,Repeat Customer
17701.0,417.95,1,109,417.95,1,0,0.0,417.95,Low Value,1.0,417.95,5015.4,High Value,Single Purchase
17702.0,3144.04,6,2153,524.0066666666667,6,370,12.33,3144.04,High Value,12.155059132720105,258.66102054054056,3103.9322464864867,Medium Value,Repeat Customer
17703.0,1094.84,4,897,273.71,4,382,12.73,1094.84,Medium Value,12.54927726675427,87.24327120418847,1046.9192544502616,Low Value,Repeat Customer
17704.0,885.19,2,343,442.595,2,71,2.37,885.19,Medium Value,2.3324572930354797,379.5096281690141,4554.115538028169,High Value,Repeat Customer
17705.0,2083.9,11,1301,189.44545454545457,11,573,19.1,2083.9,High Value,18.823915900131404,110.70491448516582,1328.4589738219897,Low Value,Repeat Customer
17706.0,20272.15,31,7824,653.9403225806452,31,685,22.83,20272.15,High Value,22.503285151116952,900.8529138686132,10810.234966423359,High Value,Repeat Customer
17707.0,609.3000000000001,8,546,76.16250000000001,8,547,18.23,609.3000000000001,Medium Value,17.969776609724047,33.9069323583181,406.8831882998172,Low Value,Repeat Customer
17708.0,884.1800000000001,4,387,221.04500000000002,4,235,7.83,884.1800000000001,Medium Value,7.720105124835742,114.52952851063831,1374.3543421276597,Low Value,Repeat Customer
17709.0,671.01,5,295,134.202,5,433,14.43,671.01,Medium Value,14.224704336399475,47.17215796766744,566.0658956120093,Low Value,Repeat Customer
17710.0,293.5,1,158,293.5,1,0,0.0,293.5,Low Value,1.0,293.5,3522.0,High Value,Single Purchase
17711.0,385.1,2,246,192.55,2,279,9.3,385.1,Low Value,9.165571616294349,42.01592831541219,504.19113978494624,Low Value,Repeat Customer
17712.0,522.91,1,215,522.91,1,0,0.0,522.91,Medium Value,1.0,522.91,6274.92,High Value,Single Purchase
17713.0,1198.09,4,989,299.5225,4,166,5.53,1198.09,Medium Value,5.45335085413929,219.69794939759035,2636.375392771084,Medium Value,Repeat Customer
17714.0,1410.18,5,608,282.036,5,192,6.4,1410.18,Medium Value,6.307490144546649,223.57228750000002,2682.86745,Medium Value,Repeat Customer
17715.0,489.59999999999997,2,576,244.79999999999998,2,392,13.07,489.59999999999997,Medium Value,12.877792378449408,38.0189387755102,456.2272653061224,Low Value,Repeat Customer
17716.0,15956.97,24,8819,664.87375,24,714,23.8,15956.97,High Value,23.45597897503285,680.2943512605043,8163.532215126052,High Value,Repeat Customer
17717.0,376.92,1,344,376.92,1,0,0.0,376.92,Low Value,1.0,376.92,4523.04,High Value,Single Purchase
17718.0,439.18,2,274,219.59,2,412,13.73,439.18,Low Value,13.534822601839684,32.44815339805825,389.37784077669903,Low Value,Repeat Customer
17719.0,5396.04,15,2466,359.736,15,217,7.23,5396.04,High Value,7.128777923784494,756.9375926267281,9083.251111520738,High Value,Repeat Customer
17720.0,2666.91,10,1589,266.691,10,552,18.4,2666.91,High Value,18.134034165571617,147.06655869565216,1764.798704347826,Medium Value,Repeat Customer
17721.0,307.21000000000004,1,107,307.21000000000004,1,0,0.0,307.21000000000004,Low Value,1.0,307.21000000000004,3686.5200000000004,High Value,Single Purchase
17722.0,3520.2200000000003,5,2412,704.0440000000001,5,279,9.3,3520.2200000000003,High Value,9.165571616294349,384.06988100358427,4608.8385720430115,High Value,Repeat Customer
17723.0,3378.4000000000005,7,912,482.6285714285715,7,248,8.27,3378.4000000000005,High Value,8.147174770039422,414.6713548387097,4976.056258064516,High Value,Repeat Customer
17724.0,1033.0,3,300,344.3333333333333,3,67,2.23,1033.0,Medium Value,2.2010512483574245,469.32119402985074,5631.854328358209,High Value,Repeat Customer
17725.0,3439.08,11,2162,312.64363636363635,11,250,8.33,3439.08,High Value,8.21287779237845,418.7423808,5024.9085696,High Value,Repeat Customer
17726.0,1092.06,7,444,156.00857142857143,7,286,9.53,1092.06,Medium Value,9.395532194480946,116.23184055944056,1394.7820867132866,Low Value,Repeat Customer
17727.0,1060.25,1,645,1060.25,1,0,0.0,1060.25,Medium Value,1.0,1060.25,12723.0,High Value,Single Purchase
17728.0,4238.76,5,2146,847.7520000000001,5,449,14.97,4238.76,High Value,14.750328515111695,287.36715902004454,3448.4059082405347,High Value,Repeat Customer
17729.0,438.65000000000003,1,247,438.65000000000003,1,0,0.0,438.65000000000003,Low Value,1.0,438.65000000000003,5263.8,High Value,Single Purchase
17730.0,7773.8,20,5300,388.69,20,586,19.53,7773.8,High Value,19.250985545335084,403.8130921501707,4845.7571058020485,High Value,Repeat Customer
17731.0,1708.99,6,707,284.83166666666665,6,589,19.63,1708.9899999999998,High Value,19.349540078843624,88.32199592529713,1059.8639511035656,Low Value,Repeat Customer
17732.0,2166.42,8,1058,270.8025,8,115,3.83,2166.42,High Value,3.7779237844940865,573.4419547826087,6881.303457391305,High Value,Repeat Customer
17733.0,692.19,2,463,346.095,2,222,7.4,692.19,Medium Value,7.293035479632063,94.9110972972973,1138.9331675675676,Low Value,Repeat Customer
17734.0,1442.32,6,741,240.38666666666666,6,588,19.6,1442.32,Medium Value,19.316688567674113,74.66704217687075,896.004506122449,Low Value,Repeat Customer
17735.0,16790.33,26,10683,645.7819230769231,26,495,16.5,16790.33,High Value,16.26149802890933,1032.5204953535356,12390.245944242426,High Value,Repeat Customer
17736.0,377.44,3,238,125.81333333333333,3,104,3.47,377.44,Low Value,3.416557161629435,110.47378461538462,1325.6854153846155,Low Value,Repeat Customer
17737.0,168.24,2,108,84.12,2,49,1.63,168.24,Low Value,1.609724047306176,104.51480816326531,1254.1776979591837,Low Value,Repeat Customer
17738.0,4183.56,13,2776,321.81230769230774,13,611,20.37,4183.56,High Value,20.07227332457293,208.4248222585925,2501.0978671031103,Medium Value,Repeat Customer
17739.0,7730.59,18,2335,429.4772222222222,18,720,24.0,7730.59,High Value,23.653088042049934,326.8321661111111,3921.9859933333337,High Value,Repeat Customer
17740.0,426.9,6,222,71.14999999999999,6,308,10.27,426.9,Low Value,10.11826544021025,42.19102597402597,506.29231168831166,Low Value,Repeat Customer
17741.0,101.1,2,114,50.55,2,153,5.1,101.1,Low Value,5.026281208935611,20.11427450980392,241.37129411764704,Low Value,Repeat Customer
17742.0,2098.48,11,653,190.7709090909091,11,625,20.83,2098.48,High Value,20.532194480946124,102.20436991999999,1226.45243904,Low Value,Repeat Customer
17743.0,229.2,1,96,229.2,1,0,0.0,229.2,Low Value,1.0,229.2,2750.3999999999996,Medium Value,Single Purchase
17744.0,2649.14,7,3826,378.4485714285714,7,377,12.57,2649.14,High Value,12.3850197109067,213.89873103448278,2566.7847724137932,Medium Value,Repeat Customer
17745.0,600.34,2,164,300.17,2,78,2.6,600.34,Medium Value,2.562417871222076,234.28653333333335,2811.4384,Medium Value,Repeat Customer
17746.0,904.1800000000001,4,688,226.04500000000002,4,370,12.33,904.1800000000001,Medium Value,12.155059132720105,74.38713297297298,892.6455956756757,Low Value,Repeat Customer
17747.0,71.4,1,12,71.4,1,0,0.0,71.4,Low Value,1.0,71.4,856.8000000000001,Low Value,Single Purchase
17748.0,358.15,1,111,358.15,1,0,0.0,358.15,Low Value,1.0,358.15,4297.799999999999,High Value,Single Purchase
17749.0,1026.18,3,446,342.06,3,368,12.27,1026.18,Medium Value,12.089356110381077,84.88293260869565,1018.5951913043478,Low Value,Repeat Customer
17750.0,1710.45,9,3747,190.05,9,158,5.27,1710.45,High Value,5.19053876478318,329.53226582278484,3954.387189873418,High Value,Repeat Customer
17751.0,157.85999999999999,1,147,157.85999999999999,1,0,0.0,157.85999999999999,Low Value,1.0,157.85999999999999,1894.3199999999997,Medium Value,Single Purchase
17752.0,80.64,1,192,80.64,1,0,0.0,80.64,Low Value,1.0,80.64,967.6800000000001,Low Value,Single Purchase
17753.0,382.06,4,124,95.515,4,238,7.93,382.06,Low Value,7.818659658344283,48.865152941176476,586.3818352941178,Low Value,Repeat Customer
17754.0,4451.22,13,4366,342.4015384615385,13,727,24.23,4451.22,High Value,23.88304862023653,186.3757039889959,2236.508447867951,Medium Value,Repeat Customer
17756.0,728.75,3,399,242.91666666666666,3,18,0.6,728.75,Medium Value,1.0,728.75,8745.0,High Value,Repeat Customer
17757.0,9074.05,56,5011,162.03660714285712,56,693,23.1,9074.05,High Value,22.766097240473062,398.5773189033189,4782.927826839827,High Value,Repeat Customer
17758.0,4964.03,12,3199,413.6691666666666,12,549,18.3,4964.03,High Value,18.035479632063073,275.23692750455376,3302.8431300546454,Medium Value,Repeat Customer
17759.0,1261.88,5,965,252.37600000000003,5,566,18.87,1261.88,Medium Value,18.593955321944808,67.86506572438164,814.3807886925797,Low Value,Repeat Customer
17760.0,746.39,6,531,124.39833333333333,6,627,20.9,746.39,Medium Value,20.59789750328515,36.23622264752791,434.8346717703349,Low Value,Repeat Customer
17761.0,712.78,1,398,712.78,1,0,0.0,712.78,Medium Value,1.0,712.78,8553.36,High Value,Single Purchase
17762.0,129.75,1,129,129.75,1,0,0.0,129.75,Low Value,1.0,129.75,1557.0,Medium Value,Single Purchase
17763.0,86.15,4,41,21.5375,4,395,13.17,86.15,Low Value,12.976346911957949,6.639002531645571,79.66803037974685,Low Value,Repeat Customer
17764.0,1513.57,5,674,302.714,5,685,22.83,1513.57,Medium Value,22.503285151116952,67.25995737226278,807.1194884671534,Low Value,Repeat Customer
17765.0,524.0,4,195,131.0,4,289,9.63,524.0,Medium Value,9.494086727989487,55.1922491349481,662.3069896193772,Low Value,Repeat Customer
17766.0,299.61,2,155,149.805,2,0,0.0,299.61,Low Value,1.0,299.61,3595.32,High Value,Repeat Customer
17767.0,413.05,2,198,206.525,2,394,13.13,413.05,Low Value,12.943495400788436,31.91178172588833,382.9413807106599,Low Value,Repeat Customer
17768.0,3292.73,7,2339,470.39,7,729,24.3,3292.73,High Value,23.94875164257556,137.49067379972564,1649.8880855967077,Medium Value,Repeat Customer
17769.0,7053.38,17,3157,414.90470588235297,17,676,22.53,7053.38,High Value,22.207621550591327,317.6107798816568,3811.329358579882,High Value,Repeat Customer
17770.0,1143.27,5,365,228.654,5,83,2.77,1143.27,Medium Value,2.726675427069645,419.29082891566264,5031.489946987952,High Value,Repeat Customer
17771.0,387.41,4,373,96.8525,4,532,17.73,387.41,Low Value,17.47700394218134,22.166842857142857,266.0021142857143,Low Value,Repeat Customer
17772.0,360.75,3,113,120.25,3,381,12.7,360.75,Low Value,12.516425755584756,28.822125984251972,345.8655118110237,Low Value,Repeat Customer
17773.0,575.37,2,254,287.685,2,175,5.83,575.37,Medium Value,5.7490144546649145,100.08150171428572,1200.9780205714287,Low Value,Repeat Customer
17774.0,3273.83,9,1585,363.75888888888886,9,572,19.07,3273.83,High Value,18.791064388961892,174.2227013986014,2090.6724167832167,Medium Value,Repeat Customer
17775.0,56.4,1,72,56.4,1,0,0.0,56.4,Low Value,1.0,56.4,676.8,Low Value,Single Purchase
17776.0,330.56,2,273,165.28,2,336,11.2,330.56,Low Value,11.038107752956636,29.947161904761906,359.36594285714284,Low Value,Repeat Customer
17777.0,647.56,3,501,215.85333333333332,3,75,2.5,647.56,Medium Value,2.463863337713535,262.82301866666666,3153.8762239999996,Medium Value,Repeat Customer
17778.0,197.70000000000002,1,214,197.70000000000002,1,0,0.0,197.70000000000002,Low Value,1.0,197.70000000000002,2372.4,Medium Value,Single Purchase
17779.0,650.32,3,396,216.77333333333334,3,122,4.07,650.32,Medium Value,4.0078843626806835,162.26017049180328,1947.1220459016395,Medium Value,Repeat Customer
17780.0,346.56,3,156,115.52,3,17,0.57,346.56,Low Value,1.0,346.56,4158.72,High Value,Repeat Customer
17781.0,188.02,2,34,94.01,2,93,3.1,188.02,Low Value,3.055190538764783,61.54116989247312,738.4940387096774,Low Value,Repeat Customer
17782.0,679.02,2,538,339.51,2,0,0.0,679.02,Medium Value,1.0,679.02,8148.24,High Value,Repeat Customer
17783.0,376.96,3,438,125.65333333333332,3,440,14.67,376.96,Low Value,14.45466491458607,26.078778181818183,312.9453381818182,Low Value,Repeat Customer
17784.0,112.86,1,72,112.86,1,0,0.0,112.86,Low Value,1.0,112.86,1354.32,Low Value,Single Purchase
17785.0,403.38,3,227,134.46,3,512,17.07,403.38,Low Value,16.819973718791065,23.9822015625,287.78641875,Low Value,Repeat Customer
17786.0,266.85,2,195,133.425,2,231,7.7,266.85,Low Value,7.588699080157687,35.16412987012988,421.96955844155855,Low Value,Repeat Customer
17787.0,1817.54,4,896,454.385,4,218,7.27,1817.54,High Value,7.1616294349540075,253.7886128440367,3045.46335412844,Medium Value,Repeat Customer
17788.0,1117.9,2,211,558.95,2,55,1.83,1117.9,Medium Value,1.8068331143232588,618.7068363636364,7424.482036363637,High Value,Repeat Customer
17789.0,397.15,2,199,198.575,2,379,12.63,397.15,Low Value,12.450722733245728,31.897746701846966,382.7729604221636,Low Value,Repeat Customer
17790.0,2779.41,20,1387,138.9705,20,517,17.23,2779.41,High Value,16.98423127463863,163.6464998065764,1963.7579976789168,Medium Value,Repeat Customer
17791.0,106.1,1,46,106.1,1,0,0.0,106.1,Low Value,1.0,106.1,1273.1999999999998,Low Value,Single Purchase
17792.0,368.35,2,149,184.175,2,11,0.37,368.35,Low Value,1.0,368.35,4420.200000000001,High Value,Repeat Customer
17793.0,300.34,1,226,300.34,1,0,0.0,300.34,Low Value,1.0,300.34,3604.08,High Value,Single Purchase
17794.0,147.3,2,46,73.65,2,1,0.03,147.3,Low Value,1.0,147.3,1767.6000000000001,Medium Value,Repeat Customer
17795.0,342.83,2,305,171.415,2,85,2.83,342.83,Low Value,2.7923784494086727,122.77347294117646,1473.2816752941176,Medium Value,Repeat Customer
17796.0,1236.39,7,347,176.62714285714287,7,381,12.7,1236.39,Medium Value,12.516425755584756,98.78139527559057,1185.3767433070868,Low Value,Repeat Customer
17797.0,1971.87,8,1086,246.48375,8,701,23.37,1971.87,High Value,23.028909329829172,85.62585278174036,1027.5102333808843,Low Value,Repeat Customer
17798.0,178.07,1,138,178.07,1,0,0.0,178.07,Low Value,1.0,178.07,2136.84,Medium Value,Single Purchase
17799.0,6246.93,20,3674,312.3465,20,703,23.43,6246.93,High Value,23.0946123521682,270.49295761024183,3245.915491322902,Medium Value,Repeat Customer
17800.0,1187.21,9,732,131.91222222222223,9,296,9.87,1187.21,Medium Value,9.724047306176084,122.09010945945947,1465.0813135135136,Medium Value,Repeat Customer
17801.0,770.03,3,820,256.6766666666667,3,240,8.0,770.03,Medium Value,7.884362680683311,97.66547166666668,1171.98566,Low Value,Repeat Customer
17802.0,4946.22,10,2705,494.622,10,644,21.47,4946.22,High Value,21.156373193166885,233.7933801242236,2805.520561490683,Medium Value,Repeat Customer
17803.0,184.66,1,98,184.66,1,0,0.0,184.66,Low Value,1.0,184.66,2215.92,Medium Value,Single Purchase
17804.0,383.78000000000003,3,194,127.92666666666668,3,362,12.07,383.78000000000003,Low Value,11.892247043363994,32.27144530386741,387.2573436464089,Low Value,Repeat Customer
17805.0,927.03,2,1126,463.515,2,536,17.87,927.03,Medium Value,17.608409986859396,52.64700223880597,631.7640268656717,Low Value,Repeat Customer
17806.0,546.04,1,727,546.04,1,0,0.0,546.04,Medium Value,1.0,546.04,6552.48,High Value,Single Purchase
17807.0,437.87,3,262,145.95666666666668,3,309,10.3,437.87,Low Value,10.151116951379763,43.13515469255664,517.6218563106797,Low Value,Repeat Customer
17808.0,262.64,4,143,65.66,4,32,1.07,262.64,Low Value,1.0512483574244416,249.83629999999997,2998.0355999999997,Medium Value,Repeat Customer
17809.0,10085.89,20,2995,504.29449999999997,20,720,24.0,10085.89,High Value,23.653088042049934,426.4090161111111,5116.908193333333,High Value,Repeat Customer
17810.0,373.16,2,118,186.58,2,15,0.5,373.16,Low Value,1.0,373.16,4477.92,High Value,Repeat Customer
17811.0,9519.8,47,5278,202.54893617021276,47,441,14.7,9519.8,High Value,14.487516425755585,657.1036553287981,7885.243863945578,High Value,Repeat Customer
17812.0,911.99,7,444,130.28428571428572,7,517,17.23,911.99,Medium Value,16.98423127463863,53.69627775628627,644.3553330754353,Low Value,Repeat Customer
17813.0,1698.07,5,752,339.614,5,57,1.9,1698.07,High Value,1.8725361366622864,906.8289614035087,10881.947536842104,High Value,Repeat Customer
17814.0,1609.37,2,1435,804.685,2,47,1.57,1609.37,High Value,1.5440210249671484,1042.3238893617022,12507.886672340426,High Value,Repeat Customer
17815.0,591.96,1,612,591.96,1,0,0.0,591.96,Medium Value,1.0,591.96,7103.52,High Value,Single Purchase
17816.0,96.11,6,80,16.018333333333334,6,687,22.9,96.11000000000001,Low Value,22.568988173455978,4.258498398835517,51.1019807860262,Low Value,Repeat Customer
17817.0,788.15,6,353,131.35833333333332,6,417,13.9,788.1499999999999,Medium Value,13.699080157687254,57.533059952038364,690.3967194244603,Low Value,Repeat Customer
17818.0,124.78,1,86,124.78,1,0,0.0,124.78,Low Value,1.0,124.78,1497.3600000000001,Medium Value,Single Purchase
17819.0,6021.05,12,1610,501.75416666666666,12,654,21.8,6021.05,High Value,21.48488830486202,280.2458134556575,3362.9497614678903,Medium Value,Repeat Customer
17820.0,180.60999999999999,1,111,180.60999999999999,1,0,0.0,180.60999999999999,Low Value,1.0,180.60999999999999,2167.3199999999997,Medium Value,Single Purchase
17821.0,334.62,1,162,334.62,1,0,0.0,334.62,Low Value,1.0,334.62,4015.44,High Value,Single Purchase
17822.0,2162.93,5,1375,432.58599999999996,5,140,4.67,2162.93,High Value,4.599211563731932,470.28277999999995,5643.393359999999,High Value,Repeat Customer
17823.0,449.25,2,252,224.625,2,0,0.0,449.25,Low Value,1.0,449.25,5391.0,High Value,Repeat Customer
17824.0,298.4,1,408,298.4,1,0,0.0,298.4,Low Value,1.0,298.4,3580.7999999999997,High Value,Single Purchase
17825.0,701.96,4,516,175.49,4,126,4.2,701.96,Medium Value,4.139290407358739,169.58462222222224,2035.0154666666667,Medium Value,Repeat Customer
17826.0,133.34,1,84,133.34,1,0,0.0,133.34,Low Value,1.0,133.34,1600.08,Medium Value,Single Purchase
17827.0,2376.17,6,1582,396.02833333333336,6,616,20.53,2376.17,High Value,20.2365308804205,117.41982922077922,1409.0379506493507,Low Value,Repeat Customer
17828.0,1820.09,4,667,455.0225,4,162,5.4,1820.09,High Value,5.321944809461235,341.9971580246914,4103.965896296297,High Value,Repeat Customer
17829.0,4756.74,5,3009,951.348,5,356,11.87,4756.74,High Value,11.695137976346912,406.727993258427,4880.735919101124,High Value,Repeat Customer
17830.0,398.7,3,92,132.9,3,287,9.57,398.70000000000005,Low Value,9.42838370565046,42.287205574912896,507.4464668989548,Low Value,Repeat Customer
17831.0,35.400000000000006,1,12,35.400000000000006,1,0,0.0,35.400000000000006,Low Value,1.0,35.400000000000006,424.80000000000007,Low Value,Single Purchase
17832.0,155.37,1,208,155.37,1,0,0.0,155.37,Low Value,1.0,155.37,1864.44,Medium Value,Single Purchase
17833.0,338.46000000000004,1,143,338.46000000000004,1,0,0.0,338.46000000000004,Low Value,1.0,338.46000000000004,4061.5200000000004,High Value,Single Purchase
17834.0,689.6700000000001,2,639,344.83500000000004,2,30,1.0,689.6700000000001,Medium Value,1.0,689.6700000000001,8276.04,High Value,Repeat Customer
17835.0,342.24,3,344,114.08,3,20,0.67,342.24,Low Value,1.0,342.24,4106.88,High Value,Repeat Customer
17836.0,110.21000000000001,1,88,110.21000000000001,1,0,0.0,110.21000000000001,Low Value,1.0,110.21000000000001,1322.52,Low Value,Single Purchase
17837.0,1541.23,8,510,192.65375,8,120,4.0,1541.23,Medium Value,3.9421813403416555,390.9586766666667,4691.5041200000005,High Value,Repeat Customer
17838.0,5604.64,13,3491,431.1261538461539,13,604,20.13,5604.64,High Value,19.842312746386334,282.4590092715232,3389.5081112582784,High Value,Repeat Customer
17839.0,318.15,1,257,318.15,1,0,0.0,318.15,Low Value,1.0,318.15,3817.7999999999997,High Value,Single Purchase
17840.0,175.9,1,128,175.9,1,0,0.0,175.9,Low Value,1.0,175.9,2110.8,Medium Value,Single Purchase
17841.0,68545.25,211,36584,324.8590047393365,211,735,24.5,68545.25,High Value,24.14586070959264,2838.799197278912,34065.590367346944,High Value,Repeat Customer
17842.0,430.69,1,89,430.69,1,0,0.0,430.69,Low Value,1.0,430.69,5168.28,High Value,Single Purchase
17843.0,320.4,2,251,160.2,2,108,3.6,320.4,Low Value,3.54796320630749,90.30533333333334,1083.664,Low Value,Repeat Customer
17844.0,51.559999999999995,1,52,51.559999999999995,1,0,0.0,51.559999999999995,Low Value,1.0,51.559999999999995,618.7199999999999,Low Value,Single Purchase
17845.0,596.09,4,195,149.0225,4,21,0.7,596.09,Medium Value,1.0,596.09,7153.08,High Value,Repeat Customer
17846.0,2033.1,1,1,2033.1,1,0,0.0,2033.1,High Value,1.0,2033.1,24397.199999999997,High Value,Single Purchase
17847.0,129.69,2,29,64.845,2,129,4.3,129.69,Low Value,4.23784494086728,30.602818604651162,367.23382325581395,Low Value,Repeat Customer
17848.0,3559.11,30,1404,118.637,30,652,21.73,3559.11,High Value,21.419185282522996,166.16458343558284,1993.9750012269942,Medium Value,Repeat Customer
17849.0,1063.76,8,224,132.97,8,416,13.87,1063.76,Medium Value,13.66622864651774,77.83859230769231,934.0631076923078,Low Value,Repeat Customer
17850.0,51208.87,155,21052,330.3798064516129,155,362,12.07,51208.87,High Value,11.892247043363994,4306.071830939227,51672.86197127072,High Value,Repeat Customer
17851.0,1552.35,6,933,258.72499999999997,6,313,10.43,1552.35,Medium Value,10.282522996057818,150.96975718849842,1811.637086261981,Medium Value,Repeat Customer
17852.0,657.8100000000001,5,372,131.562,5,719,23.97,657.8100000000001,Medium Value,23.62023653088042,27.849424756606403,334.19309707927687,Low Value,Repeat Customer
17853.0,1596.29,3,625,532.0966666666667,3,329,10.97,1596.29,High Value,10.808147174770038,147.69321458966567,1772.318575075988,Medium Value,Repeat Customer
17854.0,1068.5,6,607,178.08333333333334,6,546,18.2,1068.5,Medium Value,17.936925098554532,59.569853479853485,714.8382417582418,Low Value,Repeat Customer
17855.0,208.97,1,197,208.97,1,0,0.0,208.97,Low Value,1.0,208.97,2507.64,Medium Value,Single Purchase
17856.0,1418.03,4,842,354.5075,4,279,9.3,1418.03,Medium Value,9.165571616294349,154.71266379928318,1856.5519655913981,Medium Value,Repeat Customer
17857.0,27347.04,24,19906,1139.46,24,637,21.23,27347.04,High Value,20.92641261498029,1306.8193054945054,15681.831665934065,High Value,Repeat Customer
17858.0,12518.65,30,5383,417.2883333333333,30,727,24.23,12518.65,High Value,23.88304862023653,524.1646574965612,6289.975889958734,High Value,Repeat Customer
17859.0,141.92000000000002,1,102,141.92000000000002,1,0,0.0,141.92000000000002,Low Value,1.0,141.92000000000002,1703.0400000000002,Medium Value,Single Purchase
17860.0,717.39,4,696,179.3475,4,359,11.97,717.39,Medium Value,11.793692509855452,60.82827743732591,729.9393292479109,Low Value,Repeat Customer
17861.0,5088.29,18,4541,282.6827777777778,18,726,24.2,5088.290000000001,High Value,23.850197109067015,213.34372947658403,2560.1247537190084,Medium Value,Repeat Customer
17862.0,1254.89,4,440,313.7225,4,239,7.97,1254.89,Medium Value,7.851511169513797,159.8278309623431,1917.9339715481174,Medium Value,Repeat Customer
17863.0,5360.48,12,4676,446.70666666666665,12,593,19.77,5360.48,High Value,19.48094612352168,275.1652802698145,3301.983363237774,Medium Value,Repeat Customer
17864.0,876.57,5,1015,175.31400000000002,5,414,13.8,876.5700000000002,Medium Value,13.600525624178712,64.45118550724638,773.4142260869565,Low Value,Repeat Customer
17865.0,26312.190000000002,46,12950,572.0041304347826,46,708,23.6,26312.19,High Value,23.258869908015768,1131.2755135593222,13575.306162711866,High Value,Repeat Customer
17866.0,1134.95,3,535,378.31666666666666,3,582,19.4,1134.95,Medium Value,19.11957950065703,59.36061512027492,712.327381443299,Low Value,Repeat Customer
17867.0,1582.0500000000002,15,638,105.47000000000001,15,707,23.57,1582.0500000000002,Medium Value,23.226018396846253,68.11542008486565,817.3850410183877,Low Value,Repeat Customer
17868.0,227.15,1,85,227.15,1,0,0.0,227.15,Low Value,1.0,227.15,2725.8,Medium Value,Single Purchase
17869.0,813.64,7,491,116.23428571428572,7,440,14.67,813.64,Medium Value,14.45466491458607,56.289094545454546,675.4691345454546,Low Value,Repeat Customer
17870.0,2753.29,13,1699,211.79153846153847,13,379,12.63,2753.29,High Value,12.450722733245728,221.1349540897098,2653.6194490765174,Medium Value,Repeat Customer
17871.0,1068.95,5,665,213.79000000000002,5,488,16.27,1068.95,Medium Value,16.031537450722734,66.67794672131147,800.1353606557377,Low Value,Repeat Customer
17872.0,235.87,1,176,235.87,1,0,0.0,235.87,Low Value,1.0,235.87,2830.44,Medium Value,Single Purchase
17873.0,6265.33,18,4159,348.07388888888886,18,643,21.43,6265.33,High Value,21.12352168199737,296.6044248833593,3559.253098600311,High Value,Repeat Customer
17874.0,683.46,6,221,113.91000000000001,6,70,2.33,683.46,Medium Value,2.299605781865966,297.20746285714284,3566.489554285714,High Value,Repeat Customer
17875.0,167.1,1,98,167.1,1,0,0.0,167.1,Low Value,1.0,167.1,2005.1999999999998,Medium Value,Single Purchase
17876.0,3424.02,3,1958,1141.34,3,275,9.17,3424.0199999999995,High Value,9.034165571616294,379.0078865454546,4548.094638545455,High Value,Repeat Customer
17877.0,237.61,1,98,237.61,1,0,0.0,237.61,Low Value,1.0,237.61,2851.32,Medium Value,Single Purchase
17878.0,1378.93,3,1014,459.6433333333334,3,351,11.7,1378.93,Medium Value,11.530880420499342,119.58583817663819,1435.0300581196584,Low Value,Repeat Customer
17879.0,178.51999999999998,1,45,178.51999999999998,1,0,0.0,178.51999999999998,Low Value,1.0,178.51999999999998,2142.24,Medium Value,Single Purchase
17880.0,824.9200000000001,3,466,274.97333333333336,3,365,12.17,824.9200000000001,Medium Value,11.990801576872535,68.7960679452055,825.5528153424659,Low Value,Repeat Customer
17881.0,133.35000000000002,1,32,133.35000000000002,1,0,0.0,133.35000000000002,Low Value,1.0,133.35000000000002,1600.2000000000003,Medium Value,Single Purchase
17882.0,291.56,2,130,145.78,2,0,0.0,291.56,Low Value,1.0,291.56,3498.7200000000003,High Value,Repeat Customer
17883.0,988.42,7,476,141.20285714285714,7,648,21.6,988.42,Medium Value,21.28777923784494,46.43133456790123,557.1760148148148,Low Value,Repeat Customer
17884.0,2698.47,20,2749,134.9235,20,731,24.37,2698.47,High Value,24.014454664914584,112.36857291381669,1348.4228749658002,Low Value,Repeat Customer
17885.0,156.34,1,110,156.34,1,0,0.0,156.34,Low Value,1.0,156.34,1876.08,Medium Value,Single Purchase
17886.0,1572.55,6,711,262.09166666666664,6,557,18.57,1572.5499999999997,Medium Value,18.298291721419183,85.93971633752246,1031.2765960502695,Low Value,Repeat Customer
17887.0,111.35,1,30,111.35,1,0,0.0,111.35,Low Value,1.0,111.35,1336.1999999999998,Low Value,Single Purchase
17888.0,1807.44,25,1536,72.2976,25,696,23.2,1807.44,High Value,22.864651773981603,79.04953103448277,948.5943724137933,Low Value,Repeat Customer
17889.0,746.42,7,403,106.63142857142857,7,406,13.53,746.42,Medium Value,13.337713534822601,55.96311527093596,671.5573832512315,Low Value,Repeat Customer
17890.0,586.89,2,402,293.445,2,38,1.27,586.89,Medium Value,1.2483574244415243,470.12977894736844,5641.557347368422,High Value,Repeat Customer
17891.0,203.85999999999999,1,393,203.85999999999999,1,0,0.0,203.85999999999999,Low Value,1.0,203.85999999999999,2446.3199999999997,Medium Value,Single Purchase
17892.0,244.1,3,109,81.36666666666666,3,99,3.3,244.09999999999997,Low Value,3.252299605781866,75.05458585858587,900.6550303030303,Low Value,Repeat Customer
17893.0,107.21,1,149,107.21,1,0,0.0,107.21,Low Value,1.0,107.21,1286.52,Low Value,Single Purchase
17894.0,2304.58,18,938,128.03222222222223,18,397,13.23,2304.58,High Value,13.042049934296976,176.70381662468515,2120.4457994962218,Medium Value,Repeat Customer
17895.0,95.45,1,127,95.45,1,0,0.0,95.45,Low Value,1.0,95.45,1145.4,Low Value,Single Purchase
17896.0,256.32,1,288,256.32,1,0,0.0,256.32,Low Value,1.0,256.32,3075.84,Medium Value,Single Purchase
17897.0,2099.89,9,864,233.3211111111111,9,403,13.43,2099.89,High Value,13.23915900131406,158.6120387096774,1903.3444645161287,Medium Value,Repeat Customer
17898.0,299.18,4,251,74.795,4,481,16.03,299.18,Low Value,15.801576872536137,18.93355343035343,227.2026411642412,Low Value,Repeat Customer
17899.0,154.55,1,170,154.55,1,0,0.0,154.55,Low Value,1.0,154.55,1854.6000000000001,Medium Value,Single Purchase
17900.0,112.19999999999999,2,73,56.099999999999994,2,0,0.0,112.19999999999999,Low Value,1.0,112.19999999999999,1346.3999999999999,Low Value,Repeat Customer
17901.0,260.08,3,38,86.69333333333333,3,492,16.4,260.08,Low Value,16.16294349540079,16.09112845528455,193.09354146341462,Low Value,Repeat Customer
17902.0,216.39999999999998,1,526,216.39999999999998,1,0,0.0,216.39999999999998,Low Value,1.0,216.39999999999998,2596.7999999999997,Medium Value,Single Purchase
17903.0,381.09000000000003,1,142,381.09000000000003,1,0,0.0,381.09000000000003,Low Value,1.0,381.09000000000003,4573.08,High Value,Single Purchase
17904.0,181.07,1,59,181.07,1,0,0.0,181.07,Low Value,1.0,181.07,2172.84,Medium Value,Single Purchase
17905.0,2178.87,13,1299,167.6053846153846,13,608,20.27,2178.87,High Value,19.97371879106439,109.08684671052632,1309.042160526316,Low Value,Repeat Customer
17906.0,72.9,1,26,72.9,1,0,0.0,72.9,Low Value,1.0,72.9,874.8000000000001,Low Value,Single Purchase
17907.0,291.76,1,1046,291.76,1,0,0.0,291.76,Low Value,1.0,291.76,3501.12,High Value,Single Purchase
17908.0,1142.47,5,670,228.494,5,351,11.7,1142.47,Medium Value,11.530880420499342,99.07916467236468,1188.9499760683761,Low Value,Repeat Customer
17909.0,110.05,1,35,110.05,1,0,0.0,110.05,Low Value,1.0,110.05,1320.6,Low Value,Single Purchase
17910.0,261.7,1,121,261.7,1,0,0.0,261.7,Low Value,1.0,261.7,3140.3999999999996,Medium Value,Single Purchase
17911.0,366.23,1,223,366.23,1,0,0.0,366.23,Low Value,1.0,366.23,4394.76,High Value,Single Purchase
17912.0,374.55,6,215,62.425000000000004,6,65,2.17,374.55,Low Value,2.135348226018397,175.40464615384616,2104.8557538461537,Medium Value,Repeat Customer
17913.0,3429.29,14,1725,244.9492857142857,14,677,22.57,3429.29,High Value,22.24047306176084,154.19141447562777,1850.2969737075332,Medium Value,Repeat Customer
17914.0,329.36,1,457,329.36,1,0,0.0,329.36,Low Value,1.0,329.36,3952.32,High Value,Single Purchase
17915.0,225.78,1,184,225.78,1,0,0.0,225.78,Low Value,1.0,225.78,2709.36,Medium Value,Single Purchase
17916.0,43.87,2,90,21.935,2,104,3.47,43.87,Low Value,3.416557161629435,12.840411538461538,154.08493846153846,Low Value,Repeat Customer
17917.0,335.03,3,184,111.67666666666666,3,317,10.57,335.03,Low Value,10.413929040735873,32.17133501577287,386.0560201892744,Low Value,Repeat Customer
17918.0,396.39,3,352,132.13,3,4,0.13,396.39,Low Value,1.0,396.39,4756.68,High Value,Repeat Customer
17919.0,1840.32,2,1452,920.16,2,350,11.67,1840.32,High Value,11.498028909329829,160.05525942857142,1920.6631131428571,Medium Value,Repeat Customer
17920.0,23581.78,54,12265,436.6996296296296,54,729,24.3,23581.78,High Value,23.94875164257556,984.6767945130315,11816.121534156378,High Value,Repeat Customer
17921.0,2394.36,10,991,239.436,10,447,14.9,2394.36,High Value,14.684625492772668,163.05216644295302,1956.6259973154363,Medium Value,Repeat Customer
17922.0,170.4,1,49,170.4,1,0,0.0,170.4,Low Value,1.0,170.4,2044.8000000000002,Medium Value,Single Purchase
17923.0,497.0,3,140,165.66666666666666,3,262,8.73,497.0,Medium Value,8.607095926412615,57.743053435114504,692.916641221374,Low Value,Repeat Customer
17924.0,3257.7000000000003,8,1208,407.21250000000003,8,402,13.4,3257.7000000000003,High Value,13.206307490144546,246.67758208955226,2960.130985074627,Medium Value,Repeat Customer
17925.0,244.08,1,72,244.08,1,0,0.0,244.08,Low Value,1.0,244.08,2928.96,Medium Value,Single Purchase
17926.0,1035.49,5,572,207.098,5,446,14.87,1035.49,Medium Value,14.651773981603153,70.6733533632287,848.0802403587444,Low Value,Repeat Customer
17927.0,294.0,1,108,294.0,1,0,0.0,294.0,Low Value,1.0,294.0,3528.0,High Value,Single Purchase
17928.0,341.24,3,222,113.74666666666667,3,525,17.5,341.24,Low Value,17.24704336399474,19.785420190476195,237.42504228571434,Low Value,Repeat Customer
17929.0,3082.1,12,434,256.84166666666664,12,719,23.97,3082.0999999999995,High Value,23.62023653088042,130.48556884561893,1565.8268261474273,Medium Value,Repeat Customer
17930.0,4275.22,13,3795,328.86307692307696,13,609,20.3,4275.22,High Value,20.006570302233904,213.69079934318555,2564.2895921182267,Medium Value,Repeat Customer
17931.0,3402.24,14,1919,243.01714285714283,14,527,17.57,3402.24,High Value,17.31274638633377,196.51648121442125,2358.197774573055,Medium Value,Repeat Customer
17932.0,1331.57,3,789,443.8566666666666,3,182,6.07,1331.57,Medium Value,5.978975032851511,222.70874065934066,2672.5048879120877,Medium Value,Repeat Customer
17933.0,114.69,1,63,114.69,1,0,0.0,114.69,Low Value,1.0,114.69,1376.28,Low Value,Single Purchase
17934.0,1049.15,3,628,349.7166666666667,3,354,11.8,1049.15,Medium Value,11.629434954007884,90.21504519774012,1082.5805423728816,Low Value,Repeat Customer
17935.0,686.14,7,244,98.02,7,596,19.87,686.14,Medium Value,19.579500657030223,35.04379463087248,420.5255355704698,Low Value,Repeat Customer
17936.0,380.13,1,257,380.13,1,0,0.0,380.13,Low Value,1.0,380.13,4561.5599999999995,High Value,Single Purchase
17937.0,4301.22,7,1754,614.46,7,353,11.77,4301.22,High Value,11.59658344283837,370.90407025495756,4450.848843059491,High Value,Repeat Customer
17938.0,144.29,1,53,144.29,1,0,0.0,144.29,Low Value,1.0,144.29,1731.48,Medium Value,Single Purchase
17939.0,99.14,1,40,99.14,1,0,0.0,99.14,Low Value,1.0,99.14,1189.68,Low Value,Single Purchase
17940.0,30306.79,16,85148,1894.174375,16,687,22.9,30306.79,High Value,22.568988173455978,1342.8510736535663,16114.212883842796,High Value,Repeat Customer
17941.0,1433.28,4,1108,358.32,4,571,19.03,1433.28,Medium Value,18.758212877792378,76.40813169877408,916.8975803852891,Low Value,Repeat Customer
17942.0,77.50000000000001,1,38,77.50000000000001,1,0,0.0,77.50000000000001,Low Value,1.0,77.50000000000001,930.0000000000002,Low Value,Single Purchase
17944.0,74.99,1,84,74.99,1,0,0.0,74.99,Low Value,1.0,74.99,899.8799999999999,Low Value,Single Purchase
17945.0,360.35,3,244,120.11666666666667,3,0,0.0,360.35,Low Value,1.0,360.35,4324.200000000001,High Value,Repeat Customer
17946.0,149.57999999999998,2,75,74.78999999999999,2,26,0.87,149.57999999999998,Low Value,1.0,149.57999999999998,1794.9599999999998,Medium Value,Repeat Customer
17947.0,176.68,1,168,176.68,1,0,0.0,176.68,Low Value,1.0,176.68,2120.16,Medium Value,Single Purchase
17948.0,358.56000000000006,1,144,358.56000000000006,1,0,0.0,358.56000000000006,Low Value,1.0,358.56000000000006,4302.720000000001,High Value,Single Purchase
17949.0,117314.08,118,60538,994.1871186440678,118,736,24.53,117314.08,High Value,24.178712220762154,4851.957330434783,58223.4879652174,High Value,Repeat Customer
17950.0,1166.29,7,659,166.61285714285714,7,631,21.03,1166.29,Medium Value,20.729303547963205,56.262864659271,675.154375911252,Low Value,Repeat Customer
17951.0,1340.5800000000002,4,780,335.14500000000004,4,364,12.13,1340.5800000000002,Medium Value,11.957950065703022,112.10784395604398,1345.2941274725276,Low Value,Repeat Customer
17952.0,788.46,4,477,197.115,4,163,5.43,788.46,Medium Value,5.354796320630749,147.24369570552147,1766.9243484662577,Medium Value,Repeat Customer
17953.0,159.17000000000002,1,98,159.17000000000002,1,0,0.0,159.17000000000002,Low Value,1.0,159.17000000000002,1910.0400000000002,Medium Value,Single Purchase
17954.0,3804.38,19,3180,200.2305263157895,19,725,24.17,3804.38,High Value,23.817345597897503,159.73148579310345,1916.7778295172413,Medium Value,Repeat Customer
17955.0,949.9,6,681,158.31666666666666,6,466,15.53,949.9,Medium Value,15.308804204993429,62.04926180257511,744.5911416309013,Low Value,Repeat Customer
17956.0,12.75,1,1,12.75,1,0,0.0,12.75,Low Value,1.0,12.75,153.0,Low Value,Single Purchase
17957.0,111.68,1,287,111.68,1,0,0.0,111.68,Low Value,1.0,111.68,1340.16,Low Value,Single Purchase
17958.0,973.88,2,284,486.94,2,611,20.37,973.88,Medium Value,20.07227332457293,48.518669721767594,582.2240366612111,Low Value,Repeat Customer
17959.0,140.75,1,49,140.75,1,0,0.0,140.75,Low Value,1.0,140.75,1689.0,Medium Value,Single Purchase
17960.0,135.08,3,60,45.02666666666667,3,470,15.67,135.08,Low Value,15.440210249671484,8.748585531914895,104.98302638297874,Low Value,Repeat Customer
17961.0,2866.74,100,1491,28.667399999999997,100,717,23.9,2866.74,High Value,23.554533508541393,121.7065071129707,1460.4780853556483,Medium Value,Repeat Customer
17962.0,666.96,4,633,166.74,4,552,18.4,666.96,Medium Value,18.134034165571617,36.77946086956522,441.35353043478267,Low Value,Repeat Customer
17963.0,643.16,4,341,160.79,4,217,7.23,643.16,Medium Value,7.128777923784494,90.22023225806451,1082.642787096774,Low Value,Repeat Customer
17964.0,463.21,2,294,231.605,2,340,11.33,463.21,Medium Value,11.169513797634691,41.47091882352941,497.6510258823529,Low Value,Repeat Customer
17965.0,7006.65,29,4383,241.60862068965517,29,687,22.9,7006.65,High Value,22.568988173455978,310.45476855895197,3725.4572227074236,High Value,Repeat Customer
17966.0,1963.92,10,3918,196.392,10,652,21.73,1963.92,High Value,21.419185282522996,91.6897619631902,1100.2771435582822,Low Value,Repeat Customer
17967.0,223.42,2,111,111.71,2,44,1.47,223.42,Low Value,1.445466491458607,154.56601818181818,1854.792218181818,Medium Value,Repeat Customer
17968.0,590.4399999999999,4,352,147.60999999999999,4,138,4.6,590.4399999999999,Medium Value,4.533508541392904,130.239084057971,1562.8690086956522,Medium Value,Repeat Customer
17969.0,2354.29,20,1014,117.7145,20,566,18.87,2354.29,High Value,18.593955321944808,126.61587915194347,1519.3905498233216,Medium Value,Repeat Customer
17970.0,562.79,1,513,562.79,1,0,0.0,562.79,Medium Value,1.0,562.79,6753.48,High Value,Single Purchase
17971.0,161.94,1,62,161.94,1,0,0.0,161.94,Low Value,1.0,161.94,1943.28,Medium Value,Single Purchase
17972.0,135.19,1,36,135.19,1,0,0.0,135.19,Low Value,1.0,135.19,1622.28,Medium Value,Single Purchase
17973.0,337.04,1,176,337.04,1,0,0.0,337.04,Low Value,1.0,337.04,4044.4800000000005,High Value,Single Purchase
17974.0,1739.09,6,1189,289.8483333333333,6,382,12.73,1739.0899999999997,High Value,12.54927726675427,138.5808890052356,1662.9706680628274,Medium Value,Repeat Customer
17975.0,6696.33,24,2179,279.01375,24,475,15.83,6696.33,High Value,15.604467805519054,429.1290214736842,5149.5482576842105,High Value,Repeat Customer
17976.0,321.79,1,93,321.79,1,0,0.0,321.79,Low Value,1.0,321.79,3861.4800000000005,High Value,Single Purchase
17977.0,1511.45,2,1948,755.725,2,370,12.33,1511.45,Medium Value,12.155059132720105,124.34740000000001,1492.1688000000001,Medium Value,Repeat Customer
17978.0,1159.99,4,1297,289.9975,4,366,12.2,1159.99,Medium Value,12.02365308804205,96.47567103825136,1157.7080524590165,Low Value,Repeat Customer
17979.0,732.41,4,383,183.1025,4,224,7.47,732.41,Medium Value,7.35873850197109,99.5292875,1194.3514499999999,Low Value,Repeat Customer
17980.0,1012.72,4,771,253.18,4,227,7.57,1012.72,Medium Value,7.457293035479632,135.8026290748899,1629.6315488986788,Medium Value,Repeat Customer
17981.0,239.12,1,260,239.12,1,0,0.0,239.12,Low Value,1.0,239.12,2869.44,Medium Value,Single Purchase
17982.0,138.18,1,117,138.18,1,0,0.0,138.18,Low Value,1.0,138.18,1658.16,Medium Value,Single Purchase
17983.0,171.71,1,108,171.71,1,0,0.0,171.71,Low Value,1.0,171.71,2060.52,Medium Value,Single Purchase
17984.0,1152.19,5,939,230.43800000000002,5,593,19.77,1152.19,Medium Value,19.48094612352168,59.14445801011806,709.7334961214167,Low Value,Repeat Customer
17985.0,631.35,1,171,631.35,1,0,0.0,631.35,Medium Value,1.0,631.35,7576.200000000001,High Value,Single Purchase
17986.0,20.8,1,10,20.8,1,0,0.0,20.8,Low Value,1.0,20.8,249.60000000000002,Low Value,Single Purchase
17987.0,965.4399999999999,5,981,193.088,5,365,12.17,965.4399999999999,Medium Value,11.990801576872535,80.51505095890411,966.1806115068493,Low Value,Repeat Customer
17988.0,489.54,14,186,34.96714285714286,14,720,24.0,489.5400000000001,Medium Value,23.653088042049934,20.696663333333333,248.35996,Low Value,Repeat Customer
17989.0,207.32999999999998,1,300,207.32999999999998,1,0,0.0,207.32999999999998,Low Value,1.0,207.32999999999998,2487.96,Medium Value,Single Purchase
17990.0,1527.6100000000001,6,777,254.6016666666667,6,495,16.5,1527.6100000000001,Medium Value,16.26149802890933,93.9402997979798,1127.2835975757575,Low Value,Repeat Customer
17991.0,300.3,3,93,100.10000000000001,3,366,12.2,300.3,Low Value,12.02365308804205,24.97577049180328,299.7092459016394,Low Value,Repeat Customer
17992.0,252.88,1,130,252.88,1,0,0.0,252.88,Low Value,1.0,252.88,3034.56,Medium Value,Single Purchase
17993.0,225.99,1,108,225.99,1,0,0.0,225.99,Low Value,1.0,225.99,2711.88,Medium Value,Single Purchase
17994.0,2270.0299999999997,11,2181,206.36636363636362,11,499,16.63,2270.0299999999997,High Value,16.392904073587385,138.47637915831663,1661.7165498997997,Medium Value,Repeat Customer
17995.0,495.48,3,263,165.16,3,105,3.5,495.48,Medium Value,3.4494086727989486,143.64201142857144,1723.7041371428572,Medium Value,Repeat Customer
17996.0,482.33,3,587,160.77666666666667,3,166,5.53,482.33000000000004,Medium Value,5.45335085413929,88.44653734939759,1061.358448192771,Low Value,Repeat Customer
17997.0,1962.46,8,2273,245.3075,8,89,2.97,1962.46,High Value,2.923784494086728,671.2054202247191,8054.465042696629,High Value,Repeat Customer
17998.0,639.24,3,561,213.08,3,358,11.93,639.24,Medium Value,11.76084099868594,54.35325586592179,652.2390703910614,Low Value,Repeat Customer
17999.0,528.46,3,286,176.15333333333334,3,341,11.37,528.46,Medium Value,11.202365308804204,47.1739659824047,566.0875917888565,Low Value,Repeat Customer
18000.0,124.25,1,109,124.25,1,0,0.0,124.25,Low Value,1.0,124.25,1491.0,Medium Value,Single Purchase
18001.0,924.14,6,874,154.02333333333334,6,725,24.17,924.1400000000001,Medium Value,23.817345597897503,38.80113324137931,465.6135988965517,Low Value,Repeat Customer
18002.0,244.37,4,71,61.0925,4,355,11.83,244.37,Low Value,11.662286465177397,20.953867042253524,251.4464045070423,Low Value,Repeat Customer
18003.0,353.51,1,297,353.51,1,0,0.0,353.51,Low Value,1.0,353.51,4242.12,High Value,Single Purchase
18004.0,157.92,1,75,157.92,1,0,0.0,157.92,Low Value,1.0,157.92,1895.04,Medium Value,Single Purchase
18005.0,226.47,2,86,113.235,2,43,1.43,226.47,Low Value,1.4126149802890933,160.3196930232558,1923.8363162790697,Medium Value,Repeat Customer
18006.0,969.51,4,395,242.3775,4,699,23.3,969.51,Medium Value,22.963206307490143,42.220149356223175,506.6417922746781,Low Value,Repeat Customer
18007.0,215.22,1,246,215.22,1,0,0.0,215.22,Low Value,1.0,215.22,2582.64,Medium Value,Single Purchase
18008.0,19759.079999999998,23,7825,859.0904347826087,23,632,21.07,19759.079999999998,High Value,20.76215505913272,951.6873341772151,11420.248010126581,High Value,Repeat Customer
18009.0,2144.23,8,651,268.02875,8,417,13.9,2144.23,High Value,13.699080157687254,156.5236479616307,1878.2837755395685,Medium Value,Repeat Customer
18010.0,174.8,1,60,174.8,1,0,0.0,174.8,Low Value,1.0,174.8,2097.6000000000004,Medium Value,Single Purchase
18011.0,410.79,2,125,205.395,2,194,6.47,410.79,Low Value,6.3731931668856765,64.45591546391753,773.4709855670104,Low Value,Repeat Customer
18012.0,115.3,1,63,115.3,1,0,0.0,115.3,Low Value,1.0,115.3,1383.6,Low Value,Single Purchase
18013.0,187.29,2,285,93.645,2,0,0.0,187.29,Low Value,1.0,187.29,2247.48,Medium Value,Repeat Customer
18014.0,162.22,1,66,162.22,1,0,0.0,162.22,Low Value,1.0,162.22,1946.6399999999999,Medium Value,Single Purchase
18015.0,120.03,1,157,120.03,1,0,0.0,120.03,Low Value,1.0,120.03,1440.3600000000001,Low Value,Single Purchase
18016.0,1954.56,7,1207,279.22285714285715,7,648,21.6,1954.56,High Value,21.28777923784494,91.81605925925926,1101.7927111111112,Low Value,Repeat Customer
18017.0,688.0,4,400,172.0,4,350,11.67,688.0,Medium Value,11.498028909329829,59.83634285714286,718.0361142857143,Low Value,Repeat Customer
18018.0,297.99,4,186,74.4975,4,312,10.4,297.99,Low Value,10.249671484888305,29.073126923076924,348.87752307692307,Low Value,Repeat Customer
18019.0,38.45,1,7,38.45,1,0,0.0,38.45,Low Value,1.0,38.45,461.40000000000003,Low Value,Single Purchase
18020.0,190.48000000000002,1,67,190.48000000000002,1,0,0.0,190.48000000000002,Low Value,1.0,190.48000000000002,2285.76,Medium Value,Single Purchase
18021.0,216.41,2,168,108.205,2,2,0.07,216.41,Low Value,1.0,216.41,2596.92,Medium Value,Repeat Customer
18022.0,1507.25,5,1311,301.45,5,510,17.0,1507.25,Medium Value,16.754270696452036,89.96213725490196,1079.5456470588235,Low Value,Repeat Customer
18024.0,389.78,2,184,194.89,2,0,0.0,389.78,Low Value,1.0,389.78,4677.36,High Value,Repeat Customer
18025.0,1177.72,6,1053,196.28666666666666,6,239,7.97,1177.72,Medium Value,7.851511169513797,149.999149790795,1799.98979748954,Medium Value,Repeat Customer
18026.0,2074.07,2,530,1037.035,2,4,0.13,2074.07,High Value,1.0,2074.07,24888.840000000004,High Value,Repeat Customer
18027.0,115.31,1,78,115.31,1,0,0.0,115.31,Low Value,1.0,115.31,1383.72,Low Value,Single Purchase
18028.0,192.05,1,133,192.05,1,0,0.0,192.05,Low Value,1.0,192.05,2304.6000000000004,Medium Value,Single Purchase
18029.0,433.77,1,253,433.77,1,0,0.0,433.77,Low Value,1.0,433.77,5205.24,High Value,Single Purchase
18030.0,230.64999999999998,2,67,115.32499999999999,2,38,1.27,230.64999999999998,Low Value,1.2483574244415243,184.7627894736842,2217.1534736842104,Medium Value,Repeat Customer
18031.0,451.3,1,298,451.3,1,0,0.0,451.3,Low Value,1.0,451.3,5415.6,High Value,Single Purchase
18032.0,73.5,1,42,73.5,1,0,0.0,73.5,Low Value,1.0,73.5,882.0,Low Value,Single Purchase
18033.0,93.82000000000001,1,252,93.82000000000001,1,0,0.0,93.82000000000001,Low Value,1.0,93.82000000000001,1125.8400000000001,Low Value,Single Purchase
18034.0,754.2,3,951,251.4,3,353,11.77,754.2,Medium Value,11.59658344283837,65.03639660056658,780.4367592067989,Low Value,Repeat Customer
18035.0,1260.23,5,1134,252.046,5,349,11.63,1260.23,Medium Value,11.465177398160314,109.91805501432665,1319.0166601719197,Low Value,Repeat Customer
18036.0,1545.49,11,741,140.4990909090909,11,689,22.97,1545.49,Medium Value,22.634691195795007,68.27970333817126,819.3564400580551,Low Value,Repeat Customer
18037.0,167.42,15,37,11.161333333333333,15,583,19.43,167.42,Low Value,19.152431011826543,8.741449056603773,104.89738867924528,Low Value,Repeat Customer
18038.0,141.48,1,80,141.48,1,0,0.0,141.48,Low Value,1.0,141.48,1697.7599999999998,Medium Value,Single Purchase
18039.0,548.22,4,555,137.055,4,266,8.87,548.22,Medium Value,8.73850197109067,62.73615338345865,752.8338406015038,Low Value,Repeat Customer
18040.0,357.20000000000005,2,148,178.60000000000002,2,226,7.53,357.20000000000005,Low Value,7.424441524310118,48.111362831858415,577.336353982301,Low Value,Repeat Customer
18041.0,8018.7699999999995,38,7316,211.02026315789473,38,683,22.77,8018.7699999999995,High Value,22.437582128777922,357.38119882869694,4288.574385944363,High Value,Repeat Customer
18042.0,281.15,2,69,140.575,2,488,16.27,281.15,Low Value,16.031537450722734,17.537307377049178,210.44768852459015,Low Value,Repeat Customer
18043.0,529.29,3,265,176.42999999999998,3,342,11.4,529.29,Medium Value,11.235216819973719,47.10990526315789,565.3188631578947,Low Value,Repeat Customer
18044.0,3505.61,18,1598,194.75611111111112,18,555,18.5,3505.61,High Value,18.232588699080157,192.2716547747748,2307.2598572972975,Medium Value,Repeat Customer
18045.0,178.34,1,138,178.34,1,0,0.0,178.34,Low Value,1.0,178.34,2140.08,Medium Value,Single Purchase
18046.0,189.63,1,44,189.63,1,0,0.0,189.63,Low Value,1.0,189.63,2275.56,Medium Value,Single Purchase
18047.0,326.09,2,130,163.045,2,0,0.0,326.09,Low Value,1.0,326.09,3913.08,High Value,Repeat Customer
18048.0,394.93,3,256,131.64333333333335,3,290,9.67,394.93000000000006,Low Value,9.526938239159001,41.454031724137934,497.4483806896552,Low Value,Repeat Customer
18049.0,500.92,2,402,250.46,2,153,5.1,500.92,Medium Value,5.026281208935611,99.66016209150327,1195.9219450980393,Low Value,Repeat Customer
18050.0,412.06,2,250,206.03,2,33,1.1,412.06,Low Value,1.0840998685939554,380.09413333333333,4561.1296,High Value,Repeat Customer
18051.0,2282.28,7,1661,326.04,7,96,3.2,2282.28,High Value,3.1537450722733245,723.6729500000001,8684.075400000002,High Value,Repeat Customer
18052.0,10877.18,1,17766,10877.18,1,0,0.0,10877.18,High Value,1.0,10877.18,130526.16,High Value,Single Purchase
18053.0,571.07,3,409,190.35666666666668,3,456,15.2,571.07,Medium Value,14.98028909329829,38.12142719298246,457.45712631578954,Low Value,Repeat Customer
18054.0,176.5,1,96,176.5,1,0,0.0,176.5,Low Value,1.0,176.5,2118.0,Medium Value,Single Purchase
18055.0,10142.64,14,3534,724.4742857142857,14,406,13.53,10142.64,High Value,13.337713534822601,760.4481812807882,9125.378175369458,High Value,Repeat Customer
18056.0,554.6,2,334,277.3,2,330,11.0,554.6,Medium Value,10.840998685939553,51.15764848484849,613.8917818181818,Low Value,Repeat Customer
18057.0,1188.46,3,970,396.15333333333336,3,297,9.9,1188.46,Medium Value,9.756898817345597,121.80714612794614,1461.6857535353538,Medium Value,Repeat Customer
18058.0,774.06,3,394,258.02,3,657,21.9,774.06,Medium Value,21.583442838370566,35.863601826484015,430.3632219178082,Low Value,Repeat Customer
18059.0,306.46,3,258,102.15333333333332,3,44,1.47,306.46,Low Value,1.445466491458607,212.0146,2544.1752,Medium Value,Repeat Customer
18060.0,1185.46,2,902,592.73,2,156,5.2,1185.46,Medium Value,5.124835742444152,231.31668205128207,2775.8001846153848,Medium Value,Repeat Customer
18061.0,6083.81,28,3359,217.2789285714286,28,713,23.77,6083.81,High Value,23.423127463863338,259.73517026647966,3116.822043197756,Medium Value,Repeat Customer
18062.0,1632.67,6,831,272.1116666666667,6,424,14.13,1632.67,High Value,13.92904073587385,117.21338396226416,1406.5606075471699,Low Value,Repeat Customer
18063.0,186.60000000000002,2,48,93.30000000000001,2,242,8.07,186.60000000000002,Low Value,7.9500657030223385,23.47150413223141,281.6580495867769,Low Value,Repeat Customer
18064.0,4481.83,11,2685,407.4390909090909,11,543,18.1,4481.83,High Value,17.83837056504599,251.2466025782689,3014.9592309392265,Medium Value,Repeat Customer
18065.0,5866.63,29,2265,202.29758620689657,29,724,24.13,5866.63,High Value,23.78449408672799,246.65775856353594,2959.893102762431,Medium Value,Repeat Customer
18066.0,1440.4,3,535,480.1333333333334,3,340,11.33,1440.4,Medium Value,11.169513797634691,128.95816470588235,1547.4979764705881,Medium Value,Repeat Customer
18067.0,396.33,1,189,396.33,1,0,0.0,396.33,Low Value,1.0,396.33,4755.96,High Value,Single Purchase
18068.0,101.69999999999999,1,6,101.69999999999999,1,0,0.0,101.69999999999999,Low Value,1.0,101.69999999999999,1220.3999999999999,Low Value,Single Purchase
18069.0,4464.92,11,3168,405.9018181818182,11,622,20.73,4464.92,High Value,20.43363994743758,218.5083035369775,2622.09964244373,Medium Value,Repeat Customer
18070.0,314.1,1,86,314.1,1,0,0.0,314.1,Low Value,1.0,314.1,3769.2000000000003,High Value,Single Purchase
18071.0,1169.68,6,678,194.9466666666667,6,477,15.9,1169.68,Medium Value,15.670170827858081,74.64372997903564,895.7247597484277,Low Value,Repeat Customer
18072.0,247.44,1,288,247.44,1,0,0.0,247.44,Low Value,1.0,247.44,2969.2799999999997,Medium Value,Single Purchase
18073.0,3859.82,12,3102,321.6516666666667,12,82,2.73,3859.8200000000006,High Value,2.6938239159001314,1432.8404975609758,17194.08597073171,High Value,Repeat Customer
18074.0,1019.44,2,361,509.72,2,131,4.37,1019.44,Medium Value,4.303547963206308,236.88361526717557,2842.6033832061066,Medium Value,Repeat Customer
18075.0,5783.29,20,3281,289.1645,20,475,15.83,5783.289999999999,High Value,15.604467805519054,370.61757389473684,4447.410886736842,High Value,Repeat Customer
18076.0,151.49,1,164,151.49,1,0,0.0,151.49,Low Value,1.0,151.49,1817.88,Medium Value,Single Purchase
18077.0,4078.79,18,3020,226.59944444444443,18,724,24.13,4078.79,High Value,23.78449408672799,171.48945801104972,2057.8734961325968,Medium Value,Repeat Customer
18078.0,725.53,4,370,181.3825,4,410,13.67,725.53,Medium Value,13.469119579500656,53.866178536585366,646.3941424390243,Low Value,Repeat Customer
18079.0,4203.93,5,8730,840.7860000000001,5,446,14.87,4203.93,High Value,14.651773981603153,286.922935426009,3443.0752251121085,High Value,Repeat Customer
18080.0,1231.5,2,642,615.75,2,223,7.43,1231.5,Medium Value,7.3258869908015765,168.10251121076234,2017.230134529148,Medium Value,Repeat Customer
18081.0,343.45,3,195,114.48333333333333,3,97,3.23,343.45,Low Value,3.1865965834428382,107.77956701030928,1293.3548041237113,Low Value,Repeat Customer
18082.0,680.84,1,608,680.84,1,0,0.0,680.84,Medium Value,1.0,680.84,8170.08,High Value,Single Purchase
18083.0,463.53,1,268,463.53,1,0,0.0,463.53,Medium Value,1.0,463.53,5562.36,High Value,Single Purchase
18084.0,795.2299999999999,3,755,265.07666666666665,3,372,12.4,795.23,Medium Value,12.220762155059132,65.07204623655913,780.8645548387096,Low Value,Repeat Customer
18085.0,1341.8500000000001,4,507,335.46250000000003,4,298,9.93,1341.8500000000001,Medium Value,9.789750328515112,137.06682550335572,1644.8019060402685,Medium Value,Repeat Customer
18086.0,101.34,1,106,101.34,1,0,0.0,101.34,Low Value,1.0,101.34,1216.08,Low Value,Single Purchase
18087.0,14761.519999999999,17,7775,868.3247058823529,17,640,21.33,14761.519999999999,High Value,21.02496714848883,702.094795,8425.13754,High Value,Repeat Customer
18088.0,166.03,1,107,166.03,1,0,0.0,166.03,Low Value,1.0,166.03,1992.3600000000001,Medium Value,Single Purchase
18089.0,428.45,1,95,428.45,1,0,0.0,428.45,Low Value,1.0,428.45,5141.4,High Value,Single Purchase
18090.0,321.9,1,307,321.9,1,0,0.0,321.9,Low Value,1.0,321.9,3862.7999999999997,High Value,Single Purchase
18091.0,360.85,1,539,360.85,1,0,0.0,360.85,Low Value,1.0,360.85,4330.200000000001,High Value,Single Purchase
18092.0,14693.72,18,8298,816.3177777777778,18,733,24.43,14693.720000000001,High Value,24.080157687253614,610.2003230559345,7322.403876671215,High Value,Repeat Customer
18093.0,4452.71,8,3429,556.58875,8,525,17.5,4452.71,High Value,17.24704336399474,258.1723664761905,3098.068397714286,Medium Value,Repeat Customer
18094.0,6391.52,13,4164,491.65538461538466,13,619,20.63,6391.52,High Value,20.33508541392904,314.3099657512117,3771.7195890145404,High Value,Repeat Customer
18095.0,2303.09,5,1623,460.61800000000005,5,286,9.53,2303.09,High Value,9.395532194480946,245.12608251748253,2941.5129902097906,Medium Value,Repeat Customer
18096.0,1657.87,6,1409,276.31166666666667,6,501,16.7,1657.87,High Value,16.45860709592641,100.72966626746508,1208.755995209581,Low Value,Repeat Customer
18097.0,4627.92,11,2716,420.72,11,715,23.83,4627.92,High Value,23.488830486202364,197.0264123076923,2364.3169476923076,Medium Value,Repeat Customer
18098.0,527.94,1,215,527.94,1,0,0.0,527.94,Medium Value,1.0,527.94,6335.280000000001,High Value,Single Purchase
18099.0,168.31,1,149,168.31,1,0,0.0,168.31,Low Value,1.0,168.31,2019.72,Medium Value,Single Purchase
18100.0,451.56,1,440,451.56,1,0,0.0,451.56,Low Value,1.0,451.56,5418.72,High Value,Single Purchase
18101.0,622.01,5,247,124.402,5,662,22.07,622.01,Medium Value,21.747700394218132,28.60118489425982,343.21421873111785,Low Value,Repeat Customer
18102.0,580987.04,145,181645,4006.8071724137935,145,738,24.6,580987.04,High Value,24.24441524310118,23963.74728672087,287564.96744065045,High Value,Repeat Customer
18103.0,105.8,1,23,105.8,1,0,0.0,105.8,Low Value,1.0,105.8,1269.6,Low Value,Single Purchase
18104.0,754.64,1,362,754.64,1,0,0.0,754.64,Medium Value,1.0,754.64,9055.68,High Value,Single Purchase
18105.0,113.48000000000002,1,46,113.48000000000002,1,0,0.0,113.48000000000002,Low Value,1.0,113.48000000000002,1361.7600000000002,Low Value,Single Purchase
18106.0,1441.06,6,506,240.17666666666665,6,364,12.13,1441.06,Medium Value,11.957950065703022,120.51062197802197,1446.1274637362637,Low Value,Repeat Customer
18107.0,165.88,1,65,165.88,1,0,0.0,165.88,Low Value,1.0,165.88,1990.56,Medium Value,Single Purchase
18108.0,848.8100000000001,3,261,282.93666666666667,3,483,16.1,848.81,Medium Value,15.867279894875164,53.49436107660456,641.9323329192548,Low Value,Repeat Customer
18109.0,9555.71,38,4822,251.46605263157892,38,524,17.47,9555.71,High Value,17.21419185282523,555.1065122137404,6661.278146564885,High Value,Repeat Customer
18110.0,392.28000000000003,2,169,196.14000000000001,2,391,13.03,392.28000000000003,Low Value,12.844940867279893,30.539650127877245,366.4758015345269,Low Value,Repeat Customer
18111.0,405.85,1,232,405.85,1,0,0.0,405.85,Low Value,1.0,405.85,4870.200000000001,High Value,Single Purchase
18112.0,773.36,4,443,193.34,4,539,17.97,773.36,Medium Value,17.706964520367936,43.675470129870135,524.1056415584417,Low Value,Repeat Customer
18113.0,76.32000000000001,1,72,76.32000000000001,1,0,0.0,76.32000000000001,Low Value,1.0,76.32000000000001,915.8400000000001,Low Value,Single Purchase
18114.0,220.1,1,55,220.1,1,0,0.0,220.1,Low Value,1.0,220.1,2641.2,Medium Value,Single Purchase
18115.0,9.700000000000001,1,3,9.700000000000001,1,0,0.0,9.700000000000001,Low Value,1.0,9.700000000000001,116.4,Low Value,Single Purchase
18116.0,2134.4900000000002,13,1267,164.19153846153847,13,343,11.43,2134.4900000000002,High Value,11.268068331143231,189.42820874635572,2273.1385049562687,Medium Value,Repeat Customer
18117.0,315.65,1,605,315.65,1,0,0.0,315.65,Low Value,1.0,315.65,3787.7999999999997,High Value,Single Purchase
18118.0,6221.02,29,3184,214.51793103448279,29,370,12.33,6221.02,High Value,12.155059132720105,511.8049967567568,6141.659961081082,High Value,Repeat Customer
18119.0,180.7,1,124,180.7,1,0,0.0,180.7,Low Value,1.0,180.7,2168.3999999999996,Medium Value,Single Purchase
18120.0,111.15,1,31,111.15,1,0,0.0,111.15,Low Value,1.0,111.15,1333.8000000000002,Low Value,Single Purchase
18121.0,653.3,2,438,326.65,2,5,0.17,653.3,Medium Value,1.0,653.3,7839.599999999999,High Value,Repeat Customer
18122.0,1793.06,6,1225,298.8433333333333,6,142,4.73,1793.06,High Value,4.664914586070959,384.37145352112674,4612.457442253521,High Value,Repeat Customer
18123.0,666.64,3,616,222.21333333333334,3,489,16.3,666.64,Medium Value,16.064388961892245,41.497999182004094,497.9759901840491,Low Value,Repeat Customer
18124.0,102.65,1,47,102.65,1,0,0.0,102.65,Low Value,1.0,102.65,1231.8000000000002,Low Value,Single Purchase
18125.0,1131.75,4,800,282.9375,4,286,9.53,1131.75,Medium Value,9.395532194480946,120.45618881118881,1445.4742657342658,Low Value,Repeat Customer
18126.0,200.92000000000002,1,135,200.92000000000002,1,0,0.0,200.92000000000002,Low Value,1.0,200.92000000000002,2411.04,Medium Value,Single Purchase
18127.0,556.13,4,250,139.0325,4,384,12.8,556.13,Medium Value,12.614980289093298,44.084888541666665,529.0186625,Low Value,Repeat Customer
18128.0,399.29,1,216,399.29,1,0,0.0,399.29,Low Value,1.0,399.29,4791.4800000000005,High Value,Single Purchase
18129.0,112.55000000000001,1,48,112.55000000000001,1,0,0.0,112.55000000000001,Low Value,1.0,112.55000000000001,1350.6000000000001,Low Value,Single Purchase
18130.0,1059.39,3,824,353.13000000000005,3,41,1.37,1059.39,Medium Value,1.3469119579500657,786.5324780487806,9438.389736585366,High Value,Repeat Customer
18131.0,222.95999999999998,1,552,222.95999999999998,1,0,0.0,222.95999999999998,Low Value,1.0,222.95999999999998,2675.5199999999995,Medium Value,Single Purchase
18132.0,220.13,1,212,220.13,1,0,0.0,220.13,Low Value,1.0,220.13,2641.56,Medium Value,Single Purchase
18133.0,931.4999999999999,1,1350,931.4999999999999,1,0,0.0,931.4999999999999,Medium Value,1.0,931.4999999999999,11177.999999999998,High Value,Single Purchase
18134.0,445.0,2,128,222.5,2,96,3.2,445.0,Low Value,3.1537450722733245,141.10208333333333,1693.225,Medium Value,Repeat Customer
18135.0,1249.6200000000001,10,753,124.96200000000002,10,605,20.17,1249.6200000000001,Medium Value,19.87516425755585,62.8734426446281,754.4813117355372,Low Value,Repeat Customer
18136.0,1631.3600000000001,5,860,326.27200000000005,5,387,12.9,1631.3600000000001,High Value,12.713534822601838,128.31679173126616,1539.801500775194,Medium Value,Repeat Customer
18137.0,145.99,2,59,72.995,2,0,0.0,145.99,Low Value,1.0,145.99,1751.88,Medium Value,Repeat Customer
18138.0,152.65,1,38,152.65,1,0,0.0,152.65,Low Value,1.0,152.65,1831.8000000000002,Medium Value,Single Purchase
18139.0,8438.34,6,5557,1406.39,6,0,0.0,8438.34,High Value,1.0,8438.34,101260.08,High Value,Repeat Customer
18140.0,536.41,1,395,536.41,1,0,0.0,536.41,Medium Value,1.0,536.41,6436.92,High Value,Single Purchase
18141.0,882.47,2,433,441.235,2,187,6.23,882.47,Medium Value,6.14323258869908,143.64912727272727,1723.7895272727274,Medium Value,Repeat Customer
18142.0,1019.52,2,1276,509.76,2,58,1.93,1019.52,Medium Value,1.9053876478318001,535.0722206896552,6420.866648275862,High Value,Repeat Customer
18143.0,1000.16,2,570,500.08,2,25,0.83,1000.16,Medium Value,1.0,1000.16,12001.92,High Value,Repeat Customer
18144.0,4892.95,19,2144,257.5236842105263,19,715,23.83,4892.95,High Value,23.488830486202364,208.30964755244756,2499.7157706293706,Medium Value,Repeat Customer
18145.0,5609.74,11,5104,509.9763636363636,11,718,23.93,5609.74,High Value,23.587385019710904,237.82797437325908,2853.935692479109,Medium Value,Repeat Customer
18146.0,160.35000000000002,2,153,80.17500000000001,2,79,2.63,160.35000000000002,Low Value,2.59526938239159,61.78549367088608,741.4259240506331,Low Value,Repeat Customer
18147.0,179.33999999999997,2,203,89.66999999999999,2,62,2.07,179.33999999999997,Low Value,2.0367936925098555,88.05015483870966,1056.601858064516,Low Value,Repeat Customer
18148.0,112.85000000000001,1,63,112.85000000000001,1,0,0.0,112.85000000000001,Low Value,1.0,112.85000000000001,1354.2,Low Value,Single Purchase
18149.0,1553.96,7,869,221.99428571428572,7,584,19.47,1553.96,Medium Value,19.185282522996058,80.99750410958904,971.9700493150685,Low Value,Repeat Customer
18150.0,566.58,3,332,188.86,3,169,5.63,566.58,Medium Value,5.551905387647832,102.05145088757398,1224.6174106508877,Low Value,Repeat Customer
18151.0,1879.44,6,986,313.24,6,511,17.03,1879.44,High Value,16.78712220762155,111.95724774951077,1343.4869729941292,Low Value,Repeat Customer
18152.0,426.69,1,75,426.69,1,0,0.0,426.69,Low Value,1.0,426.69,5120.28,High Value,Single Purchase
18153.0,246.22,1,200,246.22,1,0,0.0,246.22,Low Value,1.0,246.22,2954.64,Medium Value,Single Purchase
18154.0,932.6,5,626,186.52,5,487,16.23,932.6,Medium Value,15.99868593955322,58.29228747433265,699.5074496919918,Low Value,Repeat Customer
18155.0,371.62,3,266,123.87333333333333,3,216,7.2,371.62,Low Value,7.09592641261498,52.3708925925926,628.4507111111111,Low Value,Repeat Customer
18156.0,675.64,2,283,337.82,2,356,11.87,675.64,Medium Value,11.695137976346912,57.771015730337076,693.252188764045,Low Value,Repeat Customer
18157.0,213.9,1,145,213.9,1,0,0.0,213.9,Low Value,1.0,213.9,2566.8,Medium Value,Single Purchase
18158.0,453.4,2,354,226.7,2,79,2.63,453.4,Low Value,2.59526938239159,174.7024810126582,2096.4297721518988,Medium Value,Repeat Customer
18159.0,530.15,1,139,530.15,1,0,0.0,530.15,Medium Value,1.0,530.15,6361.799999999999,High Value,Single Purchase
18160.0,1003.88,3,519,334.62666666666667,3,328,10.93,1003.88,Medium Value,10.775295663600525,93.16496097560976,1117.9795317073172,Low Value,Repeat Customer
18161.0,1803.1000000000001,6,965,300.5166666666667,6,364,12.13,1803.1000000000004,High Value,11.957950065703022,150.7867142857143,1809.4405714285717,Medium Value,Repeat Customer
18162.0,371.51,1,332,371.51,1,0,0.0,371.51,Low Value,1.0,371.51,4458.12,High Value,Single Purchase
18163.0,728.84,1,452,728.84,1,0,0.0,728.84,Medium Value,1.0,728.84,8746.08,High Value,Single Purchase
18164.0,399.65000000000003,1,184,399.65000000000003,1,0,0.0,399.65000000000003,Low Value,1.0,399.65000000000003,4795.8,High Value,Single Purchase
18165.0,302.46000000000004,1,254,302.46000000000004,1,0,0.0,302.46000000000004,Low Value,1.0,302.46000000000004,3629.5200000000004,High Value,Single Purchase
18166.0,175.5,1,90,175.5,1,0,0.0,175.5,Low Value,1.0,175.5,2106.0,Medium Value,Single Purchase
18167.0,1384.8600000000001,3,382,461.62000000000006,3,82,2.73,1384.8600000000001,Medium Value,2.6938239159001314,514.0870536585367,6169.04464390244,High Value,Repeat Customer
18168.0,3435.5,16,1995,214.71875,16,560,18.67,3435.5,High Value,18.396846254927727,186.74396428571427,2240.9275714285714,Medium Value,Repeat Customer
18169.0,202.65,1,61,202.65,1,0,0.0,202.65,Low Value,1.0,202.65,2431.8,Medium Value,Single Purchase
18170.0,2878.0,9,1184,319.77777777777777,9,667,22.23,2878.0,High Value,21.911957950065702,131.34380809595203,1576.1256971514244,Medium Value,Repeat Customer
18171.0,2437.31,9,991,270.8122222222222,9,644,21.47,2437.31,High Value,21.156373193166885,115.20452857142857,1382.4543428571428,Low Value,Repeat Customer
18172.0,17467.24,52,7407,335.90846153846155,52,714,23.8,17467.24,High Value,23.45597897503285,744.6817725490198,8936.181270588237,High Value,Repeat Customer
18173.0,2696.36,5,1730,539.272,5,526,17.53,2696.36,High Value,17.279894875164256,156.04030114068442,1872.4836136882132,Medium Value,Repeat Customer
18174.0,162.5,2,80,81.25,2,596,19.87,162.5,Low Value,19.579500657030223,8.299496644295301,99.5939597315436,Low Value,Repeat Customer
18175.0,176.1,1,70,176.1,1,0,0.0,176.1,Low Value,1.0,176.1,2113.2,Medium Value,Single Purchase
18176.0,476.35,1,283,476.35,1,0,0.0,476.35,Medium Value,1.0,476.35,5716.200000000001,High Value,Single Purchase
18177.0,2216.32,9,1238,246.2577777777778,9,692,23.07,2216.32,High Value,22.733245729303547,97.49245780346821,1169.9094936416186,Low Value,Repeat Customer
18178.0,6103.74,11,3850,554.8854545454545,11,530,17.67,6103.74,High Value,17.41130091984231,350.56197283018867,4206.743673962264,High Value,Repeat Customer
18179.0,2547.55,8,1811,318.44375,8,654,21.8,2547.55,High Value,21.48488830486202,118.5740397553517,1422.8884770642205,Low Value,Repeat Customer
18180.0,1843.75,6,1721,307.2916666666667,6,137,4.57,1843.75,High Value,4.50065703022339,409.6624087591241,4915.94890510949,High Value,Repeat Customer
18181.0,1188.34,5,510,237.66799999999998,5,710,23.67,1188.34,Medium Value,23.324572930354794,50.947985352112674,611.3758242253521,Low Value,Repeat Customer
18182.0,291.13,1,167,291.13,1,0,0.0,291.13,Low Value,1.0,291.13,3493.56,High Value,Single Purchase
18183.0,632.07,2,371,316.035,2,47,1.57,632.07,Medium Value,1.5440210249671484,409.3661872340426,4912.3942468085115,High Value,Repeat Customer
18184.0,49.8,1,60,49.8,1,0,0.0,49.8,Low Value,1.0,49.8,597.5999999999999,Low Value,Single Purchase
18185.0,304.25,1,183,304.25,1,0,0.0,304.25,Low Value,1.0,304.25,3651.0,High Value,Single Purchase
18186.0,329.58,1,338,329.58,1,0,0.0,329.58,Low Value,1.0,329.58,3954.96,High Value,Single Purchase
18187.0,724.89,1,310,724.89,1,0,0.0,724.89,Medium Value,1.0,724.89,8698.68,High Value,Single Purchase
18188.0,3280.59,6,1888,546.765,6,608,20.27,3280.59,High Value,19.97371879106439,164.2453282894737,1970.9439394736842,Medium Value,Repeat Customer
18189.0,1403.73,3,836,467.91,3,548,18.27,1403.73,Medium Value,18.00262812089356,77.97361532846715,935.6833839416058,Low Value,Repeat Customer
18190.0,745.62,5,490,149.124,5,525,17.5,745.62,Medium Value,17.24704336399474,43.23175771428572,518.7810925714286,Low Value,Repeat Customer
18191.0,529.4,2,332,264.7,2,215,7.17,529.4,Medium Value,7.063074901445466,74.95319069767442,899.438288372093,Low Value,Repeat Customer
18192.0,957.97,1,339,957.97,1,0,0.0,957.97,Medium Value,1.0,957.97,11495.64,High Value,Single Purchase
18193.0,1207.35,3,926,402.45,3,277,9.23,1207.35,Medium Value,9.099868593955321,132.67774007220217,1592.1328808664261,Medium Value,Repeat Customer
18194.0,4162.04,6,1774,693.6733333333333,6,597,19.9,4162.04,High Value,19.612352168199735,212.21523886097154,2546.5828663316584,Medium Value,Repeat Customer
18195.0,101.16,1,60,101.16,1,0,0.0,101.16,Low Value,1.0,101.16,1213.92,Low Value,Single Purchase
18196.0,1457.19,4,1038,364.2975,4,537,17.9,1457.19,Medium Value,17.641261498028907,82.60123575418996,991.2148290502795,Low Value,Repeat Customer
18197.0,230.1,1,166,230.1,1,0,0.0,230.1,Low Value,1.0,230.1,2761.2,Medium Value,Single Purchase
18198.0,5425.56,17,4074,319.15058823529415,17,332,11.07,5425.56,High Value,10.90670170827858,497.4519469879518,5969.4233638554215,High Value,Repeat Customer
18199.0,344.75,1,99,344.75,1,0,0.0,344.75,Low Value,1.0,344.75,4137.0,High Value,Single Purchase
18200.0,150.35,1,104,150.35,1,0,0.0,150.35,Low Value,1.0,150.35,1804.1999999999998,Medium Value,Single Purchase
18201.0,447.53000000000003,1,191,447.53000000000003,1,0,0.0,447.53000000000003,Low Value,1.0,447.53000000000003,5370.360000000001,High Value,Single Purchase
18202.0,1396.99,3,581,465.66333333333336,3,111,3.7,1396.99,Medium Value,3.6465177398160313,383.1024828828829,4597.229794594595,High Value,Repeat Customer
18203.0,492.52,4,111,123.13,4,573,19.1,492.52,Medium Value,18.823915900131404,26.164587783595117,313.9750534031414,Low Value,Repeat Customer
18204.0,1975.35,3,1190,658.4499999999999,3,121,4.03,1975.35,High Value,3.9750328515111693,496.9392892561984,5963.27147107438,High Value,Repeat Customer
18205.0,517.36,2,192,258.68,2,38,1.27,517.36,Medium Value,1.2483574244415243,414.43258947368423,4973.191073684211,High Value,Repeat Customer
18206.0,314.65999999999997,1,246,314.65999999999997,1,0,0.0,314.65999999999997,Low Value,1.0,314.65999999999997,3775.9199999999996,High Value,Single Purchase
18207.0,544.47,1,325,544.47,1,0,0.0,544.47,Medium Value,1.0,544.47,6533.64,High Value,Single Purchase
18208.0,360.08,1,82,360.08,1,0,0.0,360.08,Low Value,1.0,360.08,4320.96,High Value,Single Purchase
18209.0,139.10000000000002,1,58,139.10000000000002,1,0,0.0,139.10000000000002,Low Value,1.0,139.10000000000002,1669.2000000000003,Medium Value,Single Purchase
18210.0,2768.83,7,1499,395.54714285714283,7,381,12.7,2768.83,High Value,12.516425755584756,221.21570918635172,2654.588510236221,Medium Value,Repeat Customer
18211.0,600.07,5,359,120.01400000000001,5,252,8.4,600.07,Medium Value,8.278580814717477,72.48464603174604,869.8157523809525,Low Value,Repeat Customer
18212.0,514.37,2,158,257.185,2,351,11.7,514.37,Medium Value,11.530880420499342,44.60804216524217,535.296505982906,Low Value,Repeat Customer
18213.0,232.48000000000002,1,232,232.48000000000002,1,0,0.0,232.48000000000002,Low Value,1.0,232.48000000000002,2789.76,Medium Value,Single Purchase
18214.0,1780.34,4,989,445.085,4,23,0.77,1780.34,High Value,1.0,1780.34,21364.079999999998,High Value,Repeat Customer
18215.0,2232.4900000000002,5,1131,446.49800000000005,5,534,17.8,2232.4900000000002,High Value,17.542706964520367,127.26029138576781,1527.1234966292138,Medium Value,Repeat Customer
18216.0,481.75,1,200,481.75,1,0,0.0,481.75,Medium Value,1.0,481.75,5781.0,High Value,Single Purchase
18217.0,945.04,4,740,236.26,4,496,16.53,945.04,Medium Value,16.294349540078844,57.9980193548387,695.9762322580644,Low Value,Repeat Customer
18218.0,1121.84,4,1028,280.46,4,448,14.93,1121.84,Medium Value,14.71747700394218,76.22502142857142,914.700257142857,Low Value,Repeat Customer
18219.0,3352.7000000000003,17,1586,197.21764705882356,17,729,24.3,3352.7000000000007,High Value,23.94875164257556,139.99477091906724,1679.9372510288067,Medium Value,Repeat Customer
18220.0,1921.76,6,1352,320.29333333333335,6,497,16.57,1921.7600000000002,High Value,16.327201051248355,117.7029665995976,1412.435599195171,Low Value,Repeat Customer
18221.0,1424.94,6,1000,237.49,6,367,12.23,1424.94,Medium Value,12.056504599211562,118.18848392370573,1418.2618070844687,Low Value,Repeat Customer
18222.0,443.0,1,335,443.0,1,0,0.0,443.0,Low Value,1.0,443.0,5316.0,High Value,Single Purchase
18223.0,14000.85,26,6644,538.4942307692307,26,730,24.33,14000.849999999999,High Value,23.98160315374507,583.8162657534248,7005.795189041097,High Value,Repeat Customer
18224.0,158.95000000000002,1,69,158.95000000000002,1,0,0.0,158.95000000000002,Low Value,1.0,158.95000000000002,1907.4,Medium Value,Single Purchase
18225.0,13014.8,26,7282,500.5692307692307,26,731,24.37,13014.8,High Value,24.014454664914584,541.956924760602,6503.483097127224,High Value,Repeat Customer
18226.0,11878.88,26,7883,456.88,26,600,20.0,11878.88,High Value,19.71090670170828,602.6551786666666,7231.862144,High Value,Repeat Customer
18227.0,388.75,2,22,194.375,2,266,8.87,388.75,Low Value,8.73850197109067,44.48703007518797,533.8443609022556,Low Value,Repeat Customer
18228.0,779.9,2,238,389.95,2,22,0.73,779.9,Medium Value,1.0,779.9,9358.8,High Value,Repeat Customer
18229.0,10150.51,28,3071,362.5182142857143,28,724,24.13,10150.51,High Value,23.78449408672799,426.7700613259669,5121.240735911602,High Value,Repeat Customer
18230.0,4291.06,9,1996,476.7844444444445,9,516,17.2,4291.06,High Value,16.95137976346912,253.13927596899225,3037.671311627907,Medium Value,Repeat Customer
18231.0,6854.17,28,2915,244.7917857142857,28,506,16.87,6854.17,High Value,16.62286465177398,412.33386324110677,4948.006358893281,High Value,Repeat Customer
18232.0,592.97,4,302,148.2425,4,115,3.83,592.97,Medium Value,3.7779237844940865,156.95658086956524,1883.478970434783,Medium Value,Repeat Customer
18233.0,440.0,1,4,440.0,1,0,0.0,440.0,Low Value,1.0,440.0,5280.0,High Value,Single Purchase
18234.0,179.6,1,80,179.6,1,0,0.0,179.6,Low Value,1.0,179.6,2155.2,Medium Value,Single Purchase
18235.0,1796.48,3,1578,598.8266666666667,3,145,4.83,1796.48,High Value,4.763469119579501,377.1369048275862,4525.642857931034,High Value,Repeat Customer
18236.0,1795.3500000000001,12,696,149.6125,12,573,19.1,1795.3500000000001,High Value,18.823915900131404,95.37601047120421,1144.5121256544505,Low Value,Repeat Customer
18237.0,987.1,5,622,197.42000000000002,5,131,4.37,987.1000000000001,Medium Value,4.303547963206308,229.3688854961832,2752.4266259541982,Medium Value,Repeat Customer
18238.0,270.92,1,114,270.92,1,0,0.0,270.92,Low Value,1.0,270.92,3251.04,Medium Value,Single Purchase
18239.0,1712.26,6,844,285.37666666666667,6,204,6.8,1712.26,High Value,6.701708278580814,255.49605098039217,3065.952611764706,Medium Value,Repeat Customer
18240.0,422.58,1,126,422.58,1,0,0.0,422.58,Low Value,1.0,422.58,5070.96,High Value,Single Purchase
18241.0,2986.9900000000002,21,1471,142.23761904761906,21,608,20.27,2986.9900000000002,High Value,19.97371879106439,149.54601250000002,1794.5521500000002,Medium Value,Repeat Customer
18242.0,3605.21,8,2021,450.65125,8,625,20.83,3605.21,High Value,20.532194480946124,175.58814784,2107.05777408,Medium Value,Repeat Customer
18243.0,515.78,1,221,515.78,1,0,0.0,515.78,Medium Value,1.0,515.78,6189.36,High Value,Single Purchase
18244.0,568.64,2,856,284.32,2,72,2.4,568.64,Medium Value,2.3653088042049935,240.40835555555554,2884.9002666666665,Medium Value,Repeat Customer
18245.0,6324.9800000000005,20,5098,316.249,20,633,21.1,6324.9800000000005,High Value,20.795006570302235,304.1585958925751,3649.903150710901,High Value,Repeat Customer
18246.0,758.8199999999999,3,214,252.93999999999997,3,586,19.53,758.8199999999999,Medium Value,19.250985545335084,39.41720273037543,473.0064327645051,Low Value,Repeat Customer
18247.0,839.73,3,335,279.91,3,216,7.2,839.73,Medium Value,7.09592641261498,118.33972777777778,1420.0767333333333,Low Value,Repeat Customer
18248.0,804.02,2,511,402.01,2,63,2.1,804.02,Medium Value,2.0696452036793693,388.4820444444444,4661.784533333333,High Value,Repeat Customer
18249.0,95.34,1,128,95.34,1,0,0.0,95.34,Low Value,1.0,95.34,1144.08,Low Value,Single Purchase
18250.0,349.27,1,199,349.27,1,0,0.0,349.27,Low Value,1.0,349.27,4191.24,High Value,Single Purchase
18251.0,26278.86,9,39639,2919.8733333333334,9,630,21.0,26278.86,High Value,20.69645203679369,1269.7277752380953,15236.733302857145,High Value,Repeat Customer
18252.0,1533.69,7,932,219.09857142857143,7,670,22.33,1533.69,Medium Value,22.010512483574242,69.67988597014926,836.1586316417911,Low Value,Repeat Customer
18253.0,317.88,1,128,317.88,1,0,0.0,317.88,Low Value,1.0,317.88,3814.56,High Value,Single Purchase
18254.0,267.9,1,188,267.9,1,0,0.0,267.9,Low Value,1.0,267.9,3214.7999999999997,Medium Value,Single Purchase
18255.0,303.15,2,201,151.575,2,366,12.2,303.15,Low Value,12.02365308804205,25.212803278688522,302.55363934426225,Low Value,Repeat Customer
18256.0,110.7,1,180,110.7,1,0,0.0,110.7,Low Value,1.0,110.7,1328.4,Low Value,Single Purchase
18257.0,4600.15,12,2369,383.3458333333333,12,619,20.63,4600.15,High Value,20.33508541392904,226.2173925686591,2714.6087108239094,Medium Value,Repeat Customer
18258.0,2059.67,6,1981,343.27833333333336,6,108,3.6,2059.67,High Value,3.54796320630749,580.5218037037038,6966.261644444445,High Value,Repeat Customer
18259.0,3941.9,7,1274,563.1285714285715,7,707,23.57,3941.9000000000005,High Value,23.226018396846253,169.71914568599718,2036.629748231966,Medium Value,Repeat Customer
18260.0,9947.26,23,5244,432.4895652173913,23,551,18.37,9947.26,High Value,18.101182654402102,549.5364689655173,6594.437627586208,High Value,Repeat Customer
18261.0,324.24,2,146,162.12,2,52,1.73,324.24,Low Value,1.7082785808147174,189.8051076923077,2277.6612923076923,Medium Value,Repeat Customer
18262.0,577.54,3,552,192.51333333333332,3,462,15.4,577.54,Medium Value,15.177398160315374,38.052635497835496,456.63162597402595,Low Value,Repeat Customer
18263.0,1213.1599999999999,3,1468,404.3866666666666,3,226,7.53,1213.1599999999999,Medium Value,7.424441524310118,163.4008424778761,1960.8101097345132,Medium Value,Repeat Customer
18264.0,603.25,1,241,603.25,1,0,0.0,603.25,Medium Value,1.0,603.25,7239.0,High Value,Single Purchase
18265.0,801.51,2,311,400.755,2,85,2.83,801.51,Medium Value,2.7923784494086727,287.0348752941176,3444.4185035294113,High Value,Repeat Customer
18266.0,251.1,1,138,251.1,1,0,0.0,251.1,Low Value,1.0,251.1,3013.2,Medium Value,Single Purchase
18267.0,269.37,1,135,269.37,1,0,0.0,269.37,Low Value,1.0,269.37,3232.44,Medium Value,Single Purchase
18268.0,1490.23,6,711,248.37166666666667,6,594,19.8,1490.23,Medium Value,19.513797634691194,76.36801548821549,916.4161858585859,Low Value,Repeat Customer
18269.0,168.6,1,76,168.6,1,0,0.0,168.6,Low Value,1.0,168.6,2023.1999999999998,Medium Value,Single Purchase
18270.0,444.55,3,209,148.18333333333334,3,394,13.13,444.55,Low Value,12.943495400788436,34.345436548223354,412.1452385786803,Low Value,Repeat Customer
18271.0,680.85,2,319,340.425,2,121,4.03,680.85,Medium Value,3.9750328515111693,171.28160330578515,2055.3792396694216,Medium Value,Repeat Customer
18272.0,4385.9800000000005,9,2880,487.33111111111117,9,642,21.4,4385.9800000000005,High Value,21.090670170827856,207.9583040498443,2495.4996485981314,Medium Value,Repeat Customer
18273.0,357.0,4,140,89.25,4,588,19.6,357.0,Low Value,19.316688567674113,18.48142857142857,221.77714285714285,Low Value,Repeat Customer
18274.0,175.92,1,88,175.92,1,0,0.0,175.92,Low Value,1.0,175.92,2111.04,Medium Value,Single Purchase
18275.0,741.85,2,417,370.925,2,152,5.07,741.85,Medium Value,4.993429697766097,148.56522368421054,1782.7826842105264,Medium Value,Repeat Customer
18276.0,1656.52,6,1246,276.08666666666664,6,685,22.83,1656.52,High Value,22.503285151116952,73.61236321167883,883.3483585401459,Low Value,Repeat Customer
18277.0,1180.05,5,449,236.01,5,436,14.53,1180.05,Medium Value,14.323258869908015,82.38697706422019,988.6437247706423,Low Value,Repeat Customer
18278.0,414.20000000000005,2,140,207.10000000000002,2,330,11.0,414.20000000000005,Low Value,10.840998685939553,38.206812121212124,458.4817454545455,Low Value,Repeat Customer
18279.0,231.33999999999997,1,630,231.33999999999997,1,0,0.0,231.33999999999997,Low Value,1.0,231.33999999999997,2776.08,Medium Value,Single Purchase
18280.0,488.15000000000003,2,194,244.07500000000002,2,116,3.87,488.15000000000003,Medium Value,3.8107752956636003,128.0972931034483,1537.1675172413795,Medium Value,Repeat Customer
18281.0,201.14,2,146,100.57,2,397,13.23,201.14,Low Value,13.042049934296976,15.422422166246852,185.06906599496222,Low Value,Repeat Customer
18282.0,178.05,2,103,89.025,2,118,3.93,178.05,Low Value,3.876478318002628,45.93086440677967,551.170372881356,Low Value,Repeat Customer
18283.0,2664.9,22,1679,121.13181818181819,22,654,21.8,2664.9,High Value,21.48488830486202,124.03601834862387,1488.4322201834864,Medium Value,Repeat Customer
18284.0,461.68,1,494,461.68,1,0,0.0,461.68,Low Value,1.0,461.68,5540.16,High Value,Single Purchase
18285.0,427.0,1,145,427.0,1,0,0.0,427.0,Low Value,1.0,427.0,5124.0,High Value,Single Purchase
18286.0,1296.43,2,608,648.215,2,247,8.23,1296.43,Medium Value,8.114323258869907,159.77056356275307,1917.2467627530368,Medium Value,Repeat Customer
18287.0,4182.99,7,3013,597.5699999999999,7,528,17.6,4182.99,High Value,17.345597897503286,241.15571136363636,2893.8685363636364,Medium Value,Repeat Customer
